date,smm,raw_smm,zone,tier_timing,tier_valuation,tier_sentiment,tier_rotation,tier_miner,tier_macro
2013-01-01,31.4,31.4,Neutral,73.3,0,,,0,0
2013-01-02,30.1,30.1,Neutral,54.7,0,,,25,42.9
2013-01-03,31.2,31.2,Neutral,54.6,0,,,33.3,42.9
2013-01-04,42.2,41.5,Neutral,71.4,0,,,50,52.4
2013-01-05,33.8,33.8,Neutral,67.1,0,,,10,50
2013-01-06,34.7,34.7,Neutral,64.6,0,,,25,48.6
2013-01-07,34.1,34.1,Neutral,62.9,0,,,28.6,42.9
2013-01-08,80.2,62.1,Distribution,76.5,62.5,,,33.3,30.6
2013-01-09,85.2,64.2,Cycle Top,73.9,66.7,,,40.7,41.1
2013-01-10,93.4,75.8,Cycle Top,71.8,90,,,60,60.3
2013-01-11,90.3,71.4,Cycle Top,69.9,81.8,,,54.5,61.4
2013-01-12,83.3,63.3,Distribution,68.4,66.7,,,41.7,59.7
2013-01-13,38.7,38.7,Neutral,64.7,7.7,,,28.2,58.3
2013-01-14,86.2,65.7,Cycle Top,72.5,71.4,,,40.5,46.2
2013-01-15,87.6,67.7,Cycle Top,71.3,80,,,40,39.8
2013-01-16,92.9,75.1,Cycle Top,70.3,93.8,,,58.3,44.8
2013-01-17,92.1,73.9,Cycle Top,69.4,94.1,,,51,45.5
2013-01-18,91.9,73.6,Cycle Top,68.5,94.4,,,50,47.1
2013-01-19,89.7,70.6,Cycle Top,67.5,84.2,,,57.9,46.8
2013-01-20,88,68.2,Cycle Top,68.3,85,,,36.7,46.6
2013-01-21,90.5,71.7,Cycle Top,69.1,95.2,,,33.3,46.4
2013-01-22,91.2,72.7,Cycle Top,68.5,95.5,,,40.9,48.3
2013-01-23,93.5,75.9,Cycle Top,67.9,95.7,,,60.9,54.5
2013-01-24,89.7,70.6,Cycle Top,64.9,87.5,,,56.9,47.8
2013-01-25,93.4,75.7,Cycle Top,68,96,,,57.3,57.7
2013-01-26,90.5,71.6,Cycle Top,67.5,84.6,,,59,57.1
2013-01-27,92.7,74.7,Cycle Top,68,92.6,,,59.3,56.6
2013-01-28,93,75.2,Cycle Top,67.6,96.4,,,57.1,51.3
2013-01-29,93.9,76.4,Cycle Top,67.1,96.6,,,62.1,60.2
2013-01-30,90.1,71.1,Cycle Top,66.8,93.3,,,41.1,45.8
2013-01-31,92.8,74.9,Cycle Top,66.4,96.8,,,59.1,48.1
2013-02-01,93.1,75.4,Cycle Top,65.9,93.8,,,61.5,68.7
2013-02-02,91.4,72.9,Cycle Top,62.5,90.9,,,61.6,67.9
2013-02-03,91.4,73,Cycle Top,63.6,91.2,,,58.8,67.1
2013-02-04,88.6,69,Cycle Top,64.1,88.6,,,53.3,32.4
2013-02-05,94.5,77.3,Cycle Top,67.6,91.7,,,82.2,54.3
2013-02-06,94.3,77.1,Cycle Top,68.2,97.3,,,67.1,49.2
2013-02-07,97.1,80.1,Cycle Top,67.9,97.4,,,89.8,47.1
2013-02-08,97.6,80.6,Cycle Top,67.6,97.4,,,89,57.1
2013-02-09,96.6,79.6,Cycle Top,67.3,97.5,,,83.3,56.8
2013-02-10,96.3,79.3,Cycle Top,67,97.6,,,81.9,56.4
2013-02-11,97,80,Cycle Top,66.8,97.6,,,86.2,58.2
2013-02-12,96.8,79.8,Cycle Top,66.5,97.7,,,84.1,61.9
2013-02-13,96.3,79.3,Cycle Top,65.6,95.5,,,87.3,64.8
2013-02-14,95.8,78.8,Cycle Top,66.7,97.8,,,75.7,62.3
2013-02-15,96.3,79.3,Cycle Top,66.1,95.7,,,86.3,62.5
2013-02-16,96.1,79.1,Cycle Top,66.8,95.7,,,82.9,62.1
2013-02-17,92.1,73.9,Cycle Top,60.7,91.7,,,74.8,61.7
2013-02-18,93.2,75.4,Cycle Top,63.8,89.8,,,81.5,61.3
2013-02-19,97.9,80.9,Cycle Top,67.2,98,,,85.8,67.3
2013-02-20,96.7,79.7,Cycle Top,67,98,,,91.2,41.1
2013-02-21,95.9,78.9,Cycle Top,66.8,98.1,,,91.3,31.1
2013-02-22,96.5,79.5,Cycle Top,66.6,98.1,,,92,38.5
2013-02-23,91.7,73.4,Cycle Top,61.9,90.7,,,82.2,38.5
2013-02-24,91.3,72.8,Cycle Top,62.4,90.9,,,75.7,38.6
2013-02-25,93.9,76.4,Cycle Top,67,92.9,,,91,21.3
2013-02-26,95.1,78.1,Cycle Top,66.8,98.2,,,89.9,21.7
2013-02-27,95.8,78.8,Cycle Top,66.7,98.3,,,88.3,35.3
2013-02-28,95.8,78.8,Cycle Top,66.5,98.3,,,89.6,34
2013-03-01,97.6,80.6,Cycle Top,66.4,98.3,,,97.1,44.7
2013-03-02,95.8,78.8,Cycle Top,65.9,96.7,,,89.5,44.7
2013-03-03,94.6,77.4,Cycle Top,66.2,96.8,,,78.8,44.6
2013-03-04,97.6,80.6,Cycle Top,66.7,98.4,,,91.8,52.9
2013-03-05,97.6,80.6,Cycle Top,66.6,98.4,,,88.2,60.9
2013-03-06,98.7,81.7,Cycle Top,66.4,98.5,,,95.5,61.7
2013-03-07,97.9,80.9,Cycle Top,66,97,,,91.5,68.5
2013-03-08,97.3,80.3,Cycle Top,66.6,98.5,,,79.6,72.6
2013-03-09,98.1,81.1,Cycle Top,66.4,98.5,,,86.3,72.2
2013-03-10,97.9,80.9,Cycle Top,65.9,97.1,,,89.8,71.8
2013-03-11,97.9,80.9,Cycle Top,66.5,98.6,,,82.3,75.3
2013-03-12,94.8,77.7,Cycle Top,60.9,94.4,,,89.1,72.2
2013-03-13,97.1,80.1,Cycle Top,65.6,97.2,,,84.5,71.8
2013-03-14,95.3,78.3,Cycle Top,65.9,94.5,,,77.8,73.1
2013-03-15,94.1,76.7,Cycle Top,62.1,93.2,,,81.7,71.7
2013-03-16,90,71,Cycle Top,60.9,90.7,,,52.1,71.4
2013-03-17,91.2,72.7,Cycle Top,63.7,92.1,,,52.3,71
2013-03-18,94.2,76.8,Cycle Top,67.7,98.7,,,60.2,55.4
2013-03-19,95.3,78.3,Cycle Top,67.6,98.7,,,74.8,47.4
2013-03-20,94.2,76.9,Cycle Top,67.5,98.7,,,59.1,60.6
2013-03-21,95.1,78.1,Cycle Top,67.4,98.8,,,73.3,48.4
2013-03-22,95.9,78.9,Cycle Top,66.3,97.5,,,82.3,55.5
2013-03-23,92.6,74.6,Cycle Top,60.6,95.1,,,74.7,55.3
2013-03-24,94.7,77.6,Cycle Top,66.7,96.4,,,74.7,55.2
2013-03-25,96.2,79.2,Cycle Top,67.8,98.8,,,78.1,51.9
2013-03-26,97,80,Cycle Top,67.7,98.8,,,78.7,62
2013-03-27,98.4,81.4,Cycle Top,67.6,98.8,,,92.9,54.4
2013-03-28,98.2,81.2,Cycle Top,67.3,97.7,,,92.6,59.2
2013-03-29,98.6,81.6,Cycle Top,67.7,98.9,,,91.8,58.7
2013-03-30,98.8,81.8,Cycle Top,67.6,98.9,,,93.4,58.6
2013-03-31,96.6,79.6,Cycle Top,67.5,98.9,,,78.3,58.4
2013-04-01,90.8,72.2,Cycle Top,53.9,98.9,,,73.4,45.9
2013-04-02,96.8,79.8,Cycle Top,63.8,98.9,,,90.6,58.7
2013-04-03,97.7,80.7,Cycle Top,67.1,98.9,,,93.9,45
2013-04-04,98.3,81.3,Cycle Top,68.7,98.9,,,94,43
2013-04-05,96.9,79.9,Cycle Top,69.6,98.9,,,82.4,41.6
2013-04-06,93.3,75.7,Cycle Top,66.7,97.9,,,63.8,41.7
2013-04-07,97.2,80.2,Cycle Top,70.8,99,,,80.4,41.7
2013-04-08,96.4,79.4,Cycle Top,71.1,99,,,70.7,49
2013-04-09,97.4,80.4,Cycle Top,71.3,99,,,74,54.2
2013-04-10,92.9,75.1,Cycle Top,56.7,96,,,83.9,63.8
2013-04-11,75.4,60.2,Distribution,34.4,83.2,,,78.4,63.4
2013-04-12,85.4,64.6,Cycle Top,40.3,89.2,,,76.3,63.2
2013-04-13,70.7,58.3,Distribution,36.7,83.5,,,57.5,63
2013-04-14,75,60,Distribution,36.6,82.7,,,72.3,62.8
2013-04-15,64.2,55.7,Caution,33.3,76.2,,,78.5,41.9
2013-04-16,60.3,53.5,Caution,32.8,73.6,,,66.5,51.7
2013-04-17,76.1,60.5,Distribution,38,82.2,,,84.5,38.4
2013-04-18,80.6,62.3,Distribution,44.9,88.9,,,63.3,30.8
2013-04-19,86.7,66.4,Cycle Top,46.5,90.8,,,78.6,39.3
2013-04-20,87,66.9,Cycle Top,50.1,91.8,,,68.5,39.3
2013-04-21,81.7,62.7,Distribution,45.8,90.1,,,56.5,39.4
2013-04-22,85.8,65.1,Cycle Top,46.1,91.1,,,67.8,43.2
2013-04-23,90,71,Cycle Top,53.3,92,,,81.1,51
2013-04-24,92.1,73.9,Cycle Top,57.6,94.7,,,83.3,48.3
2013-04-25,90,70.9,Cycle Top,53.9,91.3,,,79.7,53.8
2013-04-26,86.4,65.9,Cycle Top,50.2,89.7,,,60.3,52.8
2013-04-27,83,63.2,Distribution,45.8,88,,,58.6,52.7
2013-04-28,82.5,63,Distribution,46,89,,,54.1,52.6
2013-04-29,87.9,68.1,Cycle Top,51.8,90.8,,,66.3,55.7
2013-04-30,85.1,64.2,Cycle Top,46.1,88.3,,,61.6,56.8
2013-05-01,67.5,57,Caution,38.4,81.8,,,53.4,51.7
2013-05-02,68.1,57.2,Caution,37.4,77.9,,,66.3,54.8
2013-05-03,61,54,Caution,35.8,74,,,54.7,62.2
2013-05-04,69.7,57.9,Caution,39.5,79,,,58.3,62
2013-05-05,70,58,Distribution,41.2,80.8,,,49.5,61.9
2013-05-06,71.3,58.5,Distribution,39.1,77.8,,,66.6,63
2013-05-07,67.6,57,Caution,38.7,77.2,,,58.7,63.5
2013-05-08,71.3,58.5,Distribution,39.2,78.1,,,64.2,65.4
2013-05-09,71.4,58.6,Distribution,38.2,76.7,,,72.8,61.6
2013-05-10,80.3,62.1,Distribution,40.5,83.1,,,73.7,63.7
2013-05-11,73.4,59.4,Distribution,38.7,78.6,,,71.1,63.5
2013-05-12,70.1,58,Distribution,38.3,78,,,64.6,63.4
2013-05-13,72.8,59.1,Distribution,39.1,78.9,,,66.4,65.6
2013-05-14,61.6,54.4,Caution,35.8,71.6,,,62.6,63.3
2013-05-15,63.2,55.3,Caution,36.5,73.3,,,63.9,60.6
2013-05-16,70.9,58.4,Distribution,39.2,76.5,,,71.3,56.8
2013-05-17,76.7,60.7,Distribution,41.2,81.8,,,64.4,64.7
2013-05-18,73.8,59.5,Distribution,42.1,84.1,,,48,64.5
2013-05-19,69.5,57.8,Caution,41.1,77.7,,,54.8,64.4
2013-05-20,66.9,56.8,Caution,40.3,78.6,,,49.7,60.5
2013-05-21,67.4,57,Caution,40.1,78,,,54.5,57.8
2013-05-22,73.4,59.3,Distribution,41.3,81.7,,,58.4,58.1
2013-05-23,80.2,62.1,Distribution,43.4,84.6,,,65.2,55.5
2013-05-24,82.3,62.9,Distribution,46.7,86.1,,,57.5,55.1
2013-05-25,77.6,61.1,Distribution,46.3,85.5,,,47,55.1
2013-05-26,72.8,59.1,Distribution,46.5,85.6,,,32.8,55
2013-05-27,72.3,58.9,Distribution,43.1,83,,,48.4,54.9
2013-05-28,74.3,59.7,Distribution,43,82.4,,,54.4,57.3
2013-05-29,80.8,62.3,Distribution,46.5,86.6,,,52.9,54.4
2013-05-30,68.7,57.5,Caution,41.9,81.3,,,45.7,55.3
2013-05-31,67.7,57.1,Caution,42.3,82.1,,,41.4,51.9
2013-06-01,67.7,57.1,Caution,43.1,82.2,,,38.7,51.8
2013-06-02,62.3,54.9,Caution,39.1,77.8,,,46.5,51.8
2013-06-03,67.4,57,Caution,39.5,79.2,,,55.8,52.8
2013-06-04,57.6,51.7,Caution,38.1,69,,,49.8,51.1
2013-06-05,67.3,56.9,Caution,39,69.9,,,82.1,49
2013-06-06,59.9,53.3,Caution,38.1,68.8,,,61.4,50
2013-06-07,54,49.3,Caution,36.1,60.8,,,56.6,57.1
2013-06-08,54.9,49.9,Caution,36.3,59.7,,,62.7,57.1
2013-06-09,49.2,46.1,Neutral,34.9,55,,,52.3,57
2013-06-10,51.3,47.5,Caution,36,57.8,,,52.4,55.2
2013-06-11,54.7,49.8,Caution,36.4,59.3,,,65,52.8
2013-06-12,52.5,48.3,Caution,36.3,58.3,,,57.9,51.9
2013-06-13,50,46.7,Caution,35.5,54.9,,,54.7,57.1
2013-06-14,47.7,45.2,Neutral,34.9,53.3,,,50.7,55
2013-06-15,47.5,45,Neutral,35,53.6,,,48.6,54.9
2013-06-16,46,44,Neutral,34.6,52.1,,,46.3,54.8
2013-06-17,48.6,45.8,Neutral,35.1,54.2,,,51,57.2
2013-06-18,50.5,47,Caution,35.9,55.6,,,52.8,59.2
2013-06-19,51.3,47.5,Caution,36.5,57.1,,,52.9,55.1
2013-06-20,55.9,50.6,Caution,36.6,56.7,,,78.5,48.3
2013-06-21,50.5,47,Caution,37.1,54.7,,,56.7,48.5
2013-06-22,51.8,47.9,Caution,35.9,53.2,,,70.3,48.5
2013-06-23,47.1,44.7,Neutral,35.8,53.4,,,47.8,48.5
2013-06-24,47,44.7,Neutral,35.4,52.6,,,51.9,46.5
2013-06-25,44.2,42.8,Neutral,35,49.4,,,46.9,48.6
2013-06-26,46,44,Neutral,35.5,49.7,,,51.9,50.3
2013-06-27,42.8,41.9,Neutral,34.5,48.3,,,43.4,50.8
2013-06-28,45.3,43.5,Neutral,33.9,46.9,,,60.1,50.9
2013-06-29,37.7,37.7,Neutral,33.8,45.6,,,23.3,50.8
2013-06-30,38.1,38.1,Neutral,34,46.4,,,23.7,50.8
2013-07-01,37.2,37.2,Neutral,33.5,44.5,,,22.8,52.2
2013-07-02,38.3,38.3,Neutral,33.8,45.4,,,27.8,50.9
2013-07-03,35.8,35.8,Neutral,32.7,41.8,,,22.2,51.9
2013-07-04,36.3,36.3,Neutral,33.1,42.7,,,22.1,51.9
2013-07-05,35.7,35.7,Neutral,31.7,41.4,,,23.6,55.8
2013-07-06,35,35,Neutral,31.6,40.1,,,22,55.8
2013-07-07,36,36,Neutral,32.7,42,,,21.4,55.7
2013-07-08,36.8,36.8,Neutral,32.9,42.3,,,24.8,56.2
2013-07-09,37.4,37.4,Neutral,33.5,42.1,,,26.6,58.7
2013-07-10,40,40,Neutral,37.2,46.1,,,23.5,60.2
2013-07-11,45,43.3,Neutral,36.4,45.8,,,48.2,62.4
2013-07-12,46.3,44.2,Neutral,38,47.7,,,44.7,63.1
2013-07-13,47.7,45.1,Neutral,38.4,48.5,,,48,63
2013-07-14,46.2,44.1,Neutral,39,47.2,,,42.5,62.9
2013-07-15,50,46.6,Caution,40.7,51.5,,,43.8,63.4
2013-07-16,47.8,45.2,Neutral,38.7,48.2,,,49.5,60.7
2013-07-17,45.6,43.7,Neutral,37.3,46,,,47.2,63.7
2013-07-18,43.2,42.1,Neutral,35.5,43.2,,,48.8,63.1
2013-07-19,37.8,37.8,Neutral,35.9,33,,,40.6,68.2
2013-07-20,37.3,37.3,Neutral,35.7,31.7,,,40.5,68.1
2013-07-21,41.2,40.8,Neutral,35.9,41,,,41.5,67.9
2013-07-22,37.1,37.1,Neutral,35.3,31,,,41.7,69.7
2013-07-23,38.9,38.9,Neutral,35.7,37.4,,,38,67.8
2013-07-24,47.1,44.7,Neutral,36.8,50,,,45.3,64.9
2013-07-25,51.4,47.6,Caution,38.1,56.4,,,44.8,66.3
2013-07-26,46.6,44.4,Neutral,38.3,49.7,,,38.1,67.7
2013-07-27,39.3,39.3,Neutral,37.2,35.2,,,41.8,67.6
2013-07-28,50.7,47.2,Caution,38.8,55.9,,,40.1,67.4
2013-07-29,53,48.6,Caution,39.8,58.8,,,41.7,64.7
2013-07-30,57.5,51.7,Caution,42.4,60.9,,,49.9,64.7
2013-07-31,62.5,55,Caution,43.9,63.8,,,61.9,64
2013-08-01,59.2,52.8,Caution,44,61.2,,,51.1,66.4
2013-08-02,55.7,50.5,Caution,42.8,58.9,,,42.1,70.6
2013-08-03,53.8,49.2,Caution,42.6,55.2,,,43.6,70.5
2013-08-04,55.5,50.3,Caution,43.8,56.2,,,45.4,70.4
2013-08-05,59,52.7,Caution,44.6,62,,,44.4,70.9
2013-08-06,58.8,52.5,Caution,44.5,57.6,,,55.6,68.6
2013-08-07,51.9,47.9,Caution,43.6,50.7,,,44.7,66.2
2013-08-08,49.7,46.5,Neutral,41,43.1,,,60.6,68
2013-08-09,40.6,40.4,Neutral,39.6,31.6,,,52.9,64.1
2013-08-10,39.8,39.8,Neutral,40.3,33.9,,,40.7,64
2013-08-11,41.2,40.8,Neutral,40.8,35,,,43.3,63.9
2013-08-12,41.6,41,Neutral,42.2,35.1,,,39.7,66.1
2013-08-13,52.3,48.2,Caution,44.3,47.5,,,51,69.1
2013-08-14,55.9,50.6,Caution,44.6,49.8,,,64.1,63.5
2013-08-15,53.4,49,Caution,42.5,44,,,77.8,55.2
2013-08-16,50,46.7,Caution,42.6,41.8,,,66.7,55.6
2013-08-17,50.4,46.9,Caution,44.7,46.4,,,50.4,55.6
2013-08-18,51.4,47.6,Caution,44.4,42.8,,,65.1,55.5
2013-08-19,58,52,Caution,45.9,52,,,69.9,52.3
2013-08-20,59.9,53.3,Caution,47.1,58.5,,,58.2,53.9
2013-08-21,68.6,57.4,Caution,49.5,69,,,55.7,50.7
2013-08-22,68.9,57.6,Caution,48.4,67.4,,,62.2,53.8
2013-08-23,62,54.6,Caution,46.9,62.8,,,57.5,54.6
2013-08-24,63,55.2,Caution,48.1,65.1,,,52.2,54.5
2013-08-25,71.2,58.5,Distribution,51.1,69.9,,,54,54.5
2013-08-26,70,58,Distribution,50.2,66.5,,,63.5,50.9
2013-08-27,75.4,60.2,Distribution,52.6,70.8,,,64.3,43.8
2013-08-28,85,64.1,Cycle Top,54.6,71,,,84.7,45.3
2013-08-29,73.9,59.6,Distribution,54.8,70.5,,,53.7,45.6
2013-08-30,85.5,64.6,Cycle Top,58.2,74.6,,,69.2,44.5
2013-08-31,85,64,Cycle Top,58.7,76.9,,,57.6,44.5
2013-09-01,85.1,64.1,Cycle Top,59.4,77.3,,,55.1,44.4
2013-09-02,86.8,66.5,Cycle Top,59.5,76.6,,,73.3,44.4
2013-09-03,82.1,62.8,Distribution,58.4,73.8,,,56.9,46.6
2013-09-04,72.6,59,Distribution,55.6,66.5,,,54.6,51.1
2013-09-05,71.4,58.6,Distribution,55.6,63.8,,,57.4,52.3
2013-09-06,62,54.6,Caution,52.5,56.4,,,57.5,53
2013-09-07,65.7,56.3,Caution,54.7,60.8,,,51.2,53
2013-09-08,60.5,53.7,Caution,53.5,55,,,51.3,52.9
2013-09-09,65.9,56.3,Caution,54.7,59.6,,,54,54.7
2013-09-10,63.9,55.6,Caution,54.6,57.9,,,51,58.7
2013-09-11,75.1,60,Distribution,58.5,65,,,51.5,61.2
2013-09-12,71.7,58.7,Distribution,57.6,61.4,,,54.5,60
2013-09-13,74.5,59.8,Distribution,58.9,64.3,,,50.9,61.1
2013-09-14,63.4,55.4,Caution,56.7,55.1,,,49.3,61
2013-09-15,66.8,56.7,Caution,57.3,56.9,,,52.6,60.9
2013-09-16,68.4,57.4,Caution,56.8,54.3,,,64.2,62.6
2013-09-17,77.1,60.8,Distribution,57.5,55.6,,,82.4,63.6
2013-09-18,73.2,59.3,Distribution,56.8,52.3,,,81,65.8
2013-09-19,61.8,54.5,Caution,51.9,45.1,,,79.1,68.7
2013-09-20,54.7,49.8,Caution,51.6,44.1,,,49,68.6
2013-09-21,54.7,49.8,Caution,51.6,44.2,,,49,68.5
2013-09-22,53.2,48.8,Caution,51.8,41.5,,,48.3,68.4
2013-09-23,54.4,49.6,Caution,52,40.3,,,59.1,62.7
2013-09-24,54.2,49.5,Caution,53.1,42.1,,,50.7,62.3
2013-09-25,53.9,49.2,Caution,53.5,40.5,,,52.5,60.6
2013-09-26,58.3,52.2,Caution,56.1,46.2,,,50.7,61.8
2013-09-27,70.8,58.3,Distribution,58.6,49.3,,,80.4,57.4
2013-09-28,59,52.6,Caution,56.9,47.6,,,49.9,57.4
2013-09-29,60.1,53.4,Caution,58.8,47.7,,,49.9,57.3
2013-09-30,59.4,52.9,Caution,58.7,46.9,,,49.4,55.6
2013-10-01,66.3,56.5,Caution,60.5,48.1,,,61.2,65.4
2013-10-02,40.2,40.1,Neutral,46.7,22.4,,,53.3,63.2
2013-10-03,46.7,44.5,Neutral,52.5,28,,,54.5,59
2013-10-04,48.2,45.5,Neutral,53.3,32.3,,,46.3,63.1
2013-10-05,46.9,44.6,Neutral,52.3,30.8,,,46.7,63
2013-10-06,46.8,44.5,Neutral,52.9,32.4,,,40.7,62.9
2013-10-07,48.6,45.7,Neutral,53.6,32.8,,,48.6,57.3
2013-10-08,47.2,44.8,Neutral,53.6,33.9,,,40.4,55.2
2013-10-09,50.7,47.2,Caution,55.6,35.4,,,46.4,56.7
2013-10-10,52.1,48.1,Caution,55.8,36,,,47.3,63.8
2013-10-11,51.6,47.7,Caution,55.9,36.4,,,42,66.7
2013-10-12,54.1,49.4,Caution,56.7,37.4,,,48.8,66.6
2013-10-13,61.2,54.1,Caution,60.3,46.5,,,48.5,66.5
2013-10-14,70.4,58.2,Distribution,61.6,54.5,,,52.7,66.9
2013-10-15,81.7,62.7,Distribution,63.6,62.3,,,59.9,64.8
2013-10-16,79.3,61.7,Distribution,62.2,54.5,,,74.6,68.9
2013-10-17,85.6,64.9,Cycle Top,64.4,62.4,,,68.2,73.7
2013-10-18,89.4,70.2,Cycle Top,65.8,73.8,,,71.9,75.1
2013-10-19,91.6,73.3,Cycle Top,67.5,80.4,,,71.7,75
2013-10-20,90.9,72.2,Cycle Top,67.6,80.5,,,64,74.9
2013-10-21,93.1,75.4,Cycle Top,68.9,83.9,,,74.6,73.7
2013-10-22,94.3,77,Cycle Top,69.8,85.5,,,79.3,72.2
2013-10-23,97.3,80.3,Cycle Top,71.2,91.6,,,84,71.2
2013-10-24,95.2,78.2,Cycle Top,70,85.9,,,87,70.8
2013-10-25,94.1,76.7,Cycle Top,68.7,83.4,,,86.4,71.6
2013-10-26,91.6,73.2,Cycle Top,67.1,81.4,,,71.9,71.5
2013-10-27,95.6,78.6,Cycle Top,69.9,85.3,,,91.6,71.4
2013-10-28,93.5,75.9,Cycle Top,70.1,86.3,,,69.9,70.7
2013-10-29,95.9,78.9,Cycle Top,71.2,91.6,,,75,69.4
2013-10-30,93.3,75.6,Cycle Top,69.9,86.9,,,68.3,67.6
2013-10-31,94.8,77.7,Cycle Top,71.5,90.7,,,69.4,66.5
2013-11-01,94.5,77.3,Cycle Top,70.6,88.7,,,74.6,65
2013-11-02,94.3,77,Cycle Top,71.8,90.5,,,65.2,65
2013-11-03,99.7,82.7,Cycle Top,78.9,92,,,80.1,64.9
2013-11-04,100,85.7,Cycle Top,79.4,95.4,,,89.8,66.7
2013-11-05,100,84.7,Cycle Top,79.7,95.9,,,80.6,66.8
2013-11-06,100,87.3,Cycle Top,80.2,97.8,,,91.7,68.7
2013-11-07,100,87.1,Cycle Top,80.4,98.6,,,91.7,60.9
2013-11-08,100,87.8,Cycle Top,80.6,99.1,,,91.5,67.5
2013-11-09,100,87.1,Cycle Top,80.6,99.1,,,86.5,67.4
2013-11-10,100,84.9,Cycle Top,78.9,98.2,,,78.6,67.4
2013-11-11,100,87.5,Cycle Top,80.5,99.1,,,88.8,69.4
2013-11-12,100,83.3,Cycle Top,80.6,99.1,,,59.5,67.9
2013-11-13,100,83.8,Cycle Top,80.8,99.3,,,60.2,71.2
2013-11-14,100,83.9,Cycle Top,81.1,99.3,,,60.1,70.6
2013-11-15,100,83.4,Cycle Top,80.8,98.9,,,58.4,71.4
2013-11-16,100,83.9,Cycle Top,81.6,99.3,,,58.5,71.3
2013-11-17,99.7,82.7,Cycle Top,82.2,99.6,,,47.7,71.3
2013-11-18,100,83.8,Cycle Top,83.9,99.6,,,51.8,68.4
2013-11-19,98.7,81.7,Cycle Top,78.4,99.1,,,55.1,67.7
2013-11-20,99,82,Cycle Top,80.7,99.1,,,50.2,68.2
2013-11-21,100,84,Cycle Top,84.1,99.6,,,51.3,71.3
2013-11-22,100,83.8,Cycle Top,84.1,99.6,,,49.1,72.5
2013-11-23,100,83.6,Cycle Top,84.1,99.6,,,48,72.4
2013-11-24,99.9,82.9,Cycle Top,83.2,98.7,,,47.4,72.3
2013-11-25,100,83,Cycle Top,83.7,99,,,47.7,69.3
2013-11-26,100,84,Cycle Top,84.8,99.6,,,50.4,69.1
2013-11-27,100,84.6,Cycle Top,85.1,99.5,,,54,68.2
2013-11-28,100,84.6,Cycle Top,85,99.4,,,54.4,68.1
2013-11-29,100,83.8,Cycle Top,85.3,99.4,,,49.6,65.1
2013-11-30,100,83,Cycle Top,85,99,,,46.2,65
2013-12-01,96.9,79.9,Cycle Top,79.3,97.2,,,45.8,64.9
2013-12-02,98.5,81.5,Cycle Top,82.6,97.9,,,46.5,63.2
2013-12-03,98.5,81.5,Cycle Top,83.1,97.5,,,46.3,62.2
2013-12-04,99.6,82.6,Cycle Top,85.4,98,,,46.5,61.3
2013-12-05,97.2,80.2,Cycle Top,81.4,95.7,,,46.8,62.6
2013-12-06,94,76.6,Cycle Top,74.6,93.5,,,44.9,67.3
2013-12-07,94,76.6,Cycle Top,71.1,92.6,,,58.3,67.2
2013-12-08,93.4,75.8,Cycle Top,73.6,93,,,43.9,67.1
2013-12-09,95.1,78.1,Cycle Top,77,94.5,,,44.6,70.1
2013-12-10,97.4,80.4,Cycle Top,79.2,94.8,,,55.3,66.5
2013-12-11,95,78,Cycle Top,75.3,93.6,,,54.9,62.6
2013-12-12,94.7,77.6,Cycle Top,75.2,93.1,,,54.5,61.2
2013-12-13,95.4,78.4,Cycle Top,76.5,93.5,,,54.6,61.1
2013-12-14,94.2,76.8,Cycle Top,74.5,92,,,54.1,61.1
2013-12-15,94.4,77.2,Cycle Top,75.2,92.1,,,53.9,61
2013-12-16,81.6,62.7,Distribution,68.9,59.1,,,53.5,61.6
2013-12-17,85.8,65.1,Cycle Top,68.1,67.1,,,53.1,60.8
2013-12-18,85.1,64.1,Cycle Top,63.3,68.7,,,53.8,66.6
2013-12-19,89.6,70.5,Cycle Top,69.5,79.6,,,53.3,64.4
2013-12-20,87.3,67.2,Cycle Top,66.2,74.4,,,53.1,65.5
2013-12-21,87.3,67.3,Cycle Top,65.4,74.2,,,56.5,65.4
2013-12-22,88.3,68.6,Cycle Top,66.5,76.7,,,56.3,65.4
2013-12-23,90,71,Cycle Top,67.6,81,,,56.6,70.1
2013-12-24,89.8,70.7,Cycle Top,67.3,80.1,,,56.5,72.1
2013-12-25,90.9,72.3,Cycle Top,68.5,83.2,,,56.6,72
2013-12-26,93.1,75.3,Cycle Top,70.9,88.4,,,57.3,71.7
2013-12-27,91.6,73.2,Cycle Top,70.1,83.6,,,56.8,71.9
2013-12-28,91.1,72.5,Cycle Top,69.6,82.6,,,56.2,71.8
2013-12-29,91.7,73.3,Cycle Top,70.4,83.6,,,57.4,71.7
2013-12-30,91.7,73.4,Cycle Top,70.7,84.3,,,56.6,68
2013-12-31,89.6,70.4,Cycle Top,71.8,80.7,,,42,67.5
2014-01-01,75.2,60.1,Distribution,71.6,83.1,0,100,43.7,68.6
2014-01-02,65.1,56.1,Caution,72.7,87,0,50,43.5,63.3
2014-01-03,67.6,57.1,Caution,74,88.5,0,50,45.1,64.4
2014-01-04,70.8,58.3,Distribution,74.5,90.6,0,50,50.8,64.4
2014-01-05,74.7,59.9,Distribution,78.1,92.4,0,50,51.3,64.3
2014-01-06,76.4,60.6,Distribution,78.2,91.8,0,50,59.3,64.7
2014-01-07,60.6,53.7,Caution,70.8,77.5,0,58.3,38.8,67.7
2014-01-08,64.6,55.8,Caution,73.1,82.5,0,57.1,41.7,68.1
2014-01-09,62.4,55,Caution,73.1,80.7,0,50,44.9,67.1
2014-01-10,72.8,59.1,Distribution,74.3,84.9,0,72.2,49,69.3
2014-01-11,76.3,60.5,Distribution,76.5,89,0,70,48.5,69.3
2014-01-12,65,56,Caution,72.5,78.9,0,68.2,42.3,69.2
2014-01-13,57.8,51.9,Caution,70.5,74.5,0,50,40.1,62.4
2014-01-14,66.8,56.7,Caution,70.2,73.6,0,96.2,42,68.9
2014-01-15,70.2,58.1,Distribution,72,76.4,0,96.4,42.8,69.1
2014-01-16,59.2,52.8,Caution,69.5,72.8,0,63.3,41.4,66.4
2014-01-17,58.3,52.2,Caution,67.6,71.8,0,65.6,41,65.5
2014-01-18,58.4,52.3,Caution,68.8,72.9,0,64.7,36.6,65.4
2014-01-19,61.2,54.2,Caution,70.4,75.9,0,63.9,44.1,65.4
2014-01-20,59.6,53,Caution,69.2,73.7,0,63.2,42.8,65.3
2014-01-21,63.1,55.2,Caution,67.7,71.9,0,95,42.4,64.4
2014-01-22,55.9,50.6,Caution,67.6,71.3,0,57.1,36.1,64.1
2014-01-23,55.6,50.4,Caution,66.5,70.6,0,56.8,42.2,57.2
2014-01-24,52.6,48.4,Caution,65.1,69.8,0,50,39.8,48.6
2014-01-25,53.5,49,Caution,66.3,70.8,0,50,39.9,48.5
2014-01-26,54.2,49.4,Caution,66.9,71.6,0,50,40.3,48.5
2014-01-27,50.5,47,Caution,62.4,68,0,50,38.4,48.5
2014-01-28,59.6,53.1,Caution,64.5,69.5,0,98.1,40.1,50.7
2014-01-29,51.9,47.9,Caution,64.2,69,0,57.1,33.9,46.1
2014-01-30,58.8,52.5,Caution,64.9,70,0,96.6,34.4,49.2
2014-01-31,59.2,52.8,Caution,64.5,69.4,0,96.7,40.5,47.6
2014-02-01,86.5,66,Cycle Top,65.4,70,64.6,95.2,39.3,50.9
2014-02-02,85.7,65,Cycle Top,64.6,69.3,62.6,93.8,38.3,50.9
2014-02-03,83.1,63.2,Distribution,64,68.9,60.8,84.8,38.5,46.3
2014-02-04,82.5,63,Distribution,63.1,67.5,59,91.2,38.3,48.1
2014-02-05,75.5,60.2,Distribution,60.6,66.4,57.4,87.1,27.9,48.6
2014-02-06,76.2,60.5,Distribution,59.4,66.1,55.9,86.1,37.5,51.9
2014-02-07,74,59.6,Distribution,57,64.7,54.4,89.2,37,56.1
2014-02-08,69.4,57.8,Caution,56.4,64.1,53,88.2,25.8,56.1
2014-02-09,71,58.4,Distribution,56.3,64.5,51.7,87.2,35.1,56
2014-02-10,64.4,55.8,Caution,56.1,64,50.4,75,25.9,55.6
2014-02-11,63.8,55.5,Caution,54.6,63.4,49.2,79.3,26.7,57.6
2014-02-12,61.5,54.3,Caution,53.6,62.4,48.1,70.2,30.8,58.9
2014-02-13,66.7,56.7,Caution,51.9,61.1,47,98.8,36.5,58.5
2014-02-14,70,58,Distribution,53.9,63.8,45.9,97.7,38.5,61.4
2014-02-15,67,56.8,Caution,52.8,62.2,44.9,96.7,36.7,61.4
2014-02-16,62,54.7,Caution,48.4,60.8,44,95.7,35.3,61.3
2014-02-17,63.7,55.5,Caution,50.6,60.6,43.1,94.7,40,61.3
2014-02-18,61.1,54,Caution,49.2,59.7,42.2,99,31,58.8
2014-02-19,58.9,52.6,Caution,46.9,58.5,41.3,92.9,36.4,54.5
2014-02-20,57.4,51.6,Caution,45,54.6,40.5,99,36.2,56.5
2014-02-21,56.2,50.8,Caution,45.3,55.3,39.7,99,28.4,55
2014-02-22,56.8,51.2,Caution,46.4,57.4,39,98.1,25.5,54.9
2014-02-23,56.8,51.2,Caution,46.2,56.8,38.3,97.2,29.9,54.9
2014-02-24,52.7,48.5,Caution,44.1,49.9,37.6,96.3,27.7,56.9
2014-02-25,53.3,48.9,Caution,44,49.1,36.9,93.6,37.7,57.8
2014-02-26,53.9,49.3,Caution,45,53.5,36.3,96.4,27.4,54.6
2014-02-27,54.9,49.9,Caution,44.9,52.9,35.6,99.1,34.4,55.1
2014-02-28,51.7,47.8,Caution,44.1,49.1,35,86.2,37.9,56.9
2014-03-01,38.7,38.7,Neutral,44.9,49.4,0,62.3,38.4,55.9
2014-03-02,37.6,37.6,Neutral,44.6,48.7,0,62,30.6,55.9
2014-03-03,42.8,41.9,Neutral,48.5,59.5,0,61.8,37.7,49.7
2014-03-04,43.5,42.3,Neutral,48,58.7,0,65.7,39.3,55
2014-03-05,42.1,41.4,Neutral,48.1,57.3,0,61.5,37.4,56.2
2014-03-06,45.1,43.4,Neutral,48.9,56.2,0,76.9,41.8,56.2
2014-03-07,42.3,41.5,Neutral,48.4,51.5,0,71.9,40.6,57.6
2014-03-08,40.3,40.2,Neutral,47,49.8,0,71.5,36,57.6
2014-03-09,41.4,40.9,Neutral,47.1,51.1,0,71.2,40.2,57.6
2014-03-10,39.5,39.5,Neutral,46.4,49.6,0,62.1,41.9,56.5
2014-03-11,38.5,38.5,Neutral,47.3,49.4,0,60.4,32.4,53.8
2014-03-12,39.4,39.4,Neutral,47.6,49.6,0,61,40.1,52.9
2014-03-13,38.3,38.3,Neutral,47.3,49.3,0,56.6,36.5,49.1
2014-03-14,37,37,Neutral,47.1,45.7,0,57.9,33.8,46.3
2014-03-15,36.3,36.3,Neutral,47.4,46.4,0,57.8,23.8,46.3
2014-03-16,37,37,Neutral,48.8,44.2,0,57.7,32.8,46.3
2014-03-17,36.7,36.7,Neutral,48,41,0,62.2,32.9,50.1
2014-03-18,37.1,37.1,Neutral,49.7,39.2,0,68,28.9,52.9
2014-03-19,34.8,34.8,Neutral,46.7,37.8,0,62.6,24.9,51.4
2014-03-20,34.8,34.8,Neutral,47.6,35.9,0,61.1,27.8,52.3
2014-03-21,34.3,34.3,Neutral,46.9,35.5,0,55.9,32.8,49.4
2014-03-22,34.1,34.1,Neutral,46.1,35.4,0,55.8,34,49.4
2014-03-23,33.1,33.1,Neutral,45.4,35.3,0,55.8,25.9,49.4
2014-03-24,32.3,32.3,Neutral,46.2,36.5,0,33.7,34.9,50
2014-03-25,31.7,31.7,Neutral,46,36.1,0,33.9,27.7,53.7
2014-03-26,31.2,31.2,Neutral,45.3,35.7,0,33.5,27.8,51.2
2014-03-27,29.7,29.7,Accumulation,41.5,34.1,0,33.7,27.4,51.9
2014-03-28,30.4,30.4,Neutral,42.3,34.6,0,33.9,30.3,53.2
2014-03-29,30.2,30.2,Neutral,41.9,34.4,0,34.1,29.3,53.2
2014-03-30,30.3,30.3,Neutral,40.9,33.8,0,34.3,34.7,53.2
2014-03-31,30,30,Neutral,40.9,33.7,0,37.3,27.3,57.7
2014-04-01,33.1,33.1,Neutral,41.6,34.4,22.7,4.4,37.2,65
2014-04-02,32,32,Neutral,40.2,33.5,22.5,6,32.5,64.7
2014-04-03,32.3,32.3,Neutral,40.4,33.8,22.2,3.8,37.8,62.7
2014-04-04,31.9,31.9,Neutral,40.3,34.1,22,2.1,37.8,57.4
2014-04-05,32.3,32.3,Neutral,40.6,34.7,21.8,2.6,39.9,57.4
2014-04-06,31.7,31.7,Neutral,40.3,34.3,21.5,3.1,35.5,57.4
2014-04-07,31.3,31.3,Neutral,40.4,33.1,21.3,3.6,36.3,52.5
2014-04-08,31.6,31.6,Neutral,40.4,33.7,21.1,4.1,36.9,55.2
2014-04-09,31.4,31.4,Neutral,39.8,32.9,20.9,5.1,34.4,62
2014-04-10,30.3,30.3,Neutral,37.8,30.9,20.7,5,41.2,50.7
2014-04-11,30.6,30.6,Neutral,39.1,32.5,20.5,5.4,37.3,47.5
2014-04-12,30.9,30.9,Neutral,39.3,32.4,20.3,5.9,39.7,47.5
2014-04-13,30.6,30.6,Neutral,39,32.1,20.1,6.3,38.7,47.5
2014-04-14,32.4,32.4,Neutral,40.9,34.2,19.9,8.2,43.7,48.1
2014-04-15,34.5,34.5,Neutral,43,38,19.7,9.1,46.7,51.3
2014-04-16,33.4,33.4,Neutral,43.6,33.2,19.5,9.9,43.4,55.6
2014-04-17,31.8,31.8,Neutral,42.6,31.8,19.3,11.2,30.6,61.1
2014-04-18,31.5,31.5,Neutral,41.9,31.1,19.1,11.6,31.4,60.7
2014-04-19,32.3,32.3,Neutral,42.6,32.1,19,12,34.8,60.7
2014-04-20,32,32,Neutral,42.4,31.8,18.8,12.3,33.2,60.7
2014-04-21,32.4,32.4,Neutral,42.1,31.7,18.6,11.3,38.7,62
2014-04-22,32.6,32.6,Neutral,41.6,31,18.5,15.7,40.2,62.4
2014-04-23,31.6,31.6,Neutral,41.8,30.7,18.3,16,30.7,60.8
2014-04-24,36.2,36.2,Neutral,43.2,32.2,18.1,46.4,38.7,61
2014-04-25,31.1,31.1,Neutral,40.5,28.6,18,26.2,28.4,54.4
2014-04-26,31.5,31.5,Neutral,39.9,28.3,17.8,26.4,35,54.3
2014-04-27,30.2,30.2,Neutral,38.9,27,17.7,26.6,28.4,54.3
2014-04-28,31.3,31.3,Neutral,39.2,28,17.5,26.8,36,56
2014-04-29,30.7,30.7,Neutral,39.5,28.3,17.4,24.9,28.8,59
2014-04-30,31.9,31.9,Neutral,39.3,28.2,17.2,30.6,35.7,60.6
2014-05-01,32.3,32.3,Neutral,40.5,28.7,25.3,17.1,29.2,65.1
2014-05-02,32.4,32.4,Neutral,39.5,28.6,25.1,14.5,37.1,64.3
2014-05-03,31,31,Neutral,38.6,26.9,24.9,14.7,30,64.3
2014-05-04,30.5,30.5,Neutral,38.6,26.7,24.7,15,25.4,64.2
2014-05-05,30.5,30.5,Neutral,38.4,26.2,24.5,14.9,28.8,63.2
2014-05-06,30.2,30.2,Neutral,38.3,26,24.3,15.6,27.8,60.4
2014-05-07,31.8,31.8,Neutral,39.5,26.6,24.1,15.5,37.5,64.3
2014-05-08,30.8,30.8,Neutral,40,26.3,24,13.8,28.9,64.2
2014-05-09,33,33,Neutral,40.9,28,23.8,23.4,33.8,65.4
2014-05-10,32.8,32.8,Neutral,41.1,28.4,23.6,23.6,30.4,65.3
2014-05-11,32.1,32.1,Neutral,40.1,26,23.4,23.8,32.8,65.3
2014-05-12,33.3,33.3,Neutral,40.5,26.2,23.2,38.5,25.7,69.4
2014-05-13,32.8,32.8,Neutral,40.4,25.8,23.1,35.2,26.6,68.7
2014-05-14,32.9,32.9,Neutral,41.6,26.8,22.9,26.7,31.5,67.6
2014-05-15,34,34,Neutral,40.9,26.3,22.7,47.7,27.4,61.7
2014-05-16,35.6,35.6,Neutral,41.3,26.7,22.5,52.5,33.6,67
2014-05-17,35.7,35.7,Neutral,41.6,27.3,22.4,52.5,33.3,67
2014-05-18,34.9,34.9,Neutral,41.2,25.9,22.2,52.5,30.3,66.9
2014-05-19,35.5,35.5,Neutral,41.5,25.9,22.1,56.5,31,68.9
2014-05-20,38,38,Neutral,44.7,31.9,21.9,56.4,34.2,63.8
2014-05-21,39.3,39.3,Neutral,46,32.6,21.7,57.1,38.2,68.7
2014-05-22,41.1,40.7,Neutral,47.5,35.7,21.6,57.4,40.4,68.5
2014-05-23,39.9,39.9,Neutral,46.9,35,21.4,57.7,35.7,69.5
2014-05-24,40.4,40.3,Neutral,47.1,35.4,21.3,57.6,37.8,69.4
2014-05-25,43.3,42.2,Neutral,50.5,38.2,21.1,57.6,40.7,69.4
2014-05-26,44.6,43.1,Neutral,50.9,38.6,21,57.5,47.6,69.3
2014-05-27,43.8,42.6,Neutral,49.6,37.9,20.9,58.8,46.5,70.2
2014-05-28,42.8,41.9,Neutral,50,38.1,20.7,57.1,39.5,70.1
2014-05-29,43.7,42.5,Neutral,50.1,37.5,20.6,57.7,45.9,71.2
2014-05-30,43.9,42.6,Neutral,52.3,39.6,20.4,57,36.6,71.4
2014-05-31,45.5,43.7,Neutral,52.7,39.7,20.3,56.9,46,71.4
2014-06-01,38.5,38.5,Neutral,50.5,39.8,6.6,46.7,38.8,71.3
2014-06-02,40.1,40.1,Neutral,52.9,40.1,6.5,46.4,47,70.6
2014-06-03,41.2,40.8,Neutral,54,40.3,6.5,48,48.9,70.7
2014-06-04,39.2,39.2,Neutral,51.6,39.8,6.5,46.7,42.6,70.7
2014-06-05,40.2,40.1,Neutral,53.9,40,6.4,49.3,41.9,70.7
2014-06-06,39,39,Neutral,52.8,39.7,6.4,51.3,33.2,71.5
2014-06-07,39.2,39.2,Neutral,53.2,40,6.3,51.3,32.7,71.4
2014-06-08,39.7,39.7,Neutral,53.3,40,6.3,51.2,37.8,71.4
2014-06-09,38.9,38.9,Neutral,52.6,39.2,6.3,52.2,32.8,70.9
2014-06-10,38.9,38.9,Neutral,52.2,38.9,6.2,49.4,38.1,70.1
2014-06-11,38.2,38.2,Neutral,49.5,37.8,6.2,48.4,43,70.2
2014-06-12,35.4,35.4,Neutral,45.8,34,6.1,51.8,33.8,67.5
2014-06-13,37.2,37.2,Neutral,47,35.8,6.1,53,42.3,68.2
2014-06-14,35.4,35.4,Neutral,45.3,33.1,6.1,53,36.2,68.1
2014-06-15,37,37,Neutral,47.1,35.4,6,53,41.1,68.1
2014-06-16,37.2,37.2,Neutral,47.4,35.4,6,54.2,42.2,66.5
2014-06-17,38.4,38.4,Neutral,49.9,36.9,6,54.2,42,67.7
2014-06-18,38.6,38.6,Neutral,50.5,37.2,5.9,52.9,42.1,68.6
2014-06-19,37.3,37.3,Neutral,49.1,35.5,5.9,54.7,37.1,67.3
2014-06-20,37.4,37.4,Neutral,48.4,34.9,5.8,55.3,41.3,66.5
2014-06-21,37.6,37.6,Neutral,48.9,35.2,5.8,55.2,41.2,66.5
2014-06-22,38.1,38.1,Neutral,49.7,36.2,5.8,55.2,41.8,66.4
2014-06-23,37,37,Neutral,48,34.2,5.7,54.9,40.5,67.8
2014-06-24,34.5,34.5,Neutral,46.3,32.3,5.7,46.8,34.7,64.7
2014-06-25,35.5,35.5,Neutral,48,31.4,5.7,47.1,40.9,66.5
2014-06-26,35.9,35.9,Neutral,48.4,32.9,5.6,46.8,40.1,67.3
2014-06-27,37.2,37.2,Neutral,51.6,35.2,5.6,48.5,35.8,68.4
2014-06-28,36.9,36.9,Neutral,50.4,33.5,5.6,48.6,40.2,68.4
2014-06-29,38,38,Neutral,52.1,34.6,5.6,48.6,43.2,68.3
2014-06-30,40.7,40.5,Neutral,54.6,39,5.5,48.3,50.1,68.1
2014-07-01,39.5,39.5,Neutral,54.9,38.9,5.5,43.9,43.2,70.6
2014-07-02,39.9,39.9,Neutral,55.2,39.3,5.5,44,44.5,70.5
2014-07-03,40,40,Neutral,55,39.1,5.4,48.6,42.7,70.6
2014-07-04,39.3,39.3,Neutral,53.6,38,5.4,48.6,43,70.6
2014-07-05,40.1,40.1,Neutral,53.9,37.8,5.4,48.6,49.7,70.5
2014-07-06,39.5,39.5,Neutral,54.3,37.7,5.3,48.6,43,70.5
2014-07-07,37.5,37.5,Neutral,52.9,36.2,5.3,39.3,40.7,69.8
2014-07-08,37.8,37.8,Neutral,53.3,36.1,5.3,39.1,44.1,69.1
2014-07-09,37.6,37.6,Neutral,54,35.2,5.3,38.9,42.1,68.7
2014-07-10,37.3,37.3,Neutral,52.9,33.7,5.2,38.7,47.8,65.3
2014-07-11,38.6,38.6,Neutral,54.8,37.5,5.2,41.6,42.7,66.5
2014-07-12,37.9,37.9,Neutral,55.4,37.8,5.2,41.7,33.6,66.5
2014-07-13,36.9,36.9,Neutral,53.2,36,5.2,41.7,34.3,66.4
2014-07-14,36.4,36.4,Neutral,50.6,33.6,5.1,45.9,36.9,70
2014-07-15,35,35,Neutral,50.5,33.6,5.1,41,28.5,69
2014-07-16,35.6,35.6,Neutral,50.5,32.8,5.1,40.3,37.1,69.8
2014-07-17,34.7,34.7,Neutral,51.6,33.3,5.1,40.6,29.8,56.9
2014-07-18,37.1,37.1,Neutral,53.1,35.4,5,41.1,38.7,67.6
2014-07-19,36.5,36.5,Neutral,52.4,34.5,5,41.2,36.7,67.5
2014-07-20,36.1,36.1,Neutral,52.1,33.6,5,41.2,35.4,67.5
2014-07-21,34.3,34.3,Neutral,50.7,32.4,5,39.8,27.5,64.7
2014-07-22,34.5,34.5,Neutral,50.1,32.1,4.9,42.8,28.3,67.5
2014-07-23,33.8,33.8,Neutral,49.8,32.2,4.9,40.1,23.8,69.1
2014-07-24,33.5,33.5,Neutral,48.6,30,4.9,47.3,23.2,69
2014-07-25,32.9,32.9,Neutral,49.2,30.2,4.9,40.5,23.2,64.1
2014-07-26,33.1,33.1,Neutral,48.9,29.6,4.8,40.5,28.4,64.1
2014-07-27,32.2,32.2,Neutral,47.8,29.2,4.8,40.5,23.1,64.1
2014-07-28,32.5,32.5,Neutral,47.3,28.9,4.8,39.9,28.8,64.4
2014-07-29,33.8,33.8,Neutral,47.3,28.8,4.8,56.7,27.7,60.5
2014-07-30,32.8,32.8,Neutral,45.8,26.6,4.7,56.6,27.9,59.7
2014-07-31,33.6,33.6,Neutral,47.2,28.9,4.7,52.6,34.2,52.1
2014-08-01,34,34,Neutral,49.7,31.1,4.7,52.5,27.8,46.8
2014-08-02,33.5,33.5,Neutral,48.8,30.2,4.7,52.5,28.1,46.8
2014-08-03,33.7,33.7,Neutral,48.5,29.6,4.7,52.5,31.6,46.8
2014-08-04,34.4,34.4,Neutral,48.6,29.3,4.6,62.7,28.1,50
2014-08-05,33.2,33.2,Neutral,47.4,28.1,4.6,63.6,23.2,47.2
2014-08-06,33.3,33.3,Neutral,47.5,28,4.6,63.3,25.5,45.8
2014-08-07,33.3,33.3,Neutral,47.5,28.4,4.6,59.3,29.3,44.6
2014-08-08,34.3,34.3,Neutral,48.7,29.6,4.5,59.3,31.9,46.4
2014-08-09,34.4,34.4,Neutral,48.9,29.5,4.5,59.2,32.3,46.4
2014-08-10,34.8,34.8,Neutral,49.3,30,4.5,59.2,33.6,46.4
2014-08-11,32.7,32.7,Neutral,47,26.5,4.5,53.1,32.8,49.4
2014-08-12,31.7,31.7,Neutral,46.4,25.2,4.5,47.5,34.2,49.8
2014-08-13,31.1,31.1,Neutral,45.4,24.5,4.4,47.2,30.2,54.8
2014-08-14,29.2,29.2,Accumulation,43.5,22.6,4.4,47,21.2,57.3
2014-08-15,30,30,Neutral,43.1,22.1,4.4,47,32.2,55.3
2014-08-16,30.1,30.1,Neutral,44.2,23.5,4.4,47.1,26.6,55.3
2014-08-17,29.9,29.9,Accumulation,43,21.9,4.4,47.1,32.1,55.3
2014-08-18,28.8,28.8,Accumulation,41.3,20,4.3,49.1,26.8,60
2014-08-19,31.2,31.2,Neutral,41.9,21.8,4.3,50.4,43.1,59.8
2014-08-20,31.4,31.4,Neutral,42,23.7,4.3,48.4,41.2,60.7
2014-08-21,31.7,31.7,Neutral,42.4,24,4.3,48.4,41.9,61.7
2014-08-22,31.1,31.1,Neutral,41.9,23.1,4.3,48.2,40,61.2
2014-08-23,29.7,29.7,Accumulation,39.7,22,4.3,48.2,35.1,61.2
2014-08-24,30.3,30.3,Neutral,40,22.9,4.2,48.2,38.5,61.1
2014-08-25,30,30,Neutral,40,22.6,4.2,48,37.1,60.5
2014-08-26,30.3,30.3,Neutral,40.2,23.5,4.2,53.7,30.7,60.5
2014-08-27,31.1,31.1,Neutral,40.2,23.2,4.2,51.6,41.7,60.8
2014-08-28,30.1,30.1,Neutral,39.4,22.5,4.2,49.9,38.6,59.5
2014-08-29,30.7,30.7,Neutral,39.4,22.9,4.1,52.6,40.3,60.4
2014-08-30,29.9,29.9,Accumulation,39.1,21.1,4.1,52.6,38,60.4
2014-08-31,28.8,28.8,Accumulation,38,18.9,4.1,52.6,35.4,60.4
2014-09-01,29.9,29.9,Accumulation,37.7,18.8,4.1,65.1,36.4,58.2
2014-09-02,29.1,29.1,Accumulation,38.2,18.9,4.1,66.1,26.5,57.9
2014-09-03,29.9,29.9,Accumulation,37.9,19.2,4.1,71.5,29.2,57.5
2014-09-04,30.1,30.1,Neutral,38.7,19.8,4,62.5,37.2,56
2014-09-05,29.4,29.4,Accumulation,38,19,4,63.4,31.8,58.4
2014-09-06,29,29,Accumulation,38.2,19.3,4,63.4,26.9,58.4
2014-09-07,30.4,30.4,Neutral,38.1,18.7,4,63.3,42.4,58.3
2014-09-08,30.1,30.1,Neutral,37.7,18.1,4,76.7,29.7,56.9
2014-09-09,29.5,29.5,Accumulation,38.6,18.8,4,69,29.1,53.5
2014-09-10,30.3,30.3,Neutral,39.5,19.6,4,70.1,28.6,56.9
2014-09-11,30.6,30.6,Neutral,39.2,20,3.9,73.2,28.6,57.5
2014-09-12,30.7,30.7,Neutral,39.7,20.2,3.9,66.4,35.3,55.8
2014-09-13,29.5,29.5,Accumulation,39.4,20.8,3.9,66.3,22.5,55.8
2014-09-14,30.3,30.3,Neutral,39.1,20.1,3.9,66.3,32.9,55.8
2014-09-15,28.8,28.8,Accumulation,38.7,19.4,3.9,60.4,28.8,51.9
2014-09-16,29.5,29.5,Accumulation,38.2,18.5,3.9,66.2,31.4,58.1
2014-09-17,29.5,29.5,Accumulation,37.9,17.6,3.8,67.2,33.4,58.8
2014-09-18,29.3,29.3,Accumulation,37.1,16.4,3.8,68.5,33.3,61.5
2014-09-19,26.9,26.9,Accumulation,35.5,14.3,3.8,61.4,27.3,61.1
2014-09-20,26.9,26.9,Accumulation,35.9,15.2,3.8,61.3,24.4,61.1
2014-09-21,26.9,26.9,Accumulation,35.5,14.6,3.8,61.3,26.4,61
2014-09-22,26.3,26.3,Accumulation,36.2,15,3.8,58.8,23.1,53.8
2014-09-23,27.7,27.7,Accumulation,38,18.1,3.8,57.6,27.4,49.9
2014-09-24,27.1,27.1,Accumulation,37.1,17.1,3.7,59.3,22,56
2014-09-25,26.4,26.4,Accumulation,35.9,15.6,3.7,55.9,30,48.2
2014-09-26,28.1,28.1,Accumulation,36,15.5,3.7,56.2,45.3,50.1
2014-09-27,25.9,25.9,Accumulation,35.4,15.4,3.7,56.2,25.7,50
2014-09-28,24.7,24.7,Accumulation,33.8,12.5,3.7,56.2,25.6,50
2014-09-29,25.1,25.1,Accumulation,33.8,12.7,3.7,59.5,26.7,47.6
2014-09-30,25.6,25.6,Accumulation,34.6,14.5,3.7,56.1,29,47.7
2014-10-01,34.8,34.8,Neutral,34.1,13.9,52.1,47.7,36.8,45.1
2014-10-02,34.7,34.7,Neutral,33.7,12.3,51.9,54.5,34.2,45.9
2014-10-03,33.7,33.7,Neutral,32.9,9.9,51.7,57,28.1,48.9
2014-10-04,32.7,32.7,Neutral,31.7,6.2,51.5,57,31.6,48.9
2014-10-05,32.8,32.8,Neutral,31.6,5.8,51.3,56.9,34.2,48.9
2014-10-06,33.3,33.3,Neutral,32,6.8,51.1,56,38,47.3
2014-10-07,33.1,33.1,Neutral,32.1,7.1,51,55.8,37.7,43.5
2014-10-08,33.3,33.3,Neutral,32.9,9.6,50.8,58.1,26.8,48
2014-10-09,32.9,32.9,Neutral,32.9,10.8,50.6,55.8,25,43.1
2014-10-10,34.9,34.9,Neutral,32.8,10.6,50.4,78.3,24.7,41.3
2014-10-11,35,35,Neutral,32.9,10.8,50.2,78.2,25.3,41.3
2014-10-12,35.5,35.5,Neutral,33.9,13.4,50.1,78.1,21.5,41.3
2014-10-13,36.8,36.8,Neutral,34.6,15.8,49.9,78,26.6,39.9
2014-10-14,37.5,37.5,Neutral,35,16.6,49.7,77.9,31.7,39.5
2014-10-15,35.9,35.9,Neutral,34.4,15.5,49.5,77.1,22,37.7
2014-10-16,35.5,35.5,Neutral,33.5,13.7,49.4,77.8,25,37.9
2014-10-17,35.6,35.6,Neutral,33.6,13.7,49.2,77.9,24.3,39.9
2014-10-18,35.4,35.4,Neutral,34.1,14.4,49,77.8,20.3,39.9
2014-10-19,36.2,36.2,Neutral,33.9,14.2,48.9,77.7,29.6,39.9
2014-10-20,35.1,35.1,Neutral,33.3,12.9,48.7,79.2,22.1,40.4
2014-10-21,35.5,35.5,Neutral,33.5,13.5,48.5,79.4,22.1,43.5
2014-10-22,35.5,35.5,Neutral,33.4,12.4,48.4,78.8,27.2,41.4
2014-10-23,34.5,34.5,Neutral,32,8.4,48.2,79.6,29.7,45.2
2014-10-24,34.4,34.4,Neutral,32.3,8.7,48,79.6,26.8,46.1
2014-10-25,34.2,34.2,Neutral,31.7,7.4,47.9,79.5,29.4,46.1
2014-10-26,34.2,34.2,Neutral,32.2,8.1,47.7,79.4,27.5,46.1
2014-10-27,33.1,33.1,Neutral,31.7,7.2,47.6,79.2,20.8,45.8
2014-10-28,35.1,35.1,Neutral,32.5,8.1,47.4,79.9,32.7,50.8
2014-10-29,32.8,32.8,Neutral,30.6,5.6,47.2,80,23.6,48.9
2014-10-30,34.2,34.2,Neutral,31,6.8,47.1,79.9,32.2,51
2014-10-31,33.9,33.9,Neutral,30.5,6.2,46.9,80.1,32.1,52.5
2014-11-01,26.7,26.7,Accumulation,29.9,5.4,3.3,99.7,30.8,53.2
2014-11-02,25.6,25.6,Accumulation,29.8,5.3,3.3,99.5,21,53.2
2014-11-03,25.9,25.9,Accumulation,30,5.7,3.3,99,23.2,51.4
2014-11-04,26.4,26.4,Accumulation,30.5,6.3,3.2,98.9,25.5,51
2014-11-05,26.9,26.9,Accumulation,30.8,6.9,3.2,98.9,27.6,52.6
2014-11-06,27.5,27.5,Accumulation,31.8,9,3.2,98.5,24.6,54.7
2014-11-07,27.5,27.5,Accumulation,31.1,7.7,3.2,97.7,29.9,56.1
2014-11-08,27,27,Accumulation,31.1,8.2,3.2,97.6,23.7,56.1
2014-11-09,29,29,Accumulation,32.9,11.1,3.2,97.4,31.9,56.1
2014-11-10,28.8,28.8,Accumulation,32.9,10.8,3.2,98.7,27.9,58.1
2014-11-11,29.2,29.2,Accumulation,33.6,11.8,3.2,99.4,28,57.1
2014-11-12,32.9,32.9,Neutral,37.8,21.1,3.2,98.9,29,56.7
2014-11-13,32.6,32.6,Neutral,37.6,19.9,3.2,98.7,31,53.8
2014-11-14,31,31,Neutral,35.7,16.4,3.1,99.8,28.4,55.2
2014-11-15,29.4,29.4,Accumulation,34.5,12.2,3.1,99.7,26.9,55.2
2014-11-16,30.1,30.1,Neutral,35.9,14.3,3.1,99.5,23.6,55.2
2014-11-17,30.3,30.3,Neutral,35.2,13.7,3.1,99.4,31.1,52.7
2014-11-18,28.8,28.8,Accumulation,33.8,11.7,3.1,99.8,24.5,53
2014-11-19,29.3,29.3,Accumulation,34,12.4,3.1,99.7,27.7,52.8
2014-11-20,27.8,27.8,Accumulation,33,8.7,3.1,99.5,24,54.1
2014-11-21,27.4,27.4,Accumulation,32.8,8.5,3.1,98.9,21.4,56.4
2014-11-22,27,27,Accumulation,32.7,8.7,3.1,98.8,17.1,56.4
2014-11-23,28.8,28.8,Accumulation,33.6,10.9,3.1,98.6,26.8,56.4
2014-11-24,29.1,29.1,Accumulation,34,11.9,3,99.8,24.6,57.3
2014-11-25,29.7,29.7,Accumulation,34.5,13,3,99.7,26,58.4
2014-11-26,28.6,28.6,Accumulation,33.8,11.5,3,99.7,20.8,58.6
2014-11-27,28.9,28.9,Accumulation,34.1,12,3,99.5,21.6,58.5
2014-11-28,29.4,29.4,Accumulation,34.9,13.6,3,99.4,22.8,54
2014-11-29,29.6,29.6,Accumulation,35.3,13.2,3,99.2,25.1,54
2014-11-30,30.5,30.5,Neutral,35.5,13.5,3,99.1,32.2,54
2014-12-01,30.8,30.8,Neutral,35.9,14.3,3,99,34.2,50.8
2014-12-02,30.2,30.2,Neutral,35.9,14.4,3,98.7,25,56.8
2014-12-03,30.2,30.2,Neutral,35.2,13.3,3,98.5,29.5,57.8
2014-12-04,29.4,29.4,Accumulation,34.9,12.4,3,98.4,24.6,57.9
2014-12-05,30.3,30.3,Neutral,35.9,14.2,2.9,98.5,25.8,59.5
2014-12-06,30.3,30.3,Neutral,35.9,13.6,2.9,98.4,27.2,59.5
2014-12-07,29.9,29.9,Accumulation,36.4,14.1,2.9,98.2,20.7,59.5
2014-12-08,28.4,28.4,Accumulation,34.2,11.1,2.9,97.7,25.2,50
2014-12-09,28.3,28.3,Accumulation,32.8,9.8,2.9,98.5,31.7,46.8
2014-12-10,26.7,26.7,Accumulation,32.4,9.1,2.9,96.2,22.9,43.6
2014-12-11,26.8,26.8,Accumulation,32.5,9.3,2.9,97.4,22.1,43.4
2014-12-12,27.1,27.1,Accumulation,33,10.7,2.9,93.9,24.7,42.8
2014-12-13,26.6,26.6,Accumulation,33,10.6,2.9,93.8,20,42.8
2014-12-14,27.6,27.6,Accumulation,33.8,11.8,2.9,93.7,24.6,42.8
2014-12-15,27.1,27.1,Accumulation,33,10.7,2.9,92.5,26.1,42.7
2014-12-16,25.8,25.8,Accumulation,31.4,8,2.9,92.1,24.7,41.6
2014-12-17,25.9,25.9,Accumulation,31.4,7.3,2.8,94.6,24.6,44.1
2014-12-18,25.9,25.9,Accumulation,32.2,6.9,2.8,96.6,20.1,46.2
2014-12-19,25.4,25.4,Accumulation,32,7.4,2.8,95.7,15.4,46.4
2014-12-20,26.2,26.2,Accumulation,33.8,9,2.8,95.6,13.9,46.4
2014-12-21,25.2,25.2,Accumulation,32.3,7.9,2.8,95.5,10.6,46.4
2014-12-22,26.2,26.2,Accumulation,31.9,9.5,2.8,95.9,16.7,48
2014-12-23,28,28,Accumulation,33.3,10.9,2.8,95.6,27.4,49
2014-12-24,26.1,26.1,Accumulation,32.2,9,2.8,95.1,15.9,50.1
2014-12-25,25.8,25.8,Accumulation,31.8,8.7,2.8,95,15.3,50
2014-12-26,27.6,27.6,Accumulation,33,10.2,2.8,95.1,26,49.4
2014-12-27,26.8,26.8,Accumulation,33,8.7,2.8,95,22.3,49.4
2014-12-28,26.5,26.5,Accumulation,33.1,9.1,2.8,94.9,17.7,49.4
2014-12-29,26.7,26.7,Accumulation,31.3,8.5,2.8,94.5,27.3,48.4
2014-12-30,26.3,26.3,Accumulation,31.4,7.9,2.7,93,27,46.6
2014-12-31,26.3,26.3,Accumulation,33.2,8.4,2.7,94.5,19.9,44.5
2015-01-01,25.1,25.1,Accumulation,32.9,7.5,2.7,90.1,15,45.7
2015-01-02,28,28,Accumulation,34.4,11.9,2.7,90.3,28.3,45.5
2015-01-03,25.1,25.1,Accumulation,31.9,4.3,2.7,90.2,25.6,45.4
2015-01-04,24.6,24.6,Accumulation,29.5,3.5,2.7,90.1,30.9,45.4
2015-01-05,25.7,25.7,Accumulation,31.2,6.4,2.7,90,30.9,43.4
2015-01-06,24,24,Accumulation,29.8,5.9,2.7,86.9,22.9,42.1
2015-01-07,24.4,24.4,Accumulation,29.5,7.5,2.7,86.9,22.5,43.2
2015-01-08,24.6,24.6,Accumulation,29.5,7.4,2.7,89.9,21,45.4
2015-01-09,26.5,26.5,Accumulation,30.9,13.9,2.7,88.3,22,44.1
2015-01-10,23.5,23.5,Accumulation,28.4,5.9,2.7,88.2,18.9,44.1
2015-01-11,23,23,Accumulation,27.1,5.4,2.7,88.1,20,44.1
2015-01-12,23.2,23.2,Accumulation,26.6,4.1,2.7,87.5,28.3,42
2015-01-13,21.4,21.4,Accumulation,24.1,3.2,2.6,86.5,20.7,41.7
2015-01-14,20,20,Accumulation,21,2,2.6,87.6,18.3,41.2
2015-01-15,21.6,21.6,Accumulation,23.3,3.4,2.6,84.7,28.2,38.4
2015-01-16,21.5,21.5,Accumulation,22.8,3.3,2.6,86.1,27.2,39.1
2015-01-17,20.6,20.6,Accumulation,22.3,3.1,2.6,86,21,39.1
2015-01-18,21.4,21.4,Accumulation,23.3,4.8,2.6,85.9,21.2,39.1
2015-01-19,22.7,22.7,Accumulation,23.6,6.2,2.6,85.8,30.3,39.1
2015-01-20,21.8,21.8,Accumulation,23.2,4.7,2.6,88.7,24,38
2015-01-21,22.4,22.4,Accumulation,25.6,7.7,2.6,87.8,16.3,38.6
2015-01-22,24.3,24.3,Accumulation,26.1,8.8,2.6,91.1,26.5,40.8
2015-01-23,24.3,24.3,Accumulation,26.8,9.3,2.6,92.3,21.6,40.8
2015-01-24,24,24,Accumulation,27.6,10.4,2.6,92.1,13.5,40.8
2015-01-25,24.8,24.8,Accumulation,28.3,11.1,2.6,92,17.7,40.8
2015-01-26,27.7,27.7,Accumulation,30.6,17.3,2.6,93.9,21.6,43
2015-01-27,25.8,25.8,Accumulation,30.5,14.2,2.6,89.3,16.6,39.1
2015-01-28,23.5,23.5,Accumulation,27,9.5,2.5,87.3,18.8,37.6
2015-01-29,24.6,24.6,Accumulation,27.4,9.6,2.5,89.5,24.5,40.6
2015-01-30,24.3,24.3,Accumulation,27.6,8.9,2.5,89.2,25.2,37.8
2015-01-31,22.7,22.7,Accumulation,26.4,6.6,2.5,89.1,17.7,37.8
2015-02-01,23.9,23.9,Accumulation,27.3,8,2.5,85.1,26.1,42.9
2015-02-02,25.2,25.2,Accumulation,28.2,11.1,2.5,87.9,23.9,44.7
2015-02-03,24.6,24.6,Accumulation,26.8,8.1,2.5,89.8,26.9,47
2015-02-04,23.2,23.2,Accumulation,25.9,7.7,2.5,90.4,16.3,46.3
2015-02-05,23.5,23.5,Accumulation,25,5.9,2.5,92.1,24.4,48.2
2015-02-06,24.1,24.1,Accumulation,25.3,7.6,2.5,92.2,24.9,48.8
2015-02-07,24.7,24.7,Accumulation,25.6,8.4,2.5,92.1,28,48.8
2015-02-08,23.7,23.7,Accumulation,24.8,7.8,2.5,92,21.9,48.8
2015-02-09,23.3,23.3,Accumulation,24.4,6.9,2.5,92.2,21.9,47.5
2015-02-10,23.6,23.6,Accumulation,22.4,6.3,2.5,92.2,31,49.8
2015-02-11,23.4,23.4,Accumulation,22.5,6.3,2.5,92.3,27.5,51
2015-02-12,25.1,25.1,Accumulation,24,9.3,2.5,92.3,31.2,53.8
2015-02-13,26.3,26.3,Accumulation,26.5,13.8,2.4,92.3,24.5,54.3
2015-02-14,28.1,28.1,Accumulation,28,17.2,2.4,92.2,29.6,54.3
2015-02-15,27,27,Accumulation,25.9,13.4,2.4,92.1,35,54.3
2015-02-16,26.1,26.1,Accumulation,26.2,12.6,2.4,92,26.8,54.3
2015-02-17,28.2,28.2,Accumulation,27.1,15.9,2.4,91.9,37.6,54.1
2015-02-18,27,27,Accumulation,27.2,13.4,2.4,91.8,30.9,54.6
2015-02-19,27.9,27.9,Accumulation,27.6,15,2.4,91.7,35.5,54.6
2015-02-20,28.7,28.7,Accumulation,28.1,16.3,2.4,91.6,37.3,56.4
2015-02-21,27.9,27.9,Accumulation,27.5,16.3,2.4,91.5,31.7,56.4
2015-02-22,25.7,25.7,Accumulation,25.9,12.7,2.4,91.4,22.8,56.4
2015-02-23,26.6,26.6,Accumulation,25.9,14,2.4,90.9,30,55.7
2015-02-24,27.1,27.1,Accumulation,26.5,15,2.4,90.8,29.2,58.5
2015-02-25,25.9,25.9,Accumulation,25.9,12.8,2.4,91.3,24.9,57.6
2015-02-26,26.4,26.4,Accumulation,25,11.8,2.4,91.3,35.1,57
2015-02-27,29.3,29.3,Accumulation,28.1,19.6,2.4,91,34.4,58.6
2015-02-28,29.3,29.3,Accumulation,28.1,19.9,2.4,90.9,34.2,58.5
2015-03-01,28.6,28.6,Accumulation,28.5,21.3,2.4,84,30.7,55.3
2015-03-02,30.3,30.3,Neutral,30.1,24.9,2.3,85,32.7,56.9
2015-03-03,31.7,31.7,Neutral,30.7,26.9,2.3,84.3,41.8,54.2
2015-03-04,30.2,30.2,Neutral,29.7,23.9,2.3,82.8,39.4,52.9
2015-03-05,29.5,29.5,Accumulation,29.6,24.2,2.3,81.6,33,53.8
2015-03-06,28.8,28.8,Accumulation,29.8,24.6,2.3,76.1,30.1,52.2
2015-03-07,29.5,29.5,Accumulation,30.2,25.4,2.3,76.1,34,52.2
2015-03-08,29.1,29.1,Accumulation,30.5,25,2.3,76,30.1,52.1
2015-03-09,31.8,31.8,Neutral,32.4,28.3,2.3,78.5,40.6,52.3
2015-03-10,31.1,31.1,Neutral,33.2,28.6,2.3,75.3,35.9,48.8
2015-03-11,31.9,31.9,Neutral,33.8,29.5,2.3,74.8,40,48.3
2015-03-12,32.1,32.1,Neutral,33.5,29.5,2.3,76.9,40.1,50.8
2015-03-13,30,30,Neutral,31.6,27.7,2.3,78.6,27.6,49.8
2015-03-14,30.1,30.1,Neutral,31.1,27.1,2.3,78.5,31.9,49.8
2015-03-15,29.9,29.9,Accumulation,32.1,28.1,2.3,78.5,25,49.8
2015-03-16,32,32,Neutral,33.8,29.1,2.3,81,35.3,51.1
2015-03-17,31.2,31.2,Neutral,33.4,27.7,2.3,81.8,31.5,50.6
2015-03-18,28.5,28.5,Accumulation,30.4,20.7,2.3,82.8,27.1,54.4
2015-03-19,29.5,29.5,Accumulation,30.1,20.7,2.3,82.8,38.8,53.5
2015-03-20,29.3,29.3,Accumulation,29.6,22.2,2.3,83.4,31.8,57.3
2015-03-21,28.9,28.9,Accumulation,30.2,21.7,2.2,83.4,27.8,57.3
2015-03-22,30.3,30.3,Neutral,30.6,24.2,2.2,83.3,34.7,57.3
2015-03-23,29.1,29.1,Accumulation,29,22.1,2.2,83.1,33.7,55.5
2015-03-24,25.5,25.5,Accumulation,26.5,13.5,2.2,82.4,27.7,54.3
2015-03-25,26.3,26.3,Accumulation,27,14.7,2.2,79.7,36.6,48.9
2015-03-26,26.4,26.4,Accumulation,27.1,16.7,2.2,80.9,31.8,48.3
2015-03-27,25.9,25.9,Accumulation,27.6,15.9,2.2,81.5,25.3,49.5
2015-03-28,27.3,27.3,Accumulation,28.2,18.1,2.2,81.4,32.7,49.5
2015-03-29,24.5,24.5,Accumulation,26.7,12.9,2.2,81.3,22.7,49.5
2015-03-30,27.2,27.2,Accumulation,28.5,17.8,2.2,81.9,29.5,52.2
2015-03-31,26.1,26.1,Accumulation,27.9,17,2.2,80.5,25.2,50.3
2015-04-01,26.5,26.5,Accumulation,28.9,19.1,2.2,74,28.9,45.9
2015-04-02,27.1,27.1,Accumulation,29.8,21.3,2.2,74.2,25.8,48.1
2015-04-03,29.2,29.2,Accumulation,32.4,22.3,2.2,74.1,36.1,48.1
2015-04-04,28.3,28.3,Accumulation,33,21.8,2.2,74.1,26.7,48.1
2015-04-05,29.8,29.8,Accumulation,33.3,24.6,2.2,74,34.2,48.1
2015-04-06,29,29,Accumulation,32.3,21.8,2.2,75,35.6,48.1
2015-04-07,28.4,28.4,Accumulation,32.1,21.8,2.2,75.5,29.2,47.9
2015-04-08,27.6,27.6,Accumulation,30.4,17,2.2,76.4,36.2,50.9
2015-04-09,26.1,26.1,Accumulation,28.6,15.4,2.2,77.1,28,54.9
2015-04-10,25.5,25.5,Accumulation,28.3,12.3,2.2,78.3,28.8,55.8
2015-04-11,26.3,26.3,Accumulation,29,12.2,2.1,78.2,34.8,55.8
2015-04-12,25.7,25.7,Accumulation,29.2,12.6,2.1,78.2,27.7,55.8
2015-04-13,24.2,24.2,Accumulation,29.1,9.1,2.1,76.2,25.7,51.3
2015-04-14,25.5,25.5,Accumulation,30.8,8.3,2.1,75.7,35.6,52.5
2015-04-15,25.4,25.4,Accumulation,29.7,9.8,2.1,76.6,31.9,55.5
2015-04-16,24.9,24.9,Accumulation,30.3,10.4,2.1,76.5,22.8,56.6
2015-04-17,24.1,24.1,Accumulation,29.3,8.6,2.1,75.3,26.5,50.4
2015-04-18,23.5,23.5,Accumulation,28.9,9,2.1,75.3,21.7,50.3
2015-04-19,23.6,23.6,Accumulation,28.5,8.8,2.1,75.2,23.9,50.3
2015-04-20,24.5,24.5,Accumulation,29,9.5,2.1,75.8,27.5,53.9
2015-04-21,26.6,26.6,Accumulation,30.6,13.7,2.1,78.5,30.6,53.6
2015-04-22,26.5,26.5,Accumulation,29.9,13.1,2.1,78.8,30.4,57.3
2015-04-23,26.7,26.7,Accumulation,30.3,13.7,2.1,78.9,29.4,58.1
2015-04-24,24.7,24.7,Accumulation,28.1,11.5,2.1,77.9,22.4,59.2
2015-04-25,24.7,24.7,Accumulation,26.6,10.5,2.1,77.8,29.4,59.2
2015-04-26,23,23,Accumulation,22.7,8.5,2.1,77.7,29.5,59.2
2015-04-27,23.7,23.7,Accumulation,25.4,10.7,2.1,76.5,25.7,55.1
2015-04-28,22.8,22.8,Accumulation,27,9.5,2.1,73.5,17.1,57.7
2015-04-29,23.5,23.5,Accumulation,25.7,8.4,2.1,81.4,23.9,54.8
2015-04-30,24.6,24.6,Accumulation,29.1,12.1,2.1,81.3,17.1,51.4
2015-05-01,25.4,25.4,Accumulation,29.2,11.4,2.1,90.5,14.7,57.5
2015-05-02,26.4,26.4,Accumulation,29.3,12.4,2.1,90.5,21.9,57.4
2015-05-03,26.6,26.6,Accumulation,29.7,14.4,2,90.4,18,57.4
2015-05-04,27.4,27.4,Accumulation,30.6,15.4,2,90.2,21.1,57
2015-05-05,26.1,26.1,Accumulation,29.7,13.9,2,88.7,19.1,50.9
2015-05-06,25.2,25.2,Accumulation,27.8,10.5,2,88.9,24.7,49.2
2015-05-07,26.9,26.9,Accumulation,29.5,13.5,2,87.9,29.6,49.5
2015-05-08,28.4,28.4,Accumulation,31.6,17.5,2,89.8,23.2,57.5
2015-05-09,28,28,Accumulation,31.2,17.1,2,89.7,21.6,57.5
2015-05-10,27.3,27.3,Accumulation,30.5,15.9,2,89.6,19.5,57.4
2015-05-11,27.6,27.6,Accumulation,30.8,16.9,2,89.8,20.7,54.1
2015-05-12,28.3,28.3,Accumulation,30.9,17.3,2,87.6,28.4,53.6
2015-05-13,26.1,26.1,Accumulation,28.5,13.7,2,87.4,24,52.7
2015-05-14,26.1,26.1,Accumulation,26.9,12.7,2,89.5,27,56.9
2015-05-15,25.7,25.7,Accumulation,25.8,13.6,2,88.2,24.8,57.3
2015-05-16,25.2,25.2,Accumulation,26.7,13.1,2,88.1,18.2,57.3
2015-05-17,25.2,25.2,Accumulation,26.9,13.7,2,88,15.8,57.3
2015-05-18,26,26,Accumulation,25.5,13,2,88.4,31,56.4
2015-05-19,25.4,25.4,Accumulation,26.2,13.2,2,87.8,22.4,56.6
2015-05-20,26.4,26.4,Accumulation,28.2,16.5,2,86.6,19.4,56.5
2015-05-21,27.1,27.1,Accumulation,28.1,17.6,2,86.1,23.7,58.7
2015-05-22,28.1,28.1,Accumulation,28.9,19.1,2,85.9,27.8,58.1
2015-05-23,27.1,27.1,Accumulation,29.3,18.8,2,85.8,17.8,58
2015-05-24,27.4,27.4,Accumulation,29.9,19.4,2,85.7,17.5,58
2015-05-25,27.7,27.7,Accumulation,29.1,19.2,2,85.7,23,58
2015-05-26,27.3,27.3,Accumulation,29.2,19.1,2,83.5,25.5,50.4
2015-05-27,28.5,28.5,Accumulation,30.2,20.7,2,86,25.3,54.4
2015-05-28,28.7,28.7,Accumulation,29,22,1.9,86.9,27.1,54.1
2015-05-29,28.7,28.7,Accumulation,29.2,23.5,1.9,86.3,24.1,51.6
2015-05-30,28.5,28.5,Accumulation,28,21,1.9,86.2,32.7,51.6
2015-05-31,26.7,26.7,Accumulation,25,19.5,1.9,86.1,27.8,51.6
2015-06-01,25.6,25.6,Accumulation,22.6,17.5,1.9,89.4,26.2,50.8
2015-06-02,26.1,26.1,Accumulation,24.5,18.9,1.9,88.7,22.9,50.5
2015-06-03,25.5,25.5,Accumulation,21.7,17.1,1.9,90.3,26.4,54.3
2015-06-04,24.4,24.4,Accumulation,21.1,16.8,1.9,87.2,22.7,49.8
2015-06-05,25.9,25.9,Accumulation,22.6,18.6,1.9,92.6,23.1,51.1
2015-06-06,26.2,26.2,Accumulation,23.4,19.7,1.9,92.5,20.3,51.1
2015-06-07,26.2,26.2,Accumulation,20.6,19.2,1.9,92.4,30.7,51.1
2015-06-08,27.5,27.5,Accumulation,24.1,23.5,1.9,89.5,26.9,48.3
2015-06-09,27.4,27.4,Accumulation,22.7,22.9,1.9,89.4,30.5,50
2015-06-10,27.6,27.6,Accumulation,22.5,22.5,1.9,93.5,27.3,55.9
2015-06-11,28.7,28.7,Accumulation,23.6,22.7,1.9,92.6,34.8,56.6
2015-06-12,27.3,27.3,Accumulation,23.5,22.9,1.9,90.5,24.4,52.3
2015-06-13,27.9,27.9,Accumulation,24.3,24.5,1.9,90.4,24.8,52.3
2015-06-14,28.7,28.7,Accumulation,24,24.8,1.9,90.4,33,52.3
2015-06-15,29.1,29.1,Accumulation,25.3,26.8,1.9,85.9,34.9,47.3
2015-06-16,31.6,31.6,Neutral,29.3,31.7,1.9,88.6,32.5,48.7
2015-06-17,31.2,31.2,Neutral,28.9,30.9,1.9,89.1,29.8,50.5
2015-06-18,32.6,32.6,Neutral,28.6,31.4,1.9,90.3,39.9,55.8
2015-06-19,31.6,31.6,Neutral,27.9,29.5,1.9,89.6,40.1,51.3
2015-06-20,30.7,30.7,Neutral,27.3,29.9,1.9,89.5,31.5,51.3
2015-06-21,30.1,30.1,Neutral,27.7,29.3,1.9,89.5,26.3,51.3
2015-06-22,32.1,32.1,Neutral,30,31,1.9,90.2,30.3,58.6
2015-06-23,32.6,32.6,Neutral,29.7,30.3,1.9,90.2,36.5,60.8
2015-06-24,30.5,30.5,Neutral,28.8,28.5,1.9,85.4,30.3,56.1
2015-06-25,31.5,31.5,Neutral,29.3,30,1.8,85,36.7,53.1
2015-06-26,31.3,31.3,Neutral,28.8,30.3,1.8,84.8,36,53.1
2015-06-27,32.8,32.8,Neutral,30.7,33.5,1.8,84.7,37.3,53.1
2015-06-28,31.6,31.6,Neutral,29.9,32.5,1.8,84.6,29.5,53.1
2015-06-29,32.4,32.4,Neutral,31,36.4,1.8,80.3,34.5,43.7
2015-06-30,33.1,33.1,Neutral,31.3,37.3,1.8,82.1,35.9,44.8
2015-07-01,32.2,32.2,Neutral,30.2,36.1,1.8,76.8,36.6,47.5
2015-07-02,31.7,31.7,Neutral,29.8,35.3,1.8,78.8,33.3,47.2
2015-07-03,32.7,32.7,Neutral,30.1,36.1,1.8,78.8,40.2,47.2
2015-07-04,33.2,33.2,Neutral,30,37.3,1.8,78.7,42.4,47.2
2015-07-05,33.9,33.9,Neutral,31.4,39.6,1.8,78.7,40.1,47.2
2015-07-06,33.7,33.7,Neutral,31.5,39.9,1.8,78.5,38.3,45.1
2015-07-07,35,35,Neutral,31.6,39.4,1.8,79.5,50.4,46.9
2015-07-08,33.9,33.9,Neutral,32.1,40.5,1.8,78.4,37.8,42.4
2015-07-09,34.8,34.8,Neutral,32.4,40.5,1.8,80.7,43.1,43.3
2015-07-10,35.2,35.2,Neutral,33.4,42.5,1.8,82.5,36.4,47
2015-07-11,36.5,36.5,Neutral,34.4,43.6,1.8,82.4,43.8,47
2015-07-12,38.4,38.4,Neutral,38.3,46.5,1.8,82.3,43.4,47
2015-07-13,36.9,36.9,Neutral,35.6,43.8,1.8,84,38.9,53.3
2015-07-14,37.2,37.2,Neutral,34.6,43.2,1.8,87.9,41.1,55.9
2015-07-15,36.7,36.7,Neutral,33.6,42.5,1.8,89.1,39.4,56.2
2015-07-16,36.8,36.8,Neutral,33.3,41.7,1.8,89.1,41.5,60.1
2015-07-17,36.3,36.3,Neutral,33.2,41.7,1.8,89.1,36.6,60.2
2015-07-18,36.8,36.8,Neutral,33,41.3,1.8,89,43.2,60.2
2015-07-19,36.2,36.2,Neutral,32.7,41.2,1.8,88.9,38.7,60.2
2015-07-20,36.9,36.9,Neutral,32.5,42.1,1.8,88.9,44.5,59.5
2015-07-21,36.5,36.5,Neutral,32.3,41.5,1.8,88.3,43.3,58.8
2015-07-22,35.7,35.7,Neutral,32.1,41.3,1.8,88.8,36.3,58
2015-07-23,36.2,36.2,Neutral,32.6,41.5,1.8,86.8,42.5,55.7
2015-07-24,37.2,37.2,Neutral,35.3,44.3,1.8,88.2,37.9,51
2015-07-25,38.2,38.2,Neutral,35.5,44.3,1.8,88.1,47.8,51
2015-07-26,38,38,Neutral,36,45,1.7,88,42,50.9
2015-07-27,37.9,37.9,Neutral,37,46.4,1.7,84.2,41.1,45.8
2015-07-28,38.8,38.8,Neutral,37,46.3,1.7,89.5,42.5,52.3
2015-07-29,37.7,37.7,Neutral,35,44.3,1.7,89.5,39.7,56.8
2015-07-30,38.2,38.2,Neutral,35.1,44.2,1.7,89.5,44.4,57.4
2015-07-31,37.1,37.1,Neutral,34,43.4,1.7,89.3,39.1,56.8
2015-08-01,37,37,Neutral,32.9,42.4,1.7,89.3,43.1,58.2
2015-08-02,37.1,37.1,Neutral,33.2,42.8,1.7,89.2,42.6,58.2
2015-08-03,36.6,36.6,Neutral,32.9,42.1,1.7,89.1,41.8,55.8
2015-08-04,38.2,38.2,Neutral,34.8,43.7,1.7,89.6,48.2,54
2015-08-05,35.9,35.9,Neutral,32.2,41.2,1.7,89.6,37.8,57
2015-08-06,35.1,35.1,Neutral,31.1,40.5,1.7,89.5,38.1,51.5
2015-08-07,35.5,35.5,Neutral,31.8,41.1,1.7,89.6,38.6,51.2
2015-08-08,33.5,33.5,Neutral,29.6,36.7,1.7,89.5,35.7,51.2
2015-08-09,34.2,34.2,Neutral,29.7,37.2,1.7,89.4,41.6,51.2
2015-08-10,33.8,33.8,Neutral,29.3,36.7,1.7,89.7,36.5,57.4
2015-08-11,35.2,35.2,Neutral,30.2,38.3,1.7,89.3,47.3,50.5
2015-08-12,35.3,35.3,Neutral,30.4,38.4,1.7,89.6,47,51.1
2015-08-13,33.2,33.2,Neutral,29.6,36.6,1.7,89.7,32.9,51.1
2015-08-14,34,34,Neutral,29.8,37,1.7,89.7,38.3,54
2015-08-15,33.2,33.2,Neutral,29.2,35.9,1.7,89.6,35.2,54
2015-08-16,32.6,32.6,Neutral,28.8,34.6,1.7,89.5,33.1,54
2015-08-17,32.7,32.7,Neutral,28.8,34.7,1.7,89.8,33.8,53.6
2015-08-18,29.4,29.4,Accumulation,25.2,25.8,1.7,89.3,35.8,50.6
2015-08-19,29.2,29.2,Accumulation,25.3,26.7,1.7,89.3,33.8,45.7
2015-08-20,30.5,30.5,Neutral,26.4,29.3,1.7,88.5,41.1,39.4
2015-08-21,29.7,29.7,Accumulation,26.3,28.8,1.7,88.3,36.6,35.5
2015-08-22,30.2,30.2,Neutral,25.6,28.1,1.7,88.2,45.1,35.5
2015-08-23,29.6,29.6,Accumulation,25.2,27.3,1.7,88.2,43.1,35.5
2015-08-24,26.1,26.1,Accumulation,19.5,24.1,1.7,87.7,34.2,33.2
2015-08-25,29.2,29.2,Accumulation,24.8,26.9,1.7,87.6,43,32.7
2015-08-26,29.5,29.5,Accumulation,25.8,29.2,1.7,87.7,35.8,36.5
2015-08-27,30.4,30.4,Neutral,25.5,28.7,1.7,87.7,45.5,38.6
2015-08-28,30.4,30.4,Neutral,26.6,30.7,1.7,87.7,37,38.3
2015-08-29,30.8,30.8,Neutral,26.5,30.1,1.7,87.6,43,38.3
2015-08-30,30.8,30.8,Neutral,26.5,29.6,1.6,87.6,44.9,38.3
2015-08-31,30.8,30.8,Neutral,26.7,30.4,1.6,87.4,42.3,37
2015-09-01,29.9,29.9,Accumulation,26.7,29.9,1.6,77.2,45.1,36.1
2015-09-02,31.2,31.2,Neutral,27.5,32.1,1.6,77.3,49.4,37.8
2015-09-03,30.3,30.3,Neutral,26.9,30.6,1.6,77.3,46.7,37.7
2015-09-04,30.2,30.2,Neutral,27.5,32.6,1.6,77,40.1,36.1
2015-09-05,31.7,31.7,Neutral,28,34.5,1.6,76.9,48.5,36.1
2015-09-06,31.8,31.8,Neutral,28.4,35.5,1.6,76.9,45.8,36.1
2015-09-07,31.9,31.9,Neutral,28.7,36,1.6,76.8,45.2,36.2
2015-09-08,33,33,Neutral,29.4,37,1.6,78,48.7,38.8
2015-09-09,31.1,31.1,Neutral,27.9,34.8,1.6,77.4,40.3,37.8
2015-09-10,32.2,32.2,Neutral,28.5,35.4,1.6,77.5,47.7,38.9
2015-09-11,32.4,32.4,Neutral,27.9,34.9,1.6,77.9,51.6,39.7
2015-09-12,31.1,31.1,Neutral,27.2,33.1,1.6,77.9,45.6,39.7
2015-09-13,29.4,29.4,Accumulation,26.6,31,1.6,77.9,36,39.7
2015-09-14,29.5,29.5,Accumulation,25.5,30.4,1.6,77.6,42.1,38.4
2015-09-15,29.5,29.5,Accumulation,25.2,29.7,1.6,79.1,42.9,40.1
2015-09-16,29.7,29.7,Accumulation,24.8,29.4,1.6,79.2,45.5,41.3
2015-09-17,29.6,29.6,Accumulation,25.8,30.2,1.6,79.2,39.2,41.8
2015-09-18,29.5,29.5,Accumulation,26.2,31,1.6,78.9,37.2,38.6
2015-09-19,29.3,29.3,Accumulation,25.3,29.3,1.6,78.9,42.3,38.6
2015-09-20,28.4,28.4,Accumulation,25.1,29.5,1.6,78.8,33.2,38.6
2015-09-21,27.9,27.9,Accumulation,24.3,27.4,1.6,79.1,35.5,39.9
2015-09-22,29.4,29.4,Accumulation,26.4,30.8,1.6,79,37.1,37.3
2015-09-23,30.4,30.4,Neutral,26.3,31.3,1.6,79.1,46,37.4
2015-09-24,31.6,31.6,Neutral,27.3,34.3,1.6,78.6,47.9,36.6
2015-09-25,30.8,30.8,Neutral,27.1,34.9,1.6,78.6,39.9,36.7
2015-09-26,31.4,31.4,Neutral,26.8,34.1,1.6,78.5,48.5,36.7
2015-09-27,30.3,30.3,Neutral,25.5,33.6,1.6,78.5,42.3,36.7
2015-09-28,31,31,Neutral,26.7,36.1,1.6,75.9,43.2,34.6
2015-09-29,30.9,30.9,Neutral,27.1,35.9,1.6,75.9,41.6,34.2
2015-09-30,31.6,31.6,Neutral,26.9,35.3,1.6,76.6,49.6,35.9
2015-10-01,29.7,29.7,Accumulation,26.9,35.6,1.6,67.7,39.2,34.1
2015-10-02,29.5,29.5,Accumulation,26.4,35.4,1.6,67.6,39.3,35.4
2015-10-03,29.1,29.1,Accumulation,25.8,36.1,1.6,67.6,35.5,35.4
2015-10-04,29.1,29.1,Accumulation,25.3,35.7,1.6,67.6,37.2,35.4
2015-10-05,30.4,30.4,Neutral,26.5,36.6,1.6,68,42.2,38.6
2015-10-06,30.9,30.9,Neutral,27.3,38.1,1.6,67.2,42.9,37.5
2015-10-07,29.4,29.4,Accumulation,25.4,35.9,1.6,67.9,37.5,39.1
2015-10-08,28.6,28.6,Accumulation,23.8,35.1,1.5,67.9,35.3,40.7
2015-10-09,28.4,28.4,Accumulation,23,34.4,1.5,69.9,35.7,40.8
2015-10-10,28.2,28.2,Accumulation,22.1,35.4,1.5,69.9,33.9,40.8
2015-10-11,30.1,30.1,Neutral,24.4,36.5,1.5,69.9,43.5,40.8
2015-10-12,28.7,28.7,Accumulation,23,34.2,1.5,70.1,38.3,41.6
2015-10-13,29.2,29.2,Accumulation,24.9,35.9,1.5,67.7,37.1,39.1
2015-10-14,30.5,30.5,Neutral,27.4,38.7,1.5,66.9,37.4,37.9
2015-10-15,30.9,30.9,Neutral,27,37.9,1.5,68,41.4,41
2015-10-16,33.3,33.3,Neutral,29.8,40.6,1.5,69,48.3,42.8
2015-10-17,33.3,33.3,Neutral,31.4,42.5,1.5,68.9,38.8,42.8
2015-10-18,31.4,31.4,Neutral,28.8,39.8,1.5,68.9,34.7,42.8
2015-10-19,32.9,32.9,Neutral,30.5,41.6,1.5,69.2,39.5,43.5
2015-10-20,34.4,34.4,Neutral,31.9,43.3,1.5,66.9,49.4,41.6
2015-10-21,32.5,32.5,Neutral,31.2,42.6,1.5,66,35.3,40.2
2015-10-22,33.9,33.9,Neutral,31.9,44.6,1.5,66.1,40.1,45.2
2015-10-23,34.6,34.6,Neutral,32.7,45.3,1.5,66,42,46.8
2015-10-24,35,35,Neutral,33.3,46,1.5,65.9,42.5,46.8
2015-10-25,34.8,34.8,Neutral,33.2,46.2,1.5,65.9,40.7,46.8
2015-10-26,35.6,35.6,Neutral,33.7,46.7,1.5,66.9,45.5,44.8
2015-10-27,35.5,35.5,Neutral,35.7,48.2,1.5,52.4,49.4,44.1
2015-10-28,37.2,37.2,Neutral,37.2,51.1,1.5,62.4,44,46.4
2015-10-29,38.3,38.3,Neutral,39.9,53.8,1.5,57.5,44.5,47.6
2015-10-30,39.7,39.7,Neutral,41.8,55.6,1.5,55.4,51.4,46.3
2015-10-31,38.5,38.5,Neutral,39.1,52.7,1.5,55.4,54,46.3
2015-11-01,37.8,37.8,Neutral,41.4,55.1,1.5,41.7,47,49.7
2015-11-02,40.6,40.4,Neutral,43.7,58.2,1.5,46.3,51.6,53.3
2015-11-03,42.8,41.9,Neutral,45.9,60.3,1.5,47.1,53.6,53.2
2015-11-04,43.5,42.3,Neutral,46,60.5,1.5,50.3,55.7,50.4
2015-11-05,41.9,41.3,Neutral,45,59.1,1.5,47,54.5,50.9
2015-11-06,41,40.7,Neutral,44.7,58.8,1.5,47.6,48.5,52.9
2015-11-07,41,40.7,Neutral,44.9,59.2,1.5,47.6,46.8,52.9
2015-11-08,41.1,40.7,Neutral,44.4,58.9,1.5,47.6,49.6,52.9
2015-11-09,40.2,40.1,Neutral,44.9,59.3,1.5,44.4,46.3,49.3
2015-11-10,38.7,38.7,Neutral,42.1,56.3,1.5,44.2,48.1,50.4
2015-11-11,36.7,36.7,Neutral,39.1,52.1,1.5,44.5,47.3,49
2015-11-12,39.3,39.3,Neutral,42.2,56.3,1.5,42.6,57.8,45.9
2015-11-13,38.6,38.6,Neutral,42.1,55.6,1.5,39.2,56.6,43.9
2015-11-14,38.5,38.5,Neutral,42.1,55.2,1.5,39.2,56.1,43.9
2015-11-15,36.4,36.4,Neutral,40.6,52.7,1.5,39.2,46.2,43.9
2015-11-16,39,39,Neutral,43,55,1.5,41.8,55.6,45.2
2015-11-17,39.5,39.5,Neutral,43.4,55.8,1.5,42.1,57.8,44.9
2015-11-18,38.7,38.7,Neutral,42.9,55.6,1.5,45,47.6,47.6
2015-11-19,37.9,37.9,Neutral,42.3,53.7,1.5,43.2,48.4,47.1
2015-11-20,36.9,36.9,Neutral,41.6,52.3,1.5,43.3,42.3,49
2015-11-21,38.3,38.3,Neutral,42.1,53,1.4,43.3,53.6,49
2015-11-22,38.4,38.4,Neutral,42.3,52.5,1.4,43.3,54.9,49
2015-11-23,38,38,Neutral,41.4,51.9,1.4,43.9,54.9,48.5
2015-11-24,37.6,37.6,Neutral,40.4,51.6,1.4,43.6,54.6,48.3
2015-11-25,38.9,38.9,Neutral,41.9,52.8,1.4,46.8,56.8,49.1
2015-11-26,40.8,40.5,Neutral,43.7,56.8,1.4,46.8,57.7,49.1
2015-11-27,41.7,41.1,Neutral,43.9,57.6,1.4,47,60.9,49.3
2015-11-28,39.7,39.7,Neutral,43.9,57.4,1.4,47,47.1,49.3
2015-11-29,41.1,40.7,Neutral,44.5,59.1,1.4,47,51.6,49.3
2015-11-30,41.2,40.8,Neutral,45,59.5,1.4,43.8,54.2,47.2
2015-12-01,57.4,51.6,Caution,43.8,58,55.1,46.8,57.6,50.6
2015-12-02,56.5,51,Caution,43.1,56.5,55,46,59.6,47.1
2015-12-03,55.5,50.3,Caution,43.3,56.9,54.9,41.9,56.7,44.8
2015-12-04,55.4,50.3,Caution,43.2,57,54.9,46.6,49.2,50
2015-12-05,57.9,52,Caution,44.8,60,54.8,46.6,54.2,49.9
2015-12-06,59,52.7,Caution,44.7,60,54.7,46.6,62,49.9
2015-12-07,57.7,51.8,Caution,45.1,60.3,54.6,42.2,57,46.9
2015-12-08,59.3,52.9,Caution,46.6,61.8,54.5,45.1,57.9,44.6
2015-12-09,59.5,53,Caution,46.6,61.8,54.5,40.9,64.3,42.9
2015-12-10,59,52.7,Caution,46.3,61.6,54.4,41.3,62.2,43.3
2015-12-11,61,54,Caution,47.6,63.8,54.3,43.1,65.7,40.8
2015-12-12,58.1,52.1,Caution,47.1,62.7,54.2,43.2,50.3,40.8
2015-12-13,57.7,51.8,Caution,46.7,62.4,54.2,43.2,49.9,40.8
2015-12-14,58.9,52.6,Caution,47.5,63.5,54.1,44.8,50.8,41.6
2015-12-15,61.6,54.4,Caution,48,64.5,54,49.9,59.4,42.7
2015-12-16,60.4,53.6,Caution,47.8,64.1,53.9,47.7,54.8,44.5
2015-12-17,58.7,52.5,Caution,47.4,64.1,53.9,42.2,51,43
2015-12-18,60.4,53.6,Caution,48.2,64.7,53.8,46.1,55.3,40.9
2015-12-19,60.5,53.7,Caution,48.1,64.7,53.7,46.2,56.4,40.9
2015-12-20,59.6,53.1,Caution,46.6,63.2,53.6,46.2,59.1,40.9
2015-12-21,60.3,53.5,Caution,46.1,62.6,53.6,48.2,64.2,42.1
2015-12-22,59.1,52.7,Caution,45.9,62.1,53.5,48.1,57.4,44.3
2015-12-23,59.4,52.9,Caution,46,62.4,53.4,48.5,56.7,46.4
2015-12-24,60.5,53.7,Caution,46.7,63.5,53.3,48.7,59.7,45.7
2015-12-25,59.4,52.9,Caution,46.5,63.3,53.3,48.7,53.3,45.7
2015-12-26,58.1,52.1,Caution,44.2,60.5,53.2,48.7,59,45.6
2015-12-27,58.7,52.5,Caution,44.5,60.8,53.1,48.7,61.3,45.6
2015-12-28,59,52.7,Caution,44.4,60.7,53,47.2,66.3,44.2
2015-12-29,58.2,52.2,Caution,44.8,61.3,53,52.2,52.4,46.6
2015-12-30,57.6,51.7,Caution,44.5,60.9,52.9,50.8,52.9,44.6
2015-12-31,57.4,51.6,Caution,44.7,61.2,52.8,51.2,50.6,43
2016-01-01,43.9,42.6,Neutral,44.9,61.4,1.4,65.8,46.4,45.8
2016-01-02,44.3,42.9,Neutral,44.9,61.3,1.4,65.8,49.5,45.8
2016-01-03,43.8,42.6,Neutral,44.4,61,1.4,65.7,48.4,45.8
2016-01-04,42.5,41.7,Neutral,44.6,61.3,1.4,54.7,50.9,43.1
2016-01-05,44.9,43.2,Neutral,45.2,61.6,1.4,55.2,63.5,43
2016-01-06,42.8,41.9,Neutral,45,61.4,1.4,52.9,53.8,41.2
2016-01-07,43.9,42.6,Neutral,47.7,64.3,1.4,48.5,52.8,37.1
2016-01-08,43.2,42.1,Neutral,47.4,64.2,1.4,45.1,52.8,36.2
2016-01-09,44,42.7,Neutral,47,63.8,1.4,45.1,60.7,36.2
2016-01-10,42.7,41.8,Neutral,46.9,63.6,1.4,45.1,52.5,36.2
2016-01-11,44.8,43.2,Neutral,47.4,64.2,1.3,45.6,62.8,37.1
2016-01-12,43.1,42.1,Neutral,45.4,62.5,1.3,46,60.4,38.2
2016-01-13,42.4,41.6,Neutral,45.2,62.1,1.3,45.5,59.6,35.5
2016-01-14,41.5,41,Neutral,44.9,62,1.3,45.8,53.3,37.3
2016-01-15,36.2,36.2,Neutral,39.3,52.6,1.3,45.5,47.5,34.5
2016-01-16,37.8,37.8,Neutral,41.1,56.8,1.3,45.5,47.5,34.6
2016-01-17,37.8,37.8,Neutral,40.6,55.7,1.3,45.5,51.4,34.6
2016-01-18,38.9,38.9,Neutral,41,57.7,1.3,45.5,56.4,34.6
2016-01-19,38.9,38.9,Neutral,40.6,55.9,1.3,44.9,62.6,34.9
2016-01-20,39.9,39.9,Neutral,43.6,60.7,1.3,45.5,51.3,33.3
2016-01-21,40,40,Neutral,42,59.9,1.3,46,58.1,34.1
2016-01-22,37.5,37.5,Neutral,39.8,55.4,1.3,45.7,50,36.5
2016-01-23,38.8,38.8,Neutral,40,55.8,1.3,45.7,62.2,36.5
2016-01-24,39.8,39.8,Neutral,40.9,58.3,1.3,45.7,63.1,36.5
2016-01-25,38.6,38.6,Neutral,39.9,56.4,1.3,44.9,60.2,34.8
2016-01-26,38.4,38.4,Neutral,39.6,57.2,1.3,45.1,56.9,35.7
2016-01-27,37.8,37.8,Neutral,38.9,57,1.3,42.2,57.3,34.6
2016-01-28,37.6,37.6,Neutral,37,54,1.3,53.2,55.8,35.5
2016-01-29,37.5,37.5,Neutral,37.3,53.1,1.3,57.2,51.5,37.7
2016-01-30,37.8,37.8,Neutral,36.4,52.5,1.3,57.2,59,37.7
2016-01-31,36.9,36.9,Neutral,34.5,51.5,1.3,57.2,57.9,37.7
2016-02-01,37.9,37.9,Neutral,32.4,51.8,1.3,72.2,59.8,35
2016-02-02,36.9,36.9,Neutral,32.2,51.7,1.3,70.4,54.1,32.7
2016-02-03,37.4,37.4,Neutral,33.2,51.6,1.3,70.1,56.1,32.5
2016-02-04,38.6,38.6,Neutral,35.6,54,1.3,67.2,57.7,32.2
2016-02-05,36.8,36.8,Neutral,34.4,52.7,1.3,60.9,54.2,30
2016-02-06,36.6,36.6,Neutral,33.8,51.1,1.3,60.9,58.6,30
2016-02-07,37,37,Neutral,32.9,50.8,1.3,60.9,65.2,30
2016-02-08,37.7,37.7,Neutral,35.4,51.2,1.3,60.8,65.9,26.7
2016-02-09,37.4,37.4,Neutral,36.9,51.6,1.3,60.4,57.7,26.5
2016-02-10,38.4,38.4,Neutral,36.5,52.7,1.3,60.1,66.9,26.9
2016-02-11,37.1,37.1,Neutral,36.2,52,1.3,59.5,59.1,23
2016-02-12,38.4,38.4,Neutral,36.9,52.6,1.3,60.5,65.8,25
2016-02-13,38.5,38.5,Neutral,38.2,54.2,1.3,60.5,58.9,25
2016-02-14,38.9,38.9,Neutral,38.8,56.7,1.3,60.5,55.1,25
2016-02-15,38.8,38.8,Neutral,38,55.5,1.3,60.5,59,25
2016-02-16,39.1,39.1,Neutral,38.7,56.7,1.3,60.8,55.3,28.5
2016-02-17,40.1,40,Neutral,40.2,58.4,1.3,61.5,54.5,30.2
2016-02-18,40.2,40.1,Neutral,40.7,58.7,1.3,59.4,56.1,28.8
2016-02-19,40.8,40.5,Neutral,40.4,58.5,1.3,61,59.7,29
2016-02-20,41.8,41.2,Neutral,42.7,60.9,1.3,61,53.4,29
2016-02-21,43,42,Neutral,43.3,61.2,1.3,61,59.2,29.1
2016-02-22,42.4,41.6,Neutral,43.4,61.1,1.3,61.4,53.2,31.9
2016-02-23,39.1,39.1,Neutral,39.6,56.7,1.3,60.9,52.1,29.3
2016-02-24,39.5,39.5,Neutral,39.3,57.9,1.3,61.8,53.7,29.3
2016-02-25,39.4,39.4,Neutral,39,57.7,1.3,62.9,51.3,30.9
2016-02-26,41.5,41,Neutral,40,58.7,1.3,63.3,61.4,31.2
2016-02-27,39.8,39.8,Neutral,39,58.3,1.3,63.3,53.5,31.2
2016-02-28,40.2,40.1,Neutral,39,58.3,1.3,63.3,57.1,31.2
2016-02-29,41.6,41.1,Neutral,41.1,60.1,1.3,64.8,54.9,29.6
2016-03-01,44.3,42.9,Neutral,41.1,59.3,1.3,79.5,55.5,39.2
2016-03-02,41.8,41.2,Neutral,38.6,56.8,1.3,75.9,56,39.2
2016-03-03,41.8,41.2,Neutral,37.6,54.9,1.3,78.2,61.7,39.3
2016-03-04,37.6,37.6,Neutral,35.2,51.5,1.3,76.5,43,39.1
2016-03-05,37.8,37.8,Neutral,34.3,50.5,1.3,76.5,50,39.1
2016-03-06,37.4,37.4,Neutral,34.5,51.2,1.3,76.4,43.8,39.1
2016-03-07,37.2,37.2,Neutral,33.5,51.7,1.3,76,44,38.5
2016-03-08,36.2,36.2,Neutral,32.7,50.9,1.3,75.6,40.4,36.6
2016-03-09,37.2,37.2,Neutral,33.3,51.1,1.3,75.8,47.1,37.9
2016-03-10,37,37,Neutral,31.6,51.2,1.3,75.3,51.1,37.5
2016-03-11,37.5,37.5,Neutral,32.7,51.6,1.2,78.2,46.8,41.6
2016-03-12,37,37,Neutral,31.8,50.4,1.2,78.2,47.1,41.6
2016-03-13,36.3,36.3,Neutral,31.4,50.7,1.2,78.1,40.7,41.6
2016-03-14,35.2,35.2,Neutral,30.1,50.1,1.2,75.7,38.3,41.2
2016-03-15,36.2,36.2,Neutral,30.8,50.5,1.2,74.7,45.1,41.8
2016-03-16,37.2,37.2,Neutral,31.5,50.9,1.2,75.3,49.6,45.1
2016-03-17,36.5,36.5,Neutral,30.3,50.4,1.2,76.5,46,45.7
2016-03-18,36,36,Neutral,28.5,48.5,1.2,83.6,43.5,47.3
2016-03-19,36.1,36.1,Neutral,29.4,48.5,1.2,83.5,41.7,47.3
2016-03-20,36.5,36.5,Neutral,30.2,48.8,1.2,83.5,42.7,47.3
2016-03-21,37.4,37.4,Neutral,30.8,49.1,1.2,84.6,47.9,48.8
2016-03-22,37.6,37.6,Neutral,31.2,49.7,1.2,85.1,46.3,47.2
2016-03-23,36.5,36.5,Neutral,30.4,49.4,1.2,76.7,48.4,45.9
2016-03-24,37.3,37.3,Neutral,30.9,49.7,1.2,80.6,49.6,46.2
2016-03-25,37.7,37.7,Neutral,33,49.8,1.2,80.5,47.2,46.2
2016-03-26,37.7,37.7,Neutral,32.9,50,1.2,80.5,47.6,46.2
2016-03-27,38.8,38.8,Neutral,34.4,50.9,1.2,80.5,51.7,46.2
2016-03-28,37.9,37.9,Neutral,33.3,50.7,1.2,79.3,47.6,45.4
2016-03-29,39.2,39.2,Neutral,32,49,1.2,88,58.2,49.5
2016-03-30,38.5,38.5,Neutral,30.9,48,1.2,91.1,52.7,52.2
2016-03-31,37.8,37.8,Neutral,30.6,47.7,1.2,90.3,48.7,50.4
2016-04-01,36.6,36.6,Neutral,30.8,47.8,1.2,82.8,40.3,57.3
2016-04-02,37.7,37.7,Neutral,31.3,47.9,1.2,82.8,49.5,57.3
2016-04-03,36.9,36.9,Neutral,31.2,47.8,1.2,82.8,42.3,57.3
2016-04-04,36.7,36.7,Neutral,30.8,47.4,1.2,83.1,43.9,53.8
2016-04-05,38.4,38.4,Neutral,32.5,48.9,1.2,82.9,54.6,49
2016-04-06,37.9,37.9,Neutral,31,49,1.2,82.5,52.1,53.8
2016-04-07,36.6,36.6,Neutral,30,48,1.2,79.9,50.4,47.2
2016-04-08,36.3,36.3,Neutral,30.9,48.4,1.2,79.4,43.6,48.6
2016-04-09,36.3,36.3,Neutral,31,48.4,1.2,79.4,43.3,48.6
2016-04-10,37.2,37.2,Neutral,31.2,48.6,1.2,79.4,50.9,48.6
2016-04-11,37.9,37.9,Neutral,32.1,48.4,1.2,81.5,54.8,47
2016-04-12,37.8,37.8,Neutral,32.3,48.5,1.2,82.6,49.4,50.3
2016-04-13,36.8,36.8,Neutral,30.7,46.7,1.2,83.5,45.3,54.6
2016-04-14,39.4,39.4,Neutral,35.6,47.1,1.2,83.6,55.6,56.6
2016-04-15,39.4,39.4,Neutral,34.8,47.6,1.2,83.4,57.3,55.9
2016-04-16,38.7,38.7,Neutral,35.5,47.8,1.2,83.3,47.4,55.9
2016-04-17,37.9,37.9,Neutral,33.9,46.8,1.2,83.3,46.6,55.9
2016-04-18,39.7,39.7,Neutral,35.5,47.6,1.2,83.8,56.9,57.8
2016-04-19,38,38,Neutral,33,47.5,1.2,83.9,46.8,57.2
2016-04-20,39.5,39.5,Neutral,34.6,48.7,1.2,83.8,54.2,57.6
2016-04-21,41.5,41,Neutral,37.6,50.1,1.2,83.8,58.3,55
2016-04-22,40.8,40.6,Neutral,37.5,50,1.2,84,53.2,57.1
2016-04-23,40,40,Neutral,37.1,50.6,1.2,83.9,47.5,57.1
2016-04-24,41.4,41,Neutral,38.7,51.7,1.2,83.9,49.4,57.1
2016-04-25,41,40.7,Neutral,39.2,52,1.2,82.8,47.2,53.4
2016-04-26,42.3,41.5,Neutral,40.3,52.4,1.2,83.8,49.8,54.3
2016-04-27,39.7,39.7,Neutral,37.1,48.3,1.2,83.8,52.3,53.8
2016-04-28,39.3,39.3,Neutral,38.7,50.3,1.2,82,42.9,48.3
2016-04-29,39.6,39.6,Neutral,39.7,50.9,1.2,79.8,44.6,46.2
2016-04-30,39.3,39.3,Neutral,38.6,49.2,1.2,79.7,49.6,46.2
2016-05-01,47.9,45.3,Neutral,39,49.8,27.3,86.7,45.8,48
2016-05-02,48.1,45.4,Neutral,38,48.1,27.3,89.7,50.4,50.6
2016-05-03,48,45.3,Neutral,38.4,48.6,27.3,87.6,50.2,47.6
2016-05-04,48.4,45.6,Neutral,38.9,49.6,27.3,87.5,49.9,46.3
2016-05-05,49.8,46.5,Neutral,40.1,50.2,27.2,87.4,54.5,46.1
2016-05-06,51.1,47.4,Caution,42,51.4,27.2,89,52,47.6
2016-05-07,51,47.4,Caution,41.9,51.2,27.2,89,52.8,47.6
2016-05-08,50.1,46.7,Caution,41.8,51.1,27.1,88.9,47,47.6
2016-05-09,52.7,48.5,Caution,43.3,52.2,27.1,90.5,55.4,48.8
2016-05-10,52.4,48.2,Caution,41.9,51.3,27.1,91.1,56.5,53.7
2016-05-11,51.6,47.7,Caution,41.7,50.6,27,89.8,57.5,48.7
2016-05-12,50.9,47.2,Caution,41.9,51.1,27,89.7,51,48.9
2016-05-13,51.7,47.8,Caution,42.4,51.4,27,88.6,56.6,46.1
2016-05-14,51.8,47.9,Caution,41.7,51.1,26.9,88.6,60.1,46.1
2016-05-15,51.7,47.8,Caution,42.3,51.3,26.9,88.6,57.5,46.1
2016-05-16,51.3,47.6,Caution,41.9,50.9,26.9,88.7,56.2,48.4
2016-05-17,50,46.7,Caution,40.9,50.1,26.8,85.5,56.7,45
2016-05-18,49.8,46.5,Neutral,40.3,49.7,26.8,87.1,57.2,44.9
2016-05-19,47.7,45.2,Neutral,37.8,47.1,26.8,85.3,59.8,44
2016-05-20,46.6,44.4,Neutral,38,48.1,26.8,85.8,47.2,46.9
2016-05-21,48.3,45.6,Neutral,37.9,48,26.7,85.7,59.3,46.9
2016-05-22,46.3,44.2,Neutral,37,46.9,26.7,85.7,51.5,46.9
2016-05-23,49.4,46.3,Neutral,39.1,47.7,26.7,89.6,60.9,45.6
2016-05-24,49.8,46.6,Neutral,39.6,47.8,26.6,91,57.3,52
2016-05-25,49.8,46.5,Neutral,41.4,49.3,26.6,90.5,46.5,55.1
2016-05-26,50.4,46.9,Caution,42.1,50,26.6,90.5,45.6,57.1
2016-05-27,52.8,48.6,Caution,44.5,52.3,26.5,91.3,47.4,59
2016-05-28,56.5,51,Caution,47,58,26.5,91.2,49.8,59
2016-05-29,55.8,50.6,Caution,46.5,57.7,26.5,91.2,48.1,59
2016-05-30,57.5,51.6,Caution,47.4,59.3,26.4,91.1,52.5,59
2016-05-31,57.1,51.4,Caution,48,59.5,26.4,90.1,50.7,55.6
2016-06-01,66.6,56.6,Caution,48.4,59.8,54,86.5,49.2,56
2016-06-02,67.8,57.1,Caution,49,59.4,53.9,87.6,51.2,58.5
2016-06-03,70.5,58.2,Distribution,50.6,62.3,53.9,87.2,51,56.8
2016-06-04,70.5,58.2,Distribution,50.6,62.6,53.8,87.2,50.3,56.8
2016-06-05,69.6,57.8,Caution,50.5,62.4,53.7,87.1,47.9,56.8
2016-06-06,73.3,59.3,Distribution,50.7,62.4,53.7,88.1,61.3,57.1
2016-06-07,71.7,58.7,Distribution,49.5,61.6,53.6,88,61.4,55.8
2016-06-08,68,57.2,Caution,49.3,61.4,53.6,88,47.4,56
2016-06-09,66.9,56.7,Caution,48.5,60.4,53.5,87.9,49.3,53.5
2016-06-10,67.5,57,Caution,49.1,61,53.4,86.4,53.1,47.8
2016-06-11,69.3,57.7,Caution,51.4,63.3,53.4,86.4,47.6,47.8
2016-06-12,74.3,59.7,Distribution,53.4,66.4,53.3,86.3,54,47.8
2016-06-13,74.9,60,Distribution,54.4,68.2,53.3,86,51.8,43.8
2016-06-14,74.9,60,Distribution,53.6,67.3,53.2,85.5,57.1,43.4
2016-06-15,73.7,59.5,Distribution,54,67.9,53.1,85.4,49.9,43.2
2016-06-16,77.8,61.1,Distribution,56.2,69.7,53.1,85.4,55.2,42.8
2016-06-17,75.8,60.3,Distribution,55.6,69.5,53,81.1,54,42.8
2016-06-18,75.8,60.3,Distribution,55.8,69.8,53,81.1,53.1,42.8
2016-06-19,76.8,60.7,Distribution,55.9,69.9,52.9,81.1,56.4,42.8
2016-06-20,77.9,61.2,Distribution,54.3,68.9,52.8,85.2,63.4,44.9
2016-06-21,73.8,59.5,Distribution,51.7,65.6,52.8,84.2,63.1,46.4
2016-06-22,67.7,57.1,Caution,49.2,61.7,52.7,82.1,58.9,45.3
2016-06-23,69.2,57.7,Caution,50,63,52.7,85,53.8,50.5
2016-06-24,67.2,56.9,Caution,51.1,64.9,52.6,72.7,57.2,36.4
2016-06-25,66.1,56.5,Caution,50.8,64.8,52.6,72.6,54.4,36.4
2016-06-26,66.5,56.6,Caution,49.6,62.9,52.5,72.6,64.3,36.4
2016-06-27,66.5,56.6,Caution,51.3,65.2,52.4,67.2,59.8,33.9
2016-06-28,66.2,56.5,Caution,50.9,64.8,52.4,67.8,58.7,37.8
2016-06-29,67.4,57,Caution,50.2,63.8,52.3,74.5,59.5,42.1
2016-06-30,70.2,58.1,Distribution,51.6,65.5,52.3,75.1,59.6,45.7
2016-07-01,52.1,48.1,Caution,52,66,1.1,73.3,60.4,48.1
2016-07-02,53.6,49.1,Caution,53,67.5,1.1,73.2,63.7,48.1
2016-07-03,50.7,47.1,Caution,50.7,64.8,1.1,73.2,57.4,48.1
2016-07-04,52.1,48.1,Caution,52,66,1.1,73.2,60,48.1
2016-07-05,50.3,46.9,Caution,50.6,64.9,1.1,74.4,56,44.2
2016-07-06,51.4,47.6,Caution,51.8,65.8,1.1,74.4,56.1,46.6
2016-07-07,48.5,45.7,Neutral,48.7,62.7,1.1,75.5,52.8,47
2016-07-08,51.3,47.5,Caution,50.2,64.6,1.1,81.5,52.3,53.9
2016-07-09,49.1,46,Neutral,50.7,63.3,1.1,81.5,39.5,53.9
2016-07-10,49.3,46.2,Neutral,50.7,63.4,1.1,81.4,40.9,53.9
2016-07-11,50,46.6,Caution,50.3,63,1.1,84.9,44.5,53.2
2016-07-12,50.3,46.9,Caution,51.6,64.1,1.1,85.9,38.4,54.2
2016-07-13,49.4,46.2,Neutral,50.3,62.9,1.1,85.8,38.6,55.4
2016-07-14,49.3,46.2,Neutral,50.7,63.4,1.1,86.2,34.4,56.9
2016-07-15,50.3,46.8,Caution,50.8,63.6,1.1,88.5,38,56.9
2016-07-16,49.8,46.5,Neutral,50.7,63.2,1.1,88.4,35.8,56.9
2016-07-17,52.4,48.3,Caution,52.3,64.7,1.1,88.4,44.8,56.9
2016-07-18,51.6,47.7,Caution,51.9,64.2,1.1,88.5,41.4,57.8
2016-07-19,51.2,47.5,Caution,52,64.3,1.1,88.1,38.7,58.2
2016-07-20,50.6,47,Caution,51.7,64.2,1.1,89.6,33.4,59.2
2016-07-21,51.1,47.4,Caution,51.7,64.1,1.1,87,41,56.5
2016-07-22,48.6,45.8,Neutral,49.1,62.4,1.1,88.6,34.1,58.6
2016-07-23,48.9,45.9,Neutral,49.5,62.9,1.1,88.6,33.3,58.6
2016-07-24,49.3,46.2,Neutral,50.2,63.3,1.1,88.6,33.3,58.6
2016-07-25,48.4,45.6,Neutral,49.4,62.9,1.1,87.1,32.8,56.5
2016-07-26,48.2,45.5,Neutral,49.3,62.5,1.1,87.3,33.2,55.8
2016-07-27,47.9,45.3,Neutral,48.9,62.3,1.1,86.6,33.3,56.3
2016-07-28,47.8,45.2,Neutral,48.7,62,1.1,87.2,33,56.7
2016-07-29,46.8,44.6,Neutral,49.2,62.1,1.1,76.3,34.8,59
2016-07-30,47.4,44.9,Neutral,49.1,61.9,1.1,76.3,39.3,59
2016-07-31,43.2,42.1,Neutral,47.1,58.5,1.1,76.3,25.9,59
2016-08-01,50.1,46.7,Caution,45.7,55.7,25.8,73.8,36.3,58.6
2016-08-02,44,42.6,Neutral,41.9,48,25.7,69.9,31.3,55.8
2016-08-03,45.5,43.7,Neutral,42.9,50.6,25.7,69.6,32.3,57.3
2016-08-04,46.6,44.4,Neutral,43.4,52,25.7,68.8,34.8,58.5
2016-08-05,45.5,43.7,Neutral,42.9,51.1,25.7,69.5,29.4,60.1
2016-08-06,47.6,45.1,Neutral,43.9,52.8,25.6,69.5,36.2,60.1
2016-08-07,47.4,45,Neutral,43.8,53.1,25.6,69.4,34.7,60.1
2016-08-08,46.5,44.3,Neutral,44,53.2,25.6,68.7,28.1,60.2
2016-08-09,45.4,43.6,Neutral,43.2,51.6,25.6,68.9,27.3,60.2
2016-08-10,45.2,43.5,Neutral,43.6,52.2,25.5,69.2,23.6,60
2016-08-11,45.4,43.6,Neutral,42.6,51,25.5,69.5,29.9,60.6
2016-08-12,45.1,43.4,Neutral,42.9,51.2,25.5,69.1,26.9,61
2016-08-13,44.7,43.1,Neutral,42.4,50.5,25.5,69.1,27.6,60.9
2016-08-14,44.1,42.8,Neutral,41.3,48.1,25.4,69.1,33.1,60.9
2016-08-15,45.1,43.4,Neutral,41.3,47.8,25.4,69.8,39.4,60.7
2016-08-16,44.8,43.2,Neutral,42.1,49,25.4,69.1,34.1,59
2016-08-17,44,42.7,Neutral,42.1,47.8,25.3,68.1,32.2,59.7
2016-08-18,44.2,42.8,Neutral,42.2,48.3,25.3,69.3,30.1,61.4
2016-08-19,45.8,43.9,Neutral,42.2,48.1,25.3,69.9,41.3,61.1
2016-08-20,46.5,44.3,Neutral,42.9,48.8,25.3,69.9,41.6,61
2016-08-21,46.1,44.1,Neutral,42.5,48.6,25.2,69.8,41.2,61
2016-08-22,47.7,45.1,Neutral,43.6,50.1,25.2,70.2,44.6,59.5
2016-08-23,46.7,44.5,Neutral,42.8,49.3,25.2,71.4,41.6,59.4
2016-08-24,45.8,43.8,Neutral,42.3,48.8,25.2,70.1,40.9,56.2
2016-08-25,45.7,43.8,Neutral,41.4,48.2,25.1,71.3,43.4,56.1
2016-08-26,43.7,42.5,Neutral,40.3,48.4,25.1,70.7,33.8,55.8
2016-08-27,42.3,41.5,Neutral,39.1,46.1,25.1,70.7,34,55.7
2016-08-28,43.1,42.1,Neutral,39,46.8,25.1,70.7,38.2,55.7
2016-08-29,43.5,42.4,Neutral,39.3,47.3,25,69.4,39.2,57.2
2016-08-30,43.7,42.5,Neutral,39.8,47.6,25,70.2,37.9,57
2016-08-31,44,42.6,Neutral,39.3,47,25,70.1,42.8,56
2016-09-01,36.4,36.4,Neutral,38.2,46.9,1,70.6,31.7,56
2016-09-02,36.6,36.6,Neutral,37.3,46.5,1,72.9,33.1,59.9
2016-09-03,39.5,39.5,Neutral,40.6,50.9,1,72.9,41.3,59.9
2016-09-04,39,39,Neutral,41.4,52.1,1,72.9,30.4,59.9
2016-09-05,40.4,40.3,Neutral,41.5,51.7,1,72.9,44.2,59.9
2016-09-06,39.2,39.2,Neutral,41.8,51.9,1,73.8,31.3,60.1
2016-09-07,39.3,39.3,Neutral,42.3,51.6,1,74.4,30.9,60.2
2016-09-08,40.3,40.2,Neutral,42.8,52.9,1,75.9,34.3,58.8
2016-09-09,38.8,38.8,Neutral,41.1,52.6,1,73.9,32.7,48.2
2016-09-10,37.9,37.9,Neutral,38.8,52.4,1,73.9,31.4,48.2
2016-09-11,36.9,36.9,Neutral,36.3,49.8,1,73.8,35.8,48.2
2016-09-12,38.6,38.6,Neutral,37.9,51.2,1,75.4,40.9,51.5
2016-09-13,37.9,37.9,Neutral,37.3,50.6,1,72.9,41.8,48.5
2016-09-14,38,38,Neutral,36.6,52,1,71.3,43.3,48.1
2016-09-15,37.5,37.5,Neutral,36.7,51.2,1,70.8,38.4,51.1
2016-09-16,36.9,36.9,Neutral,36.3,50.3,1,68.2,38.2,51.8
2016-09-17,36.1,36.1,Neutral,35.9,49.8,1,68.1,32.6,51.8
2016-09-18,37.5,37.5,Neutral,37,50.3,1,68.1,41.8,51.8
2016-09-19,37.4,37.4,Neutral,39.1,50.4,1,67.8,35.2,50.9
2016-09-20,36.7,36.7,Neutral,39.9,47.8,1,69.5,31.6,50.3
2016-09-21,36.9,36.9,Neutral,38,46.2,1,70.9,38.7,55.3
2016-09-22,37.2,37.2,Neutral,36.3,45,1,73.6,45.6,58.9
2016-09-23,36.5,36.5,Neutral,36.8,45.4,1,74.9,35.9,57.6
2016-09-24,36.5,36.5,Neutral,37.6,44.9,1,74.9,34.7,57.6
2016-09-25,37.5,37.5,Neutral,36.2,44.6,1,74.9,48.6,57.6
2016-09-26,38.2,38.2,Neutral,37.8,46.2,1,74.2,51.1,51
2016-09-27,37.1,37.1,Neutral,37.7,45.2,1,72.1,43.5,55.8
2016-09-28,37.2,37.2,Neutral,36.3,44.4,1,73.4,47.1,58.6
2016-09-29,35.7,35.7,Neutral,35.9,44.2,1,68.8,40.9,53.5
2016-09-30,36.2,36.2,Neutral,36.5,45.3,1,70.5,38.8,56.8
2016-10-01,41.4,41,Neutral,38.9,45.9,25.2,59.8,39,57.7
2016-10-02,40.9,40.6,Neutral,37.4,44.7,25.2,59.8,43.3,57.7
2016-10-03,40.4,40.3,Neutral,38.2,44.7,25.2,56.7,40.9,56.6
2016-10-04,39.9,39.9,Neutral,36.1,43.3,25.1,63.1,40,58.6
2016-10-05,42.5,41.7,Neutral,39.2,44.1,25.1,63.9,44.4,60.6
2016-10-06,43.2,42.1,Neutral,38.5,43.8,25.1,66.1,48.9,61.9
2016-10-07,44,42.6,Neutral,40.2,45.2,25.1,66.4,46.5,59.7
2016-10-08,42.8,41.9,Neutral,40,44.8,25,66.4,40.5,59.7
2016-10-09,44.1,42.7,Neutral,40,44.1,25,66.4,51,59.7
2016-10-10,44.3,42.9,Neutral,39.6,44,25,68.6,51.1,60.2
2016-10-11,44.8,43.2,Neutral,42.5,48.6,25,66.6,39.3,54.7
2016-10-12,44.9,43.3,Neutral,42.2,48,24.9,66.8,42.3,54.2
2016-10-13,44.7,43.1,Neutral,42,47.7,24.9,65,44.7,52.8
2016-10-14,44.4,43,Neutral,42.5,48.2,24.9,65,39.9,54
2016-10-15,43.8,42.5,Neutral,41.5,47.3,24.9,64.9,40.8,54
2016-10-16,44.6,43,Neutral,42,47.8,24.8,64.9,43.4,54
2016-10-17,43,42,Neutral,41.1,46.2,24.8,64.5,40.1,53.5
2016-10-18,42.5,41.7,Neutral,40.6,45,24.8,66,39.1,55
2016-10-19,42.2,41.5,Neutral,39.8,42.5,24.8,62.7,48.5,56.6
2016-10-20,40.4,40.3,Neutral,39.9,41.9,24.7,60.8,39.2,57.9
2016-10-21,41.4,40.9,Neutral,40.6,42.9,24.7,60.9,40.3,58.8
2016-10-22,45.4,43.6,Neutral,43.1,48.3,24.7,60.8,46.5,58.8
2016-10-23,43.7,42.5,Neutral,42.8,46.5,24.7,60.8,40.5,58.8
2016-10-24,44.9,43.3,Neutral,43.1,46.9,24.6,68.4,38.5,60.7
2016-10-25,44.6,43.1,Neutral,43.5,47.6,24.6,65.3,37.5,58.5
2016-10-26,46.5,44.3,Neutral,46.4,50.3,24.6,64.6,36.6,56.4
2016-10-27,47.9,45.3,Neutral,48.4,51.2,24.6,67.7,35.9,54.3
2016-10-28,52.1,48.1,Caution,48.7,51.6,24.5,82,47.9,52.5
2016-10-29,52.9,48.6,Caution,51.3,53.8,24.5,82,40.4,52.5
2016-10-30,52,48,Caution,51,52.1,24.5,82,39.5,52.5
2016-10-31,51.8,47.9,Caution,52.8,46,24.5,82.5,48.1,51.6
2016-11-01,52.8,48.6,Caution,54.2,53.9,24.5,73.8,41,49
2016-11-02,53.5,49,Caution,54.5,56.5,24.4,73.5,39.4,46.7
2016-11-03,45.6,43.7,Neutral,50,43.2,24.4,72.6,34.8,45.5
2016-11-04,48.6,45.8,Neutral,50.9,47,24.4,72.8,43.7,44.8
2016-11-05,47.1,44.8,Neutral,50.8,46.5,24.4,72.8,35,44.8
2016-11-06,49.6,46.4,Neutral,51.4,49.9,24.3,72.8,41.5,44.8
2016-11-07,49,46,Neutral,51,45.5,24.3,73.7,45.5,50.4
2016-11-08,48.7,45.8,Neutral,51.2,46.8,24.3,72.7,40.7,51.2
2016-11-09,53.5,49,Caution,52.4,52.9,24.3,73.6,50.3,56.5
2016-11-10,52.6,48.4,Caution,52.4,53.2,24.2,73.8,43.4,55.9
2016-11-11,54.2,49.5,Caution,53.1,53.8,24.2,74.6,49.2,57.1
2016-11-12,50.3,46.8,Caution,51.9,45.2,24.2,74.5,48.3,57.1
2016-11-13,49.7,46.5,Neutral,51.7,43.8,24.2,74.5,49.1,57
2016-11-14,50.6,47.1,Caution,52.4,49.2,24.1,73.6,39.3,58.5
2016-11-15,53.7,49.1,Caution,53.2,51.4,24.1,73.7,50.3,62
2016-11-16,56.2,50.8,Caution,55.3,56.9,24.1,74.5,46.4,61.2
2016-11-17,57.1,51.4,Caution,55.3,56.9,24.1,74.9,51,63.5
2016-11-18,59.1,52.7,Caution,56.4,59.4,24.1,74.5,54.4,65.2
2016-11-19,59.1,52.7,Caution,56.5,59.4,24,74.5,54.1,65.2
2016-11-20,56.4,50.9,Caution,54.7,54.5,24,74.5,53.5,65.2
2016-11-21,57.5,51.6,Caution,55.6,57.6,24,74.8,49.2,66.8
2016-11-22,58.4,52.3,Caution,56.4,58.1,24,75.2,51.7,66.8
2016-11-23,56.6,51.1,Caution,55.3,55.5,23.9,75,49.5,67.8
2016-11-24,57.4,51.6,Caution,55.1,54.9,23.9,75,56.8,67.7
2016-11-25,57.4,51.6,Caution,55,54.1,23.9,74.9,58.5,68.4
2016-11-26,55.6,50.4,Caution,54.3,51.4,23.9,74.9,55.8,68.4
2016-11-27,55.1,50,Caution,53.5,50.8,23.9,74.9,56.1,68.4
2016-11-28,53.9,49.2,Caution,53.3,50.3,23.8,73.7,52.8,65.1
2016-11-29,54.2,49.5,Caution,52.8,49.5,23.8,73.8,58.1,66.1
2016-11-30,55.2,50.1,Caution,54.5,52.1,23.8,73.5,53.8,65.6
2016-12-01,56.1,50.7,Caution,56.6,56.7,23.8,65.8,51.4,61.1
2016-12-02,56.7,51.1,Caution,57.3,59.3,23.7,66.1,46.9,60.6
2016-12-03,55,50,Caution,56,56.9,23.7,66.1,46.1,60.5
2016-12-04,56.1,50.7,Caution,56.1,56.9,23.7,66,52.6,60.5
2016-12-05,52.9,48.6,Caution,54.1,52.9,23.7,67.1,44.2,66.5
2016-12-06,54.3,49.5,Caution,55,54,23.7,68.3,45.8,67.6
2016-12-07,54.7,49.8,Caution,55.3,55.1,23.6,68.3,45.2,66.9
2016-12-08,55.9,50.6,Caution,55.4,55.2,23.6,69,52.6,66.4
2016-12-09,56.4,50.9,Caution,56.3,56,23.6,68.9,49.5,69.1
2016-12-10,55.5,50.3,Caution,57.2,56.5,23.6,68.9,39.6,69.1
2016-12-11,54.1,49.4,Caution,56.1,54.8,23.5,68.9,38.3,69.1
2016-12-12,57.8,51.9,Caution,57.4,57.4,23.5,69.5,52.9,67.1
2016-12-13,54.6,49.8,Caution,56,54.5,23.5,70.1,42.6,67
2016-12-14,55.8,50.6,Caution,56.5,54.7,23.5,68.7,51,65.1
2016-12-15,56.4,50.9,Caution,57.5,57.2,23.5,69.5,43.9,67.1
2016-12-16,57.3,51.6,Caution,58.1,59.3,23.4,68.8,43.2,68.5
2016-12-17,57.9,51.9,Caution,58.2,59.8,23.4,68.8,45.4,68.4
2016-12-18,57.9,52,Caution,58.2,59.5,23.4,68.7,46.6,68.4
2016-12-19,58.8,52.5,Caution,58.9,60.4,23.4,69.8,46.3,69.1
2016-12-20,60.2,53.5,Caution,59.5,61.3,23.3,70.1,51.6,69.8
2016-12-21,60.7,53.8,Caution,60.8,63.6,23.3,68.7,46.3,70.2
2016-12-22,63.1,55.2,Caution,61.8,65.4,23.3,67,55.1,69.8
2016-12-23,79.6,61.9,Distribution,80.8,68.1,23.3,69.5,54.9,69.7
2016-12-24,77.5,61,Distribution,79.9,67,23.3,69.5,51.6,69.7
2016-12-25,75.3,60.1,Distribution,79.4,66.7,23.2,69.5,45.3,69.7
2016-12-26,79.2,61.7,Distribution,80.1,67.4,23.2,69.5,57.3,69.7
2016-12-27,78.6,61.5,Distribution,81,69.1,23.2,69.7,48.5,68.4
2016-12-28,79.2,61.7,Distribution,81.2,70.3,23.2,67.7,50.9,65.2
2016-12-29,79.5,61.8,Distribution,80.8,69.9,23.2,68.1,54.7,63.8
2016-12-30,72.4,59,Distribution,80,62.5,23.1,67.5,49,61.5
2016-12-31,76.6,60.7,Distribution,80.2,67.7,23.1,67.5,52.4,61.5
2017-01-01,88.8,69.3,Cycle Top,81.3,70.6,59.3,75.8,48.3,58.8
2017-01-02,89.3,70.1,Cycle Top,81.5,72,59.3,75.8,52.7,58.8
2017-01-03,89.9,70.8,Cycle Top,81.6,73.1,59.2,76.1,55.1,62.2
2017-01-04,90.6,71.8,Cycle Top,81.9,74.7,59.2,76.3,58.5,64.7
2017-01-05,87.7,67.8,Cycle Top,78.1,65.8,59.1,77.1,51.4,64.4
2017-01-06,83.4,63.4,Distribution,73.1,56.9,59,76.9,44.4,65.1
2017-01-07,85.6,64.8,Cycle Top,73.6,58.8,59,76.8,53.4,65
2017-01-08,85.2,64.2,Cycle Top,73.9,59.8,58.9,76.8,44.1,65
2017-01-09,85.2,64.3,Cycle Top,72.5,57.7,58.9,76.6,54.6,63.9
2017-01-10,84.3,63.7,Distribution,72.6,58.6,58.8,77.4,46.1,64
2017-01-11,71.7,58.7,Distribution,66.7,41.8,58.8,77.9,55,63.6
2017-01-12,75.1,60,Distribution,67.9,45.9,58.7,77.4,55.4,63.3
2017-01-13,78.9,61.6,Distribution,68.7,49.8,58.7,78.8,56.9,64.1
2017-01-14,74.8,59.9,Distribution,68.1,47.5,58.6,78.8,48.1,64
2017-01-15,77.7,61.1,Distribution,68.4,48.6,58.6,78.8,56.6,64
2017-01-16,79.9,62,Distribution,69.1,51.5,58.5,78.7,55.9,64
2017-01-17,85.4,64.6,Cycle Top,72.1,58.9,58.5,77.4,57.1,62.1
2017-01-18,83.4,63.4,Distribution,71,56.9,58.4,78.5,53,60.8
2017-01-19,83.3,63.3,Distribution,71.5,58.3,58.4,76.6,49.5,60.7
2017-01-20,84.6,63.8,Distribution,70.4,57.2,58.3,78.3,57.5,63.8
2017-01-21,85.6,64.9,Cycle Top,71.8,59.7,58.3,78.3,57.6,63.8
2017-01-22,85.9,65.3,Cycle Top,71.8,60.1,58.2,78.3,60.8,63.8
2017-01-23,85.3,64.4,Cycle Top,70.8,57.8,58.1,79.4,60.1,62.8
2017-01-24,80.7,62.3,Distribution,68.8,54.5,58.1,78.5,53.3,64.1
2017-01-25,82.5,63,Distribution,68.8,55.3,58,78.7,58,65.3
2017-01-26,85.1,64.2,Cycle Top,70.1,58.1,58,78.1,59.2,65.7
2017-01-27,85.5,64.6,Cycle Top,70.1,59.8,57.9,76.7,61,65.6
2017-01-28,85.6,64.9,Cycle Top,70.5,59.5,57.9,76.7,63.4,65.5
2017-01-29,83,63.2,Distribution,69.6,57.3,57.8,76.7,55,65.5
2017-01-30,84.8,63.9,Distribution,69,58.3,57.8,76.6,61.9,64.3
2017-01-31,86.4,66,Cycle Top,72.5,65.4,57.7,78.2,53.9,63
2017-02-01,85.5,64.7,Cycle Top,74.6,67.2,49.5,70.6,53.9,62.9
2017-02-02,86.5,66.1,Cycle Top,75.1,68.7,49.5,68.9,64.3,62.3
2017-02-03,85.6,64.9,Cycle Top,74.9,68.2,49.4,70.3,52.8,63.5
2017-02-04,85.6,64.8,Cycle Top,75.7,69.6,49.4,70.2,46.5,63.5
2017-02-05,84,63.6,Distribution,74,67.1,49.3,70.2,45.4,63.5
2017-02-06,85.4,64.6,Cycle Top,74.9,67.8,49.3,68.4,53.4,62
2017-02-07,85.6,64.8,Cycle Top,76.4,70.6,49.2,67.5,45.5,61.7
2017-02-08,85.8,65.2,Cycle Top,76.3,70.3,49.2,67.2,51,60.8
2017-02-09,79.4,61.8,Distribution,71.9,62.9,49.1,68.3,47.4,61.5
2017-02-10,83.2,63.3,Distribution,72.8,64.4,49.1,68.1,56.4,61.7
2017-02-11,82.9,63.2,Distribution,73.7,66.1,49.1,68,48.5,61.7
2017-02-12,80.6,62.2,Distribution,72.6,64.7,49,68,45.8,61.7
2017-02-13,79.5,61.8,Distribution,71.9,63.2,49,68.9,46.2,62.4
2017-02-14,83.5,63.4,Distribution,72.1,65.5,48.9,69.7,55.1,62.4
2017-02-15,83,63.2,Distribution,71.8,64.6,48.9,69.9,56.8,61
2017-02-16,82.7,63.1,Distribution,73.2,66.6,48.8,69.7,47.1,60.7
2017-02-17,85.3,64.5,Cycle Top,74.6,69.8,48.8,69.7,48.7,60.9
2017-02-18,85.3,64.5,Cycle Top,75,69.5,48.8,69.7,48.4,60.8
2017-02-19,85.1,64.1,Cycle Top,74.2,68.6,48.7,69.7,49.4,60.8
2017-02-20,85.9,65.3,Cycle Top,76.4,72.2,48.7,69.7,45.7,60.8
2017-02-21,87.1,67,Cycle Top,78.2,74.2,48.6,70.8,51.4,60.7
2017-02-22,86.9,66.7,Cycle Top,78.5,74.5,48.6,70.1,47.7,60.9
2017-02-23,88.2,68.5,Cycle Top,81.9,77,48.6,69.9,49.5,60
2017-02-24,88.1,68.4,Cycle Top,81.1,76.1,48.5,70.1,53.2,59.8
2017-02-25,87.9,68.1,Cycle Top,80,74.5,48.5,70,57.6,59.7
2017-02-26,88.4,68.8,Cycle Top,80.8,75.7,48.4,70,59.8,59.7
2017-02-27,89.1,69.7,Cycle Top,82.3,77.3,48.4,70.1,61.2,58.5
2017-02-28,87.8,67.9,Cycle Top,81.7,76.7,48.3,69.1,48.4,56.2
2017-03-01,96.5,79.5,Cycle Top,82.1,78.5,89.6,92.3,51.9,58.2
2017-03-02,96.5,79.5,Cycle Top,82.2,79.4,89.5,90.6,49.7,60.8
2017-03-03,97.4,80.4,Cycle Top,82.6,80.4,89.4,90.4,54.3,62.2
2017-03-04,96.8,79.8,Cycle Top,81.8,80.1,89.4,90.3,51.7,62.2
2017-03-05,96.6,79.6,Cycle Top,82.2,80.5,89.3,90.3,48.6,62.2
2017-03-06,97.1,80.1,Cycle Top,82.2,80.3,89.2,89.4,54.9,62.1
2017-03-07,95.5,78.5,Cycle Top,80,78.5,89.1,89.1,49.7,62.7
2017-03-08,93.9,76.5,Cycle Top,76.3,73.2,89.1,90,53.5,62.3
2017-03-09,94.7,77.6,Cycle Top,78.7,76.6,89,89,50.9,62
2017-03-10,93.1,75.3,Cycle Top,74.9,71.1,88.9,88.6,52,63.5
2017-03-11,94.6,77.4,Cycle Top,78.2,74.9,88.8,88.6,54.4,63.5
2017-03-12,95.7,78.7,Cycle Top,79.9,78.3,88.7,88.6,53.3,63.5
2017-03-13,96.4,79.4,Cycle Top,80.5,78.9,88.7,89.9,55.9,64
2017-03-14,95.6,78.6,Cycle Top,80.2,78.3,88.6,89.8,52.1,61.7
2017-03-15,96.6,79.6,Cycle Top,80.6,79.2,88.5,90.5,56.5,63.2
2017-03-16,92.9,75,Cycle Top,74.6,71.1,88.4,91.1,49.5,62.5
2017-03-17,90.4,71.5,Cycle Top,70.2,61.8,88.4,91.5,50.7,62.1
2017-03-18,86.9,66.7,Cycle Top,64.5,49.6,88.3,91.5,50.8,62.1
2017-03-19,88.6,69,Cycle Top,66.8,54.7,88.2,91.4,53.9,62.1
2017-03-20,89.2,69.9,Cycle Top,67.3,56.8,88.1,92,56.5,61.7
2017-03-21,90.4,71.5,Cycle Top,70.3,65.5,88.1,89.1,46.2,58.1
2017-03-22,88,68.2,Cycle Top,66.2,57,88,88.2,47.7,57.3
2017-03-23,87.8,68,Cycle Top,64.9,55.4,87.9,88.1,54.6,56.4
2017-03-24,80.8,62.3,Distribution,59,42.3,87.8,87.8,48.8,56.7
2017-03-25,85.6,64.8,Cycle Top,61.3,46.7,87.8,87.8,55.5,56.7
2017-03-26,83.7,63.5,Distribution,61.2,47.2,87.7,87.8,41.5,56.7
2017-03-27,88.2,68.5,Cycle Top,65.4,57.2,87.6,88.2,53.4,57.7
2017-03-28,87.5,67.5,Cycle Top,64.6,57.6,87.5,88.8,43,59.8
2017-03-29,87.4,67.3,Cycle Top,63.9,55.1,87.5,89,50.1,60.1
2017-03-30,86.8,66.6,Cycle Top,63.9,53.7,87.4,89.6,45.1,60.6
2017-03-31,89.2,69.8,Cycle Top,66.3,59.5,87.3,88.9,57.8,58.6
2017-04-01,81.3,62.5,Distribution,66.3,60.8,55.6,88.9,45.9,56.4
2017-04-02,79.8,61.9,Distribution,65.4,59.8,55.6,88.8,45.7,56.4
2017-04-03,86.6,66.2,Cycle Top,68.5,68.3,55.5,88.5,58.1,56
2017-04-04,86.3,65.8,Cycle Top,66.8,68.3,55.5,87.7,60.1,57
2017-04-05,85.4,64.6,Cycle Top,68.8,67.7,55.4,86.9,45.5,54.8
2017-04-06,88.3,68.6,Cycle Top,74.5,72,55.4,86.6,57.5,55.9
2017-04-07,87.8,67.9,Cycle Top,74.3,72.1,55.3,86.4,51.5,54.1
2017-04-08,87.8,67.9,Cycle Top,73.7,71,55.3,86.4,56.6,54.1
2017-04-09,88,68.2,Cycle Top,75.2,73.2,55.2,86.3,49.4,54.1
2017-04-10,88.5,68.8,Cycle Top,75.7,73.6,55.2,87.1,54.4,50.8
2017-04-11,88.9,69.4,Cycle Top,78.4,74.2,55.1,87.5,51.6,47.8
2017-04-12,89,69.6,Cycle Top,77.7,73.1,55.1,86.7,59.8,46.1
2017-04-13,86.5,66.2,Cycle Top,74.3,69,55,85.4,48.1,45.3
2017-04-14,86.1,65.6,Cycle Top,73.9,68,55,85.4,45.8,45.3
2017-04-15,86.2,65.7,Cycle Top,73.9,68.1,55,85.3,47.7,45.3
2017-04-16,86.1,65.6,Cycle Top,72.9,66.6,54.9,85.3,52.9,45.3
2017-04-17,86.1,65.6,Cycle Top,72.2,67.2,54.9,86.9,50.9,47.7
2017-04-18,86.9,66.7,Cycle Top,74.9,69.2,54.8,87.3,49.1,47.2
2017-04-19,87.1,67,Cycle Top,74.7,69.4,54.8,87.6,51.6,46.9
2017-04-20,88.7,69.2,Cycle Top,77.8,73.3,54.7,89.5,52.2,48.9
2017-04-21,88.5,68.9,Cycle Top,77.7,73.6,54.7,88.7,50.4,47.6
2017-04-22,88.6,69,Cycle Top,76.4,71.7,54.6,88.7,60.1,47.6
2017-04-23,88.4,68.8,Cycle Top,77.6,72.5,54.6,88.7,52.2,47.6
2017-04-24,89.5,70.3,Cycle Top,78.5,72.9,54.5,91,56,57.2
2017-04-25,89.2,69.9,Cycle Top,79.2,73.9,54.5,91,47.4,58.2
2017-04-26,90.6,71.9,Cycle Top,81.9,75.2,54.5,92.4,54.5,57.9
2017-04-27,91.2,72.7,Cycle Top,82.5,78.3,54.4,92.2,53.8,58.1
2017-04-28,90.9,72.2,Cycle Top,82.5,78.1,54.4,90.6,51.5,57.3
2017-04-29,90.6,71.8,Cycle Top,82.7,77.9,54.3,90.6,47.1,57.3
2017-04-30,91.6,73.3,Cycle Top,82.9,78.9,54.3,90.6,58.9,57.3
2017-05-01,98.9,81.9,Cycle Top,82.5,80.4,99.9,91.2,50.9,57.7
2017-05-02,99.1,82.1,Cycle Top,82.8,81.4,99.8,89.2,51.7,57
2017-05-03,99.6,82.6,Cycle Top,83,82.1,99.8,88.8,55.1,57.7
2017-05-04,99.2,82.2,Cycle Top,83.5,82.6,99.7,89.9,46.4,59.2
2017-05-05,100,83.3,Cycle Top,82.6,82.3,99.6,91.1,59,59.5
2017-05-06,99.5,82.5,Cycle Top,83.9,83.1,99.5,91.1,46.2,59.5
2017-05-07,100,83.7,Cycle Top,83.4,83.1,99.4,91.1,59.9,59.4
2017-05-08,100,84,Cycle Top,84.1,83.7,99.3,91.5,58.9,59.5
2017-05-09,100,84.1,Cycle Top,84.4,84,99.3,88.8,60.9,59.9
2017-05-10,100,83.9,Cycle Top,85,84.1,99.2,87.8,57.4,60
2017-05-11,100,84.1,Cycle Top,85.1,84.2,99.1,87.7,59.4,59.1
2017-05-12,99.3,82.3,Cycle Top,82.1,83.4,99,86.6,53.7,59.2
2017-05-13,100,83.7,Cycle Top,83.7,83.8,98.9,86.6,62.1,59.2
2017-05-14,100,83.9,Cycle Top,84.1,83.8,98.9,86.5,63.1,59.2
2017-05-15,100,83.4,Cycle Top,81.8,82.9,98.8,87.7,66.2,59.2
2017-05-16,100,83.2,Cycle Top,81.3,82.7,98.7,88.3,66.3,59
2017-05-17,98.8,81.8,Cycle Top,83,83.5,98.6,85.8,54,46
2017-05-18,100,83.4,Cycle Top,85.1,84.3,98.5,86.1,61.3,47.8
2017-05-19,100,83.5,Cycle Top,85.4,84.5,98.5,85.7,57.3,55
2017-05-20,100,84.4,Cycle Top,85.5,84.6,98.4,85.7,65.7,55
2017-05-21,100,84.3,Cycle Top,85.4,84.4,98.3,85.7,66.3,55
2017-05-22,100,83.9,Cycle Top,85.4,84.8,98.2,86.5,59.6,56.5
2017-05-23,100,83.7,Cycle Top,85.7,85.1,98.1,84.5,58.3,57.1
2017-05-24,100,84.7,Cycle Top,85.7,85.6,98.1,84.4,66.7,57.6
2017-05-25,100,83.8,Cycle Top,84.1,85,98,84.1,64.4,57.1
2017-05-26,100,83.8,Cycle Top,83.9,84.7,97.9,83.5,66.5,56.5
2017-05-27,99.2,82.2,Cycle Top,80.4,83.5,97.8,83.5,64.7,56.5
2017-05-28,100,83.1,Cycle Top,82.1,84.4,97.7,83.5,66.5,56.5
2017-05-29,100,83.8,Cycle Top,84.2,84.6,97.7,83.4,66.6,56.5
2017-05-30,99.7,82.7,Cycle Top,81.8,84.2,97.6,85.4,61.7,56.4
2017-05-31,100,83.7,Cycle Top,83.8,84.4,97.5,84.8,66.6,55.9
2017-06-01,100,84.3,Cycle Top,85.5,85.3,98.3,87,62.3,54.8
2017-06-02,100,85,Cycle Top,85.8,85.8,98.2,89.6,64.6,53.9
2017-06-03,100,84.1,Cycle Top,85.9,86.1,98.1,89.6,55.7,53.9
2017-06-04,100,85.4,Cycle Top,85.5,85.8,98,89.6,70.8,53.9
2017-06-05,100,84.9,Cycle Top,86.1,87,97.9,86,64.5,53.8
2017-06-06,100,85.6,Cycle Top,86.2,87.9,97.9,85.3,70.4,52.7
2017-06-07,100,84,Cycle Top,84,86.4,97.8,84.7,65.4,53.2
2017-06-08,100,85.2,Cycle Top,85.2,87.2,97.7,86.2,70.3,54
2017-06-09,100,85,Cycle Top,85.3,87.3,97.6,83.3,70.7,54
2017-06-10,100,84.8,Cycle Top,86.2,87.7,97.6,83.3,64.9,54
2017-06-11,100,84.5,Cycle Top,86.2,88.1,97.5,83.3,61.1,54
2017-06-12,99.8,82.8,Cycle Top,82.3,85.1,97.4,83.5,63.1,53.3
2017-06-13,100,83.2,Cycle Top,82.6,85.6,97.3,84.3,64,54.5
2017-06-14,98.3,81.3,Cycle Top,79.7,82.9,97.3,85.5,59.9,54.2
2017-06-15,98,81,Cycle Top,79,82.5,97.2,85.2,60,54.5
2017-06-16,98.9,81.9,Cycle Top,80.1,82.9,97.1,84.8,65.4,55.1
2017-06-17,99.1,82.1,Cycle Top,81.8,84,97,84.8,58.7,55.1
2017-06-18,98.2,81.2,Cycle Top,80,83.2,96.9,84.8,57.5,55.1
2017-06-19,98.6,81.6,Cycle Top,80.6,83.6,96.9,84.5,59.1,55.8
2017-06-20,100,83.1,Cycle Top,83,85,96.8,85.5,63.3,54.8
2017-06-21,98.9,81.9,Cycle Top,81.7,83.8,96.7,86.3,57.1,54.8
2017-06-22,99.4,82.4,Cycle Top,82.8,84.5,96.6,86.3,57.6,55
2017-06-23,99,82,Cycle Top,81.9,84,96.6,86.5,57.1,54.8
2017-06-24,98.7,81.7,Cycle Top,79.7,82.6,96.5,86.5,64.8,54.8
2017-06-25,97.3,80.3,Cycle Top,78.6,81.5,96.4,86.5,56.8,54.8
2017-06-26,96,79,Cycle Top,77.1,80.7,96.3,86.4,50.3,55.4
2017-06-27,97.6,80.6,Cycle Top,79.3,81.8,96.3,86.6,56.9,54.9
2017-06-28,97.4,80.4,Cycle Top,79.1,81.5,96.2,90,52.3,56.9
2017-06-29,98.1,81.1,Cycle Top,78.4,81.1,96.1,90.1,63.1,55.8
2017-06-30,96.2,79.2,Cycle Top,76.7,80.1,96,91.8,50,56.6
2017-07-01,96.7,79.7,Cycle Top,75.9,79.8,95.1,89.4,61.4,56.9
2017-07-02,97,80,Cycle Top,77.2,80.4,95.1,89.4,59.2,56.9
2017-07-03,96.9,79.9,Cycle Top,77.6,80.8,95,85.1,59.9,58
2017-07-04,96.8,79.8,Cycle Top,79,81.2,94.9,85.1,54.3,58
2017-07-05,96.2,79.2,Cycle Top,79.4,81.4,94.9,83.6,48.4,57.6
2017-07-06,95.7,78.7,Cycle Top,79.4,81.2,94.8,82.1,46.8,55.3
2017-07-07,94.9,77.8,Cycle Top,76.8,79.7,94.7,84,45.5,59.2
2017-07-08,95.4,78.4,Cycle Top,77.7,80.4,94.6,84,47,59.2
2017-07-09,95.1,78.1,Cycle Top,76.6,79.3,94.6,83.9,49.9,59.2
2017-07-10,93.7,76.1,Cycle Top,73.7,77.8,94.5,82.9,44.3,59.4
2017-07-11,94.6,77.5,Cycle Top,73.5,77.5,94.4,83.4,58.7,59.7
2017-07-12,94.8,77.7,Cycle Top,74.7,78,94.3,86.2,52.5,60.7
2017-07-13,94.3,77.1,Cycle Top,73.7,77.3,94.3,84.6,52.5,61
2017-07-14,93.8,76.3,Cycle Top,71.9,75.7,94.2,83.6,55.7,60.8
2017-07-15,92.5,74.5,Cycle Top,69.3,72.1,94.1,83.6,54.3,60.8
2017-07-16,91.9,73.7,Cycle Top,68.4,70.8,94,83.6,52.5,60.8
2017-07-17,94.4,77.1,Cycle Top,71.6,75.4,94,84.6,65,59.9
2017-07-18,94.5,77.3,Cycle Top,72.6,76.3,93.9,87.6,59,59.3
2017-07-19,94.6,77.4,Cycle Top,71.5,75.3,93.8,88,65.6,59.3
2017-07-20,98.9,81.9,Cycle Top,82.3,82.2,93.8,87.8,61.1,59.3
2017-07-21,96.9,79.9,Cycle Top,77.2,79.2,93.7,87.4,65.9,58.5
2017-07-22,98.3,81.3,Cycle Top,81,81.3,93.6,87.3,62.8,58.5
2017-07-23,97.6,80.6,Cycle Top,79.4,80,93.5,87.3,64.3,58.5
2017-07-24,98.4,81.4,Cycle Top,79.7,80.1,93.5,90,68.9,58.6
2017-07-25,96.3,79.3,Cycle Top,74.6,77.6,93.4,90.4,68.4,59.1
2017-07-26,94.8,77.8,Cycle Top,73.7,77.1,93.3,89.4,58,59.1
2017-07-27,95,78,Cycle Top,75.8,78.3,93.3,87.7,53.8,58.7
2017-07-28,94.1,76.8,Cycle Top,79,79.6,93.2,55.8,60.3,58.3
2017-07-29,93.1,75.3,Cycle Top,75.8,78.2,93.1,55.8,58.8,58.2
2017-07-30,93.8,76.3,Cycle Top,77.6,78.8,93,55.8,62.4,58.2
2017-07-31,94.3,77,Cycle Top,80.4,80.5,93,53.3,59.2,58.4
2017-08-01,93.7,76.2,Cycle Top,76.1,78.3,99.9,54.8,55.4,55.8
2017-08-02,93.8,76.3,Cycle Top,75.5,77.8,99.8,54.8,59.5,55.9
2017-08-03,94.6,77.4,Cycle Top,78.4,79,99.8,54.3,59.6,55.6
2017-08-04,94.8,77.7,Cycle Top,80,80.1,99.7,54.8,54.3,56.2
2017-08-05,99.2,82.2,Cycle Top,86.8,85.8,99.6,54.8,65.3,56.2
2017-08-06,98.5,81.5,Cycle Top,85.6,85.2,99.5,54.8,63.5,56.1
2017-08-07,98,81,Cycle Top,86.3,87.1,99.5,54.3,52.2,56.2
2017-08-08,98.4,81.4,Cycle Top,86.1,87.2,99.4,53.9,56.8,55.7
2017-08-09,97.9,80.9,Cycle Top,84.7,86.4,99.3,53.5,59.3,54.4
2017-08-10,97.4,80.4,Cycle Top,86.6,87.1,99.2,52.9,53.6,43.3
2017-08-11,98.1,81.1,Cycle Top,86.8,88.8,99.2,53.1,54.7,44
2017-08-12,98.7,81.7,Cycle Top,87.2,89.7,99.1,53.1,57.6,44
2017-08-13,98.6,81.6,Cycle Top,87.6,90.1,99,53.1,54.4,44
2017-08-14,99.7,82.7,Cycle Top,87.7,90.5,98.9,53.1,60.3,51.8
2017-08-15,98.6,81.6,Cycle Top,86.6,90.2,98.9,53,54.2,52.7
2017-08-16,99.9,82.9,Cycle Top,87.6,90.7,98.8,53,62.2,52.8
2017-08-17,97.9,80.9,Cycle Top,85.8,90.2,98.7,52.8,54.3,43.4
2017-08-18,98.7,81.7,Cycle Top,84.2,89.5,98.6,52.6,67.6,45.5
2017-08-19,97.4,80.4,Cycle Top,83.8,89.4,98.6,52.6,56.8,45.5
2017-08-20,97.1,80.1,Cycle Top,82.9,89.1,98.5,52.6,56.9,45.5
2017-08-21,96.2,79.2,Cycle Top,81.5,88.7,98.4,52.3,53,48.2
2017-08-22,96.5,79.5,Cycle Top,81.4,88.9,98.3,52.8,52.7,53.6
2017-08-23,96.7,79.7,Cycle Top,82.4,89,98.3,52.4,53.2,51.2
2017-08-24,97.7,80.7,Cycle Top,84.7,89.9,98.2,52.4,53.8,51.3
2017-08-25,97.5,80.5,Cycle Top,86.4,90,98.1,52.7,45.3,52.6
2017-08-26,97.1,80.1,Cycle Top,85.4,89.8,98.1,52.7,45.2,52.6
2017-08-27,96.9,79.9,Cycle Top,84.9,89.6,98,52.7,45.1,52.6
2017-08-28,97.5,80.5,Cycle Top,85.7,89.6,97.9,53,49.2,51.8
2017-08-29,97.7,80.7,Cycle Top,86.9,90.5,97.8,53.1,45.6,50.7
2017-08-30,97.5,80.5,Cycle Top,85.8,90.3,97.8,52.7,47.1,52.3
2017-08-31,98.7,81.7,Cycle Top,86.4,90.9,97.7,53.7,55.8,52.1
2017-09-01,98.6,81.6,Cycle Top,86.6,91.3,99.2,51.1,52.5,51.7
2017-09-02,97.8,80.8,Cycle Top,83.8,89.9,99.1,51.1,56.1,51.7
2017-09-03,97.3,80.3,Cycle Top,83.4,89.8,99,51.1,53.1,51.7
2017-09-04,94.6,77.4,Cycle Top,77.2,87.6,98.9,51.1,48.5,51.7
2017-09-05,96.2,79.2,Cycle Top,80.8,88.2,98.9,51.1,56.1,48
2017-09-06,97.6,80.6,Cycle Top,81.9,89.1,98.8,51.1,64.4,49.8
2017-09-07,96.5,79.5,Cycle Top,81.8,88.8,98.7,51.2,53.8,49.4
2017-09-08,94.9,77.8,Cycle Top,76.2,86.8,98.6,51.2,60,48.3
2017-09-09,94.6,77.5,Cycle Top,75.8,86.4,98.6,51.2,58.6,48.3
2017-09-10,94.5,77.2,Cycle Top,76.5,85.9,98.5,51.2,56,48.3
2017-09-11,93.9,76.4,Cycle Top,76,85.7,98.4,51.2,48.2,51.7
2017-09-12,94.7,77.6,Cycle Top,76.8,85.4,98.3,51.5,57.9,52.1
2017-09-13,94,76.6,Cycle Top,73.8,82.8,98.3,53.2,61.8,52.3
2017-09-14,90.8,72.2,Cycle Top,67.1,73.9,98.2,52.2,61.2,52
2017-09-15,92.6,74.7,Cycle Top,71,80.9,98.1,50.9,58.4,52.5
2017-09-16,92.7,74.7,Cycle Top,71.5,80.4,98.1,50.9,58.5,52.5
2017-09-17,92.2,74.1,Cycle Top,70.8,80.2,98,50.9,54.8,52.5
2017-09-18,94.6,77.4,Cycle Top,74,84.5,97.9,50.7,67.2,53.5
2017-09-19,93.1,75.4,Cycle Top,72.5,82.4,97.8,50.6,57.3,53.6
2017-09-20,93.7,76.2,Cycle Top,71.8,81.9,97.8,50,69.6,53.4
2017-09-21,91.5,73,Cycle Top,69,78.2,97.7,49.9,55.6,54.2
2017-09-22,92.8,74.9,Cycle Top,70.3,78.4,97.6,50,69.7,53.8
2017-09-23,92.8,74.9,Cycle Top,72.5,80.8,97.6,50,57.3,53.8
2017-09-24,93,75.2,Cycle Top,72,78.9,97.5,50,67.3,53.8
2017-09-25,93.3,75.6,Cycle Top,73.5,81.8,97.4,49.6,60.5,51.9
2017-09-26,92.8,74.9,Cycle Top,73.2,81.3,97.3,50,55.8,52.2
2017-09-27,94.8,77.7,Cycle Top,78.1,84.7,97.3,51.4,58.1,54.3
2017-09-28,95,78,Cycle Top,78.2,84.6,97.2,51.5,61.6,54.2
2017-09-29,95.8,78.8,Cycle Top,78,84.2,97.1,51.5,70.4,54.7
2017-09-30,96.7,79.7,Cycle Top,80.5,85.3,97.1,51.5,69.1,54.7
2017-10-01,96.1,79.1,Cycle Top,81.4,85.6,99.2,49.3,57.5,54.7
2017-10-02,95.1,78.1,Cycle Top,81.5,85.6,99.1,50.3,46.8,54.7
2017-10-03,94.9,77.9,Cycle Top,79.9,84.7,99,50.5,52,55
2017-10-04,94.9,77.8,Cycle Top,77.5,83.7,99,51,60.3,54.8
2017-10-05,94.3,77,Cycle Top,79,84.2,98.9,51,46.1,54.9
2017-10-06,94.9,77.9,Cycle Top,81.6,84.8,98.8,51.2,45.9,54.2
2017-10-07,95.7,78.7,Cycle Top,82.1,85.3,98.7,51.2,51.7,54.2
2017-10-08,96.9,79.9,Cycle Top,85.3,86.6,98.7,51.2,51.5,54.1
2017-10-09,98.5,81.5,Cycle Top,86.7,87.4,98.6,51.8,61.2,53
2017-10-10,97.4,80.4,Cycle Top,86,87.2,98.5,52,52.6,53.3
2017-10-11,97.9,80.9,Cycle Top,86.9,87.5,98.5,51.9,53.9,53.8
2017-10-12,98.8,81.8,Cycle Top,89.4,90.7,98.4,52.1,48,52.9
2017-10-13,99.4,82.4,Cycle Top,89.6,91.4,98.3,52.4,51.6,52.3
2017-10-14,99.1,82.1,Cycle Top,89.6,91.6,98.2,52.4,48.3,52.2
2017-10-15,99.1,82.1,Cycle Top,88.6,91.1,98.2,52.4,52.1,52.2
2017-10-16,100,83.4,Cycle Top,88.6,91,98.1,52.7,66.1,51.7
2017-10-17,99.4,82.4,Cycle Top,87.3,90.4,98,52.8,60.9,52.2
2017-10-18,98.5,81.5,Cycle Top,85.9,90.1,98,52.9,56.6,52.7
2017-10-19,98.8,81.8,Cycle Top,87.7,90.7,97.9,52.6,53.8,52.5
2017-10-20,100,83.2,Cycle Top,89.1,91.7,97.8,53.3,60.3,52.8
2017-10-21,100,83.5,Cycle Top,89.2,91.7,97.7,53.3,62.6,52.8
2017-10-22,99.1,82.1,Cycle Top,88.1,91.3,97.7,53.3,53,52.8
2017-10-23,99.9,82.9,Cycle Top,87.8,90.8,97.6,53.3,63.7,51.7
2017-10-24,98,81,Cycle Top,84.7,88.7,97.5,53.5,59.5,52
2017-10-25,98.6,81.6,Cycle Top,86.8,89.9,97.5,53.9,56.6,51.9
2017-10-26,100,84.3,Cycle Top,89.3,91,97.4,56,70.4,52.2
2017-10-27,100,83.7,Cycle Top,87.8,90.2,97.3,56,71.4,53.1
2017-10-28,99,82,Cycle Top,86.8,89.8,97.3,56,57.9,53.1
2017-10-29,100,83.4,Cycle Top,89.5,91.8,97.2,56,59.2,53.1
2017-10-30,100,84.2,Cycle Top,89,91.7,97.1,52.8,73.1,51.8
2017-10-31,100,84.2,Cycle Top,89.8,92.2,97,51.9,70.1,52.6
2017-11-01,100,84.5,Cycle Top,89.9,92.7,99.9,52.3,65.8,52
2017-11-02,100,85.5,Cycle Top,89.9,93.2,99.9,52.2,74,52.4
2017-11-03,100,85.3,Cycle Top,89.5,93.4,99.8,52.1,72.4,53.1
2017-11-04,100,84.2,Cycle Top,89.7,93.7,99.7,52.1,60.1,53.1
2017-11-05,100,84.1,Cycle Top,89,93.6,99.6,52.1,62.3,53.1
2017-11-06,100,83.6,Cycle Top,86.8,92.6,99.6,52.4,66.8,52.4
2017-11-07,100,83.9,Cycle Top,87.8,92.9,99.5,52.2,66.2,52.2
2017-11-08,100,85.3,Cycle Top,89.6,93.8,99.4,52.4,72.4,52.1
2017-11-09,100,83.8,Cycle Top,86.8,92.8,99.4,52,69.2,51.2
2017-11-10,98,81,Cycle Top,82.7,91,99.3,52.1,58,51.3
2017-11-11,95.9,78.9,Cycle Top,80.8,89.9,99.2,52.1,45.9,51.3
2017-11-12,94.2,76.9,Cycle Top,76.5,87.4,99.2,52.1,44.7,51.3
2017-11-13,96.2,79.2,Cycle Top,81.6,90.5,99.1,51.9,45.3,50.2
2017-11-14,96.6,79.6,Cycle Top,81.5,90.8,99,52.1,49.2,50
2017-11-15,98.2,81.2,Cycle Top,86.5,92.8,98.9,51.9,47.2,46.8
2017-11-16,100,83.2,Cycle Top,89,94.1,98.9,52.2,54.3,50.3
2017-11-17,99.9,82.9,Cycle Top,88.1,93.6,98.8,52.6,55.7,49.6
2017-11-18,100,83.4,Cycle Top,88.5,93.8,98.7,52.6,59.5,49.6
2017-11-19,99.8,82.8,Cycle Top,89.5,94.5,98.7,52.6,48.3,49.6
2017-11-20,100,84,Cycle Top,89.5,95,98.6,52.9,57.7,51.9
2017-11-21,100,84,Cycle Top,88.6,94.4,98.5,54.1,60.3,52.8
2017-11-22,100,83.9,Cycle Top,88.5,94.6,98.5,54.5,59.9,52.3
2017-11-23,99,82,Cycle Top,86.5,93.3,98.4,54.5,50.2,52.3
2017-11-24,100,83.2,Cycle Top,87.7,94,98.3,54.5,55.9,53.6
2017-11-25,100,83.6,Cycle Top,89.5,95.4,98.2,54.5,51.3,53.6
2017-11-26,100,83.9,Cycle Top,89.8,95.7,98.2,54.5,53.3,53.6
2017-11-27,100,83.9,Cycle Top,89.8,95.9,98.1,53.7,53.3,52.6
2017-11-28,100,84.7,Cycle Top,90,96,98,54.9,59.9,52.1
2017-11-29,100,83.8,Cycle Top,89,95.8,98,53.8,55.2,52.3
2017-11-30,100,84.5,Cycle Top,89.5,96,97.9,54,60.8,52.4
2017-12-01,100,85.5,Cycle Top,90.3,96.2,99.9,58.4,59.6,52.3
2017-12-02,100,85.6,Cycle Top,90.3,96.2,99.9,58.4,60.7,52.3
2017-12-03,100,85.1,Cycle Top,90.5,96.4,99.8,58.4,54.7,52.3
2017-12-04,100,85.7,Cycle Top,90.5,96.5,99.7,58.6,60.2,51.5
2017-12-05,100,85.7,Cycle Top,90.4,96.4,99.7,58.2,61,53
2017-12-06,100,87.2,Cycle Top,90.6,97.2,99.6,58.2,73,53
2017-12-07,100,87.5,Cycle Top,90.8,97.6,99.5,58,74.1,54.7
2017-12-08,100,86.8,Cycle Top,89.3,97.4,99.4,59.2,70.3,55.4
2017-12-09,100,86.2,Cycle Top,87.3,97.2,99.4,59.2,71.6,55.4
2017-12-10,100,86.5,Cycle Top,87.4,97.1,99.3,59.2,74.3,55.4
2017-12-11,100,87,Cycle Top,90.2,97.5,99.2,57.7,71.4,55.9
2017-12-12,100,87.4,Cycle Top,91.1,97.4,99.2,57.4,73.9,55.3
2017-12-13,100,86.4,Cycle Top,89.4,97.3,99.1,57.4,70,54.7
2017-12-14,100,86.6,Cycle Top,89,97.1,99,56.8,74.5,53.9
2017-12-15,100,87.5,Cycle Top,91.2,97.5,99,57.4,74.5,54.9
2017-12-16,100,87.1,Cycle Top,91.4,98,98.9,57.4,69.5,54.9
2017-12-17,100,86.8,Cycle Top,90.4,97.7,98.8,57.4,70.4,54.9
2017-12-18,100,87.3,Cycle Top,90.4,97.6,98.8,58.2,74.3,54.7
2017-12-19,100,86.4,Cycle Top,88.1,97,98.7,58.6,74.3,54.1
2017-12-20,100,84.6,Cycle Top,85.7,96.4,98.6,58.9,64.6,54.4
2017-12-21,100,83.6,Cycle Top,83.5,96.1,98.6,57.8,62.9,54.3
2017-12-22,99.2,82.2,Cycle Top,80.9,95.4,98.5,56.9,60.9,53
2017-12-23,100,83.5,Cycle Top,81.6,95.6,98.4,56.9,71,53
2017-12-24,99.4,82.4,Cycle Top,80.8,95.2,98.3,56.8,63.4,53
2017-12-25,99.7,82.7,Cycle Top,80.1,94.8,98.3,56.8,69.3,53
2017-12-26,100,83,Cycle Top,83.1,96,98.2,56.2,62.1,52.1
2017-12-27,100,83,Cycle Top,82.3,95.6,98.1,56.6,65.3,51.7
2017-12-28,99.8,82.8,Cycle Top,80.4,94.8,98.1,56.7,70.6,51.7
2017-12-29,99.2,82.2,Cycle Top,79.9,94.5,98,56.4,67.8,51
2017-12-30,98.5,81.5,Cycle Top,77.2,93,97.9,56.4,73,51
2017-12-31,98.4,81.4,Cycle Top,78.5,94.1,97.9,56.4,65.5,51
2018-01-01,96,79,Cycle Top,77.9,93.6,97.1,37.6,64.9,50.7
2018-01-02,97,80,Cycle Top,80.4,94.5,97.1,38,64.3,52.3
2018-01-03,97.5,80.5,Cycle Top,81.1,94.8,97,38.5,65.9,52.5
2018-01-04,96.9,79.9,Cycle Top,80.7,94.6,96.9,39.5,61,52.3
2018-01-05,98.9,81.9,Cycle Top,84.7,95.8,96.9,39.5,65.6,52.3
2018-01-06,97.9,80.9,Cycle Top,84.9,95.9,96.8,39.5,55.8,52.3
2018-01-07,98,81,Cycle Top,82.3,95.1,96.7,39.5,65.5,52.3
2018-01-08,96.6,79.6,Cycle Top,79.5,93.8,96.7,40.1,63.2,52.3
2018-01-09,96,79,Cycle Top,78,93.2,96.6,40,64.2,51.9
2018-01-10,96.5,79.5,Cycle Top,79.2,93.6,96.5,40.2,63.9,52.1
2018-01-11,94.9,77.9,Cycle Top,75.5,91.6,96.5,41.1,63.7,51.8
2018-01-12,95.3,78.3,Cycle Top,76.1,91.9,96.4,41.7,64.9,51.2
2018-01-13,95.9,78.9,Cycle Top,76.8,92.3,96.3,41.7,67.9,51.2
2018-01-14,94.9,77.9,Cycle Top,75.8,91.5,96.3,41.7,62.9,51.2
2018-01-15,95.3,78.3,Cycle Top,75.6,91.2,96.2,41.7,69,51.2
2018-01-16,93.3,75.7,Cycle Top,71.6,87.7,96.1,41,64.6,49.3
2018-01-17,93.4,75.8,Cycle Top,71,87.2,96.1,41.7,68.3,49
2018-01-18,93.4,75.8,Cycle Top,70.5,87.1,96,41.2,70.7,48.9
2018-01-19,93.8,76.3,Cycle Top,71.2,87.6,95.9,42.5,70.5,50.7
2018-01-20,94.4,77.1,Cycle Top,73.5,89.3,95.9,42.5,68.2,50.7
2018-01-21,93.6,76.1,Cycle Top,71.3,87.2,95.8,42.4,69.9,50.7
2018-01-22,92.8,75,Cycle Top,69.9,84.9,95.8,41.4,69.3,50.9
2018-01-23,92.3,74.2,Cycle Top,69.4,84.8,95.7,41.4,63.6,50.6
2018-01-24,92.8,74.9,Cycle Top,70.3,86.3,95.6,41,65.6,49.6
2018-01-25,92.4,74.4,Cycle Top,69.5,85.1,95.6,40.6,66.3,49.4
2018-01-26,92.4,74.3,Cycle Top,69.5,84.8,95.5,40.8,65.6,50.4
2018-01-27,92.7,74.7,Cycle Top,69.8,85.9,95.4,40.8,66.5,50.4
2018-01-28,93,75.3,Cycle Top,70.6,86.4,95.4,40.8,68.3,50.4
2018-01-29,91.7,73.4,Cycle Top,68.1,83.8,95.3,40.9,66,44.5
2018-01-30,89.8,70.7,Cycle Top,64,79.6,95.2,41.2,62.8,43.1
2018-01-31,90.2,71.3,Cycle Top,63.8,80.2,95.2,40.7,67.3,45.5
2018-02-01,80,62,Distribution,59.9,74.7,68.8,40.2,52.8,45.8
2018-02-02,80.8,62.3,Distribution,58.9,73.8,68.7,38.3,65.7,40.6
2018-02-03,86.8,66.5,Cycle Top,60.2,75.6,85.4,38.3,66.6,40.6
2018-02-04,79.6,61.8,Distribution,57.3,69.9,74.9,38.3,63.2,40.6
2018-02-05,67.8,57.1,Caution,52.6,62.9,68.6,36.4,63.7,38.2
2018-02-06,73.3,59.3,Distribution,55.5,68.1,68.6,37.1,62.9,38.6
2018-02-07,80.5,62.2,Distribution,55.7,67.2,86.4,37.3,57.2,39.6
2018-02-08,80.9,62.4,Distribution,59.2,70.8,81,36.4,51.6,38.3
2018-02-09,86.1,65.6,Cycle Top,61.9,73.4,90.6,35.9,49.6,39.2
2018-02-10,86.1,65.6,Cycle Top,62.6,72.3,90.9,35.9,50.1,39.2
2018-02-11,80,62,Distribution,58.4,69.6,82,35.9,51.4,39.2
2018-02-12,86.1,65.6,Cycle Top,61.4,73.9,87,37.2,56.4,38.9
2018-02-13,83.2,63.3,Distribution,58,71,81.7,37.9,60.9,38.8
2018-02-14,87.5,67.4,Cycle Top,60.1,76.3,91.4,38.6,62.4,39.2
2018-02-15,88.3,68.6,Cycle Top,61.8,78.3,91.5,39.7,62.5,39.5
2018-02-16,87.2,67.1,Cycle Top,62.1,78.9,90,39.6,48.4,39.3
2018-02-17,89.2,69.9,Cycle Top,64.7,82,91.6,39.6,57.5,39.3
2018-02-18,87.2,67,Cycle Top,61.6,79.4,87.5,39.6,52.9,39.3
2018-02-19,88.8,69.4,Cycle Top,64.9,82,87.7,39.6,59.6,39.3
2018-02-20,88.9,69.5,Cycle Top,64.7,82.1,90.4,39.9,54.6,39.6
2018-02-21,86.2,65.7,Cycle Top,62.5,79.1,82.2,39,48.3,39.7
2018-02-22,85.6,64.9,Cycle Top,59.9,76.5,80.3,39.4,57.7,40
2018-02-23,85.2,64.2,Cycle Top,60,77.6,77.6,39.9,52.7,41.5
2018-02-24,79.9,62,Distribution,57.4,74.8,74,39.9,51.8,41.5
2018-02-25,78.4,61.4,Distribution,55.8,74.2,75.7,39.9,48.4,41.5
2018-02-26,85.5,64.6,Cycle Top,58.8,77.9,78.2,39.7,58,42.1
2018-02-27,85.4,64.5,Cycle Top,59.7,78.8,81.5,38.3,47.3,41
2018-02-28,84.8,63.9,Distribution,58.6,77.6,80.1,35,54.3,40.4
2018-03-01,83,63.2,Distribution,59.3,80.3,73.8,32.5,53.2,40.1
2018-03-02,85.8,65.1,Cycle Top,59.8,80.5,80.1,32.9,56.8,39.9
2018-03-03,86.4,65.9,Cycle Top,61,81.8,82.8,32.9,53.7,39.9
2018-03-04,85.7,65,Cycle Top,60.4,81.6,76.7,32.9,58.4,39.9
2018-03-05,86,65.4,Cycle Top,60,81.3,81.5,36.6,50.6,40.7
2018-03-06,84,63.6,Distribution,54.4,78.2,83.1,36,54.8,40.1
2018-03-07,73.3,59.3,Distribution,50.7,73.7,71.1,36.1,58.3,40.6
2018-03-08,71.1,58.5,Distribution,49.6,69.8,72.9,36.6,58,41.8
2018-03-09,70.9,58.4,Distribution,49.9,69.5,70.6,37.7,59.3,44.1
2018-03-10,68.4,57.4,Caution,48.9,67.2,73,37.7,53.2,44.1
2018-03-11,71.7,58.7,Distribution,49.9,70.8,74.6,37.7,50.8,44.1
2018-03-12,70.7,58.3,Distribution,48.9,68.4,75.5,37.6,55.3,42.8
2018-03-13,71.4,58.5,Distribution,49,68.2,75.2,37.1,59.7,41.6
2018-03-14,65.1,56,Caution,47.4,63,73.7,36.1,56.9,40.6
2018-03-15,61.3,54.2,Caution,47.4,63.2,67.6,36.1,49.6,41.6
2018-03-16,61.5,54.4,Caution,47.5,63.5,68,35.4,49.8,42.6
2018-03-17,60.1,53.4,Caution,46.7,60.9,66.2,35.4,52.7,42.6
2018-03-18,60,53.3,Caution,47.3,62.8,65,35.4,47.8,42.6
2018-03-19,61.7,54.5,Caution,48.1,65.2,64.9,34.8,52.9,40.1
2018-03-20,66.7,56.7,Caution,48.8,66.8,71,34.8,56.2,40.7
2018-03-21,63.2,55.3,Caution,49,66.5,70.3,34.8,44.1,40.2
2018-03-22,64.3,55.7,Caution,48.9,64.8,70.1,34.9,54.3,37.9
2018-03-23,61.9,54.6,Caution,49.3,66.3,64.5,34.5,50.3,36.7
2018-03-24,60.9,53.9,Caution,48.6,64,68.3,34.5,43.8,36.7
2018-03-25,61.2,54.1,Caution,48.5,63.4,65.8,34.5,52.8,36.7
2018-03-26,59.4,52.9,Caution,47.2,61.2,67.1,34.8,46.9,37.6
2018-03-27,57.2,51.5,Caution,46.3,58.7,63.8,34,48.7,37.3
2018-03-28,58.1,52.1,Caution,46.9,59.7,63.7,33.7,50.9,37.8
2018-03-29,54.8,49.9,Caution,45,55.7,63.7,34.3,43.9,38.8
2018-03-30,55,50,Caution,44.9,54.6,63.2,34.3,49.2,38.8
2018-03-31,55.2,50.1,Caution,44.6,54.7,64,34.3,49.2,38.8
2018-04-01,52,48,Caution,44.5,54,61.9,36.2,32.1,38.8
2018-04-02,53.8,49.2,Caution,44.8,54.9,60.6,34.9,45.9,36.4
2018-04-03,55.9,50.6,Caution,45.6,56.6,63.4,35.5,46.9,37.7
2018-04-04,54,49.4,Caution,44.1,53.5,63.3,35.4,46.6,38.1
2018-04-05,53,48.6,Caution,43.9,53,62.8,35.7,41.3,39.3
2018-04-06,53.4,48.9,Caution,43.6,52.4,63.5,35.2,46.2,37.5
2018-04-07,53,48.6,Caution,44.2,53.8,63.8,35.2,37.7,37.5
2018-04-08,54.1,49.4,Caution,44.5,54.2,62.6,35.2,45.7,37.5
2018-04-09,52.8,48.5,Caution,43.9,52.6,64.3,34.9,39.5,37.5
2018-04-10,51.9,47.9,Caution,44,52.9,63.2,35.7,34.1,38
2018-04-11,53.4,49,Caution,44.3,53,64.1,36.3,40.6,37.6
2018-04-12,56.4,50.9,Caution,46.9,57.5,63,36.7,43,38.9
2018-04-13,56.8,51.2,Caution,46.6,57.3,66,36.9,40.7,38.9
2018-04-14,58.5,52.3,Caution,47.1,57.7,65.9,36.9,49.5,38.9
2018-04-15,58.8,52.5,Caution,48.1,59.1,65.8,36.9,45,38.9
2018-04-16,59.8,53.2,Caution,48.2,57.6,65.7,38.3,53.8,39.9
2018-04-17,58.9,52.6,Caution,47.6,56.6,67.9,39.4,45.8,41.6
2018-04-18,60.9,53.9,Caution,48.8,57.9,66.7,39.4,54.8,41
2018-04-19,61.2,54.1,Caution,48.9,58,67.9,39.2,54.4,40.4
2018-04-20,63.6,55.4,Caution,49.7,61.5,68.1,37.7,57.9,39.3
2018-04-21,62.8,55.1,Caution,50.6,61.7,71.7,37.7,44.4,39.3
2018-04-22,63.1,55.2,Caution,50.9,60.7,70.2,37.7,50.2,39.3
2018-04-23,63.9,55.6,Caution,51.7,61.9,68.2,37.7,51.5,40.1
2018-04-24,68,57.2,Caution,53.5,66.4,68.7,37,52,38.4
2018-04-25,70.7,58.3,Distribution,51.1,61.2,82.5,37.8,54.4,38.9
2018-04-26,70.4,58.2,Distribution,52.7,63.7,79.9,38.4,46,40.6
2018-04-27,66.3,56.5,Caution,50.9,60.9,80.8,35.4,42.6,41.2
2018-04-28,68.5,57.4,Caution,52,63.3,79.9,35.4,44.2,41.2
2018-04-29,69.8,57.9,Caution,53.1,63.3,81.9,35.4,42,41.2
2018-04-30,72,58.8,Distribution,54.3,61.8,81.3,35.7,52.2,40.6
2018-05-01,74.2,59.7,Distribution,53.3,60.3,80.8,52.8,50.6,42.1
2018-05-02,76.2,60.5,Distribution,56.2,61.4,78.8,52.5,52,40.9
2018-05-03,78.1,61.2,Distribution,58.1,64.3,79.7,51.9,45.6,40.4
2018-05-04,78.4,61.4,Distribution,57,63.5,80.5,52.2,49.5,42
2018-05-05,80,62,Distribution,59.5,63.9,81.8,52,45.1,42
2018-05-06,82.6,63,Distribution,61.3,62.5,82.3,51.9,52.6,42
2018-05-07,75,60,Distribution,57.9,60.1,79.7,51.6,43.9,41.8
2018-05-08,75.3,60.1,Distribution,57.3,58.6,81.3,52.1,47.4,41.4
2018-05-09,73.1,59.2,Distribution,56.6,59.9,77.4,51.7,44.2,44.6
2018-05-10,73.4,59.4,Distribution,54.6,57.4,81.2,51.4,50.1,45
2018-05-11,65,56,Caution,52.1,53.7,74.2,51,46.6,46.9
2018-05-12,64.1,55.6,Caution,53.2,53.8,75.3,50.9,37.2,46.9
2018-05-13,66.1,56.4,Caution,52.6,54.6,73.1,50.8,49.9,46.8
2018-05-14,64.6,55.8,Caution,53.2,54.1,72.9,49.6,45.2,46.1
2018-05-15,60.7,53.8,Caution,49.9,53.1,72.8,49.5,38.7,43.2
2018-05-16,59.7,53.1,Caution,48.7,52.5,68.5,50.1,43.8,45.7
2018-05-17,58.9,52.6,Caution,46.7,50.7,67.2,50.4,51.2,45.8
2018-05-18,58.1,52.1,Caution,46.4,51.5,70.9,51,37.6,45.2
2018-05-19,57.2,51.5,Caution,46.9,51.1,67,50.9,38.9,45.2
2018-05-20,58.5,52.3,Caution,47.4,52.3,68.5,50.8,39.8,45.2
2018-05-21,59.2,52.8,Caution,46.4,51.4,74.3,50.3,38,46.3
2018-05-22,55.5,50.4,Caution,45,49.1,66,50,40.8,46
2018-05-23,53.2,48.8,Caution,43.6,46.5,64.3,50,38.6,47.6
2018-05-24,54.2,49.5,Caution,43.5,46.9,64.9,50.6,43.3,46.9
2018-05-25,52.6,48.4,Caution,43.6,46,63.9,50.3,37.3,45
2018-05-26,53.1,48.8,Caution,43.2,45.3,62.1,50.2,47.8,45
2018-05-27,51.5,47.7,Caution,42.5,45.2,60.7,50.1,42,45
2018-05-28,51.5,47.7,Caution,41.6,44.3,61.7,50,45.3,45
2018-05-29,51,47.4,Caution,42.8,45.8,59.1,49.1,44.2,38.3
2018-05-30,53.6,49.1,Caution,42.1,45.6,72.3,51.2,34.3,41.4
2018-05-31,52.8,48.5,Caution,42,45.7,64.3,49.1,47.4,40.3
2018-06-01,53,48.7,Caution,41.8,45.7,62.4,54.5,45,45
2018-06-02,53.7,49.1,Caution,42.1,46.4,64.6,54.4,43.1,45
2018-06-03,55.3,50.2,Caution,42.3,46.6,72.4,54.2,37,45
2018-06-04,56,50.6,Caution,41.7,45.1,73.7,54.7,42.9,47.2
2018-06-05,55,50,Caution,42.6,45.3,63.7,54.7,53.5,47.2
2018-06-06,59.2,52.8,Caution,43.7,45.6,74.7,55.2,53.4,49.4
2018-06-07,57,51.3,Caution,43.5,45.3,71,53.3,49.9,48
2018-06-08,57,51.3,Caution,44.1,45.1,72,53.2,47,47.9
2018-06-09,55.7,50.5,Caution,42.3,44.1,71.3,53.1,48.3,47.9
2018-06-10,50.6,47.1,Caution,40.6,41.1,61.7,53,45.9,47.9
2018-06-11,49,46,Neutral,40.8,41.6,57.5,53.9,41.5,47.6
2018-06-12,49.7,46.5,Neutral,40.9,39.7,59.3,55,45.6,47.5
2018-06-13,49.2,46.1,Neutral,40,38.3,59.3,55,49.1,45.8
2018-06-14,50.1,46.7,Caution,41,40.1,58.3,55,49,46.9
2018-06-15,51.9,48,Caution,40.9,39,63.8,55.7,51.5,48.9
2018-06-16,50.7,47.1,Caution,40.7,39.5,60.6,55.6,48.9,48.9
2018-06-17,50.9,47.3,Caution,39.7,39.2,61.2,55.5,53.2,48.9
2018-06-18,52.3,48.2,Caution,40.3,40.7,64.8,56.1,50,47.8
2018-06-19,52.9,48.6,Caution,40.4,40.5,68.1,55.8,49,45.2
2018-06-20,53.4,49,Caution,40.9,40,69.4,55.4,49.2,47.3
2018-06-21,52.5,48.4,Caution,40.2,39.5,70.2,54,48.2,43.1
2018-06-22,48.5,45.7,Neutral,38.4,35.4,64.9,52.7,47.8,45
2018-06-23,45.4,43.6,Neutral,38.7,35.7,57.9,52.6,39.9,45
2018-06-24,45.6,43.7,Neutral,39,35.4,56.9,52.5,42.9,45
2018-06-25,46.1,44,Neutral,39.8,35.5,57.4,50.7,46.8,40.1
2018-06-26,45.2,43.5,Neutral,38.8,34.4,60.3,51.2,39.7,41.9
2018-06-27,44.7,43.1,Neutral,40.7,34.6,58.7,48.9,36.7,40
2018-06-28,43.6,42.4,Neutral,40.2,32.9,60,49.7,30.7,41.3
2018-06-29,45.7,43.8,Neutral,41.4,34.8,57.3,49.9,41.5,42.1
2018-06-30,47,44.7,Neutral,42.8,35.7,60.9,49.9,36.1,42.1
2018-07-01,43.5,42.3,Neutral,41.7,35.4,63.6,30.4,31.3,41.9
2018-07-02,45.3,43.6,Neutral,41.8,36.9,63.5,31.5,38.2,42.7
2018-07-03,47,44.6,Neutral,43.4,36.5,65.8,33.4,39.4,41.5
2018-07-04,46.9,44.6,Neutral,43.7,36.6,68,33.4,33,41.5
2018-07-05,47.5,45,Neutral,43.6,36,69.2,34.7,34.5,43.3
2018-07-06,47.9,45.3,Neutral,43,36.6,68.2,35.2,36.9,47.2
2018-07-07,49.8,46.5,Neutral,43.4,37.8,68.1,35.2,45.5,47.2
2018-07-08,50,46.7,Caution,43.9,37.3,70.2,35.2,42.5,47.2
2018-07-09,50.2,46.8,Caution,43.2,36.5,70.7,35.5,45.6,48.9
2018-07-10,46,44,Neutral,40.6,33.6,68.8,35.3,36.6,49.5
2018-07-11,44.3,42.9,Neutral,38.7,34.3,63.9,34.8,40.6,47.3
2018-07-12,44.4,42.9,Neutral,38.4,33.6,67.2,36.2,34.5,50.1
2018-07-13,43.6,42.4,Neutral,37.9,33.1,63.7,35.9,38.5,51.1
2018-07-14,42.8,41.9,Neutral,37.2,33.3,63.6,35.9,35.1,51.1
2018-07-15,43.9,42.6,Neutral,38.2,34,66.3,35.9,32.6,51.1
2018-07-16,47.1,44.7,Neutral,40.4,36.6,68.4,35.6,36.8,50
2018-07-17,49.1,46.1,Neutral,42.2,40.9,70.7,35.2,29.2,52.2
2018-07-18,52.2,48.1,Caution,42.5,41.3,73.5,35.9,41.5,51.9
2018-07-19,52.5,48.4,Caution,41.7,41.7,73.8,37,44.8,49.8
2018-07-20,51.5,47.7,Caution,40.7,41,74.6,35.6,42.5,49.8
2018-07-21,50.6,47.1,Caution,41.5,41.5,73.5,35.6,34.9,49.8
2018-07-22,49.3,46.2,Neutral,40.7,41.3,74.4,35.6,27.4,49.8
2018-07-23,52,48,Caution,40.9,42.4,73.4,34.8,44.6,50.8
2018-07-24,56,50.7,Caution,46.6,46.5,74.8,34.2,40.9,51.7
2018-07-25,53.9,49.3,Caution,43.8,44.7,75.1,35.7,37.9,51.6
2018-07-26,53.8,49.2,Caution,42.9,42.9,74.8,37,43,52.3
2018-07-27,52.8,48.5,Caution,43.7,45.1,74,31.3,37.5,50.3
2018-07-28,53.4,48.9,Caution,43.9,45.3,74.9,31.3,38,50.3
2018-07-29,53.7,49.1,Caution,43.9,45.1,74.8,31.3,41,50.3
2018-07-30,55.2,50.1,Caution,43.7,44.3,74.4,30.5,56.5,47.6
2018-07-31,51.7,47.8,Caution,40.5,42,73.9,31.8,46.1,50.9
2018-08-01,50.5,47,Caution,39.1,41.2,68.8,37,49.7,50.1
2018-08-02,51.1,47.4,Caution,38.7,40.9,68.7,39.6,52.5,52.7
2018-08-03,49.9,46.6,Neutral,38,40.5,66.4,38.4,52.4,53.7
2018-08-04,47.1,44.7,Neutral,36.7,37.5,63.2,38.4,51.8,53.7
2018-08-05,45.5,43.7,Neutral,36.9,37.7,58,38.4,50.4,53.7
2018-08-06,44.7,43.1,Neutral,36.6,36.2,59.7,40,44.2,54.5
2018-08-07,42.6,41.7,Neutral,35.5,34.5,59.7,40.5,37.2,55.1
2018-08-08,40.8,40.5,Neutral,34,31.2,57.9,40.6,41.6,54.7
2018-08-09,42.1,41.4,Neutral,35.6,32.9,56,41.5,44.3,54
2018-08-10,40,40,Neutral,34.2,30.3,57,42.3,40.4,49.2
2018-08-11,40.4,40.3,Neutral,34.2,31,55.4,42.3,45.1,49.2
2018-08-12,40.6,40.4,Neutral,34.4,31.5,55.3,42.2,44.6,49.2
2018-08-13,40.9,40.6,Neutral,34.5,31.7,57.1,42,43.7,46.3
2018-08-14,39.9,39.9,Neutral,34.4,31.2,54.1,42.4,43,49.7
2018-08-15,39.9,39.9,Neutral,35.3,32.1,55.3,41.8,36.8,46.8
2018-08-16,42.4,41.6,Neutral,35.2,32.4,57.2,42.1,48.3,49.6
2018-08-17,43,42,Neutral,36.3,34.2,56.1,41.2,46.2,52
2018-08-18,42,41.3,Neutral,34.7,32.7,59.5,41.2,41.4,52
2018-08-19,43.9,42.6,Neutral,35.5,33.3,61.5,41.1,46.1,52
2018-08-20,41.8,41.2,Neutral,34.9,30.8,60.8,42,40.5,51.9
2018-08-21,42.3,41.6,Neutral,36.8,32.6,55.9,42.1,44.1,51.2
2018-08-22,41.6,41.1,Neutral,35.7,31.2,57.1,42.2,42.8,52.7
2018-08-23,42.6,41.7,Neutral,37.1,32.9,55,42.3,45,52.4
2018-08-24,43.9,42.6,Neutral,38.9,34.9,55.9,43.5,40.1,52.8
2018-08-25,45,43.3,Neutral,39,35.2,57.9,43.5,42.5,52.8
2018-08-26,43.8,42.5,Neutral,39.4,34.7,55.8,43.5,38.6,52.8
2018-08-27,45.3,43.5,Neutral,38.9,35.6,54.8,43.2,50.2,52.6
2018-08-28,46.5,44.3,Neutral,39.8,36.8,55.9,43.3,51,51.7
2018-08-29,44.3,42.8,Neutral,39.5,36.5,55.8,43.3,37.8,52.3
2018-08-30,44,42.6,Neutral,39.1,36.2,58.1,43.2,34.7,49.1
2018-08-31,43.7,42.5,Neutral,39.1,36.7,54.2,43.4,38.5,50.8
2018-09-01,45.9,43.9,Neutral,39.8,38,57.4,47.6,37,50.6
2018-09-02,45.7,43.8,Neutral,41,38.9,54.7,47.6,35.6,50.6
2018-09-03,46,44,Neutral,41.1,39.2,55.8,47.5,34.5,50.5
2018-09-04,48.4,45.6,Neutral,41.5,39.9,61.4,47.4,36.4,49.6
2018-09-05,41.6,41.1,Neutral,37.2,34,54,47.1,35.1,47.7
2018-09-06,39.9,39.9,Neutral,36,32.3,52.9,47,34.5,46.2
2018-09-07,39.9,39.9,Neutral,35.7,31.3,54,46.9,35.3,46
2018-09-08,39.6,39.6,Neutral,36.5,29.2,54.8,46.9,34.1,46
2018-09-09,39.3,39.3,Neutral,36.3,29.8,52.8,46.9,34.3,46
2018-09-10,41.2,40.8,Neutral,38.2,30.7,53,47.1,39.8,47.2
2018-09-11,41,40.7,Neutral,38.7,30.5,54.9,47.3,32.4,49.4
2018-09-12,40.2,40.1,Neutral,37.8,30.8,52.8,47.4,33.1,49.4
2018-09-13,44.2,42.8,Neutral,39,32.2,57.6,47.2,42.7,51.8
2018-09-14,43.4,42.2,Neutral,38.4,31.8,59.5,47.4,34.6,52.9
2018-09-15,43.2,42.1,Neutral,38.8,32.2,60.5,47.4,29.2,52.9
2018-09-16,43.3,42.2,Neutral,37.6,31.9,63.2,47.3,29.3,52.9
2018-09-17,40.9,40.6,Neutral,35.9,29.6,61.2,46.9,31.1,48.4
2018-09-18,40.5,40.3,Neutral,36.2,30.3,57.8,47.6,30,51.2
2018-09-19,41.4,40.9,Neutral,36.1,30.2,60.3,47.1,31.2,53.5
2018-09-20,43.2,42.1,Neutral,38.6,30.8,60.2,47,34.5,53.3
2018-09-21,46.4,44.2,Neutral,39.4,33.4,64.8,47.1,37.1,54
2018-09-22,46.1,44,Neutral,39.2,33,67.3,47,31.9,54
2018-09-23,46.7,44.5,Neutral,39,32.7,68.8,47,34.2,54
2018-09-24,46.3,44.2,Neutral,38.5,31.1,71.8,46.8,32.3,52.8
2018-09-25,44.3,42.9,Neutral,37.7,29.7,67.7,46.6,33,52.2
2018-09-26,45.6,43.7,Neutral,38.2,30.2,67.6,45.3,41,51.1
2018-09-27,46.5,44.3,Neutral,38.7,32.3,71.4,44.8,32.1,52.7
2018-09-28,46.4,44.3,Neutral,38.2,31.8,71.3,44.9,34.8,53.2
2018-09-29,45,43.4,Neutral,38,31.3,67.3,44.9,35.3,53.2
2018-09-30,44.3,42.8,Neutral,37.3,31.5,66.2,44.8,33.9,53.2
2018-10-01,44.4,42.9,Neutral,37,30.9,64.8,44.7,39.6,53.9
2018-10-02,42.9,41.9,Neutral,36.2,30.1,63.9,42.3,39.2,52.6
2018-10-03,41.9,41.2,Neutral,36.2,29.8,65,42.6,29.8,53.8
2018-10-04,42,41.3,Neutral,37.5,31.8,61,41.6,34,47
2018-10-05,44,42.7,Neutral,37.2,32.4,65.6,41,38.9,45.7
2018-10-06,42,41.3,Neutral,37,31.6,64.2,40.9,31.1,45.7
2018-10-07,41,40.6,Neutral,37.5,32.1,60.8,40.9,28.6,45.7
2018-10-08,42.1,41.4,Neutral,38.5,32.8,59,40.6,35.3,45.6
2018-10-09,41.9,41.3,Neutral,38.1,32,61.9,40.4,31.7,45
2018-10-10,39.8,39.8,Neutral,37.3,30.6,60.2,38,29.9,41.4
2018-10-11,37.4,37.4,Neutral,35.4,27.7,53.3,38,34.7,38.5
2018-10-12,37.2,37.2,Neutral,34.8,27.5,50.1,38.2,40.8,39.9
2018-10-13,36,36,Neutral,34.6,27.7,50.4,38.1,28.5,39.9
2018-10-14,36,36,Neutral,32.8,27.4,52.2,38.1,31.1,39.9
2018-10-15,37.2,37.2,Neutral,33.1,29.5,54.6,38.5,31.1,39.5
2018-10-16,39.1,39.1,Neutral,32.8,29.3,57.4,40.6,43.4,41.2
2018-10-17,37.5,37.5,Neutral,32.2,29,56.5,40.1,32.4,41.5
2018-10-18,37.3,37.3,Neutral,32.3,28.9,59,38.5,27.2,39.2
2018-10-19,36.8,36.8,Neutral,32,28.8,57.3,37.7,27.6,39.3
2018-10-20,36.3,36.3,Neutral,32.2,29.1,54.9,37.6,26.8,39.3
2018-10-21,35.9,35.9,Neutral,31.5,29,54.8,37.6,24.7,39.3
2018-10-22,36.5,36.5,Neutral,29.8,28.7,59.9,38.1,25.7,39.4
2018-10-23,36.7,36.7,Neutral,30.4,28.9,57.3,37.8,32.3,38
2018-10-24,36.4,36.4,Neutral,30.9,28.9,56.3,35.9,32.5,36.2
2018-10-25,35.9,35.9,Neutral,30.3,28.9,58.5,36.3,24,37.1
2018-10-26,36.5,36.5,Neutral,30,28.7,61,36.1,26.3,36.2
2018-10-27,36.9,36.9,Neutral,30,28.7,63.8,36.1,25.6,36.2
2018-10-28,37,37,Neutral,30,28.6,64.8,36,25.2,36.2
2018-10-29,36.6,36.6,Neutral,29.4,27.4,64.2,35.9,26.9,36.2
2018-10-30,36.8,36.8,Neutral,30.2,27.6,61.9,36.6,29.3,36.9
2018-10-31,36.8,36.8,Neutral,30.3,27.6,63,37.4,25.3,38.3
2018-11-01,37.7,37.7,Neutral,30.8,28,64.1,36.9,30.8,38.3
2018-11-02,38.2,38.2,Neutral,30.6,27.1,68.6,37.5,28.1,38.3
2018-11-03,37.3,37.3,Neutral,30.4,26.9,68.5,37.5,20.9,38.3
2018-11-04,39.4,39.4,Neutral,31.9,27.6,72.1,37.5,28,38.3
2018-11-05,38.8,38.8,Neutral,32.5,27.4,72.6,37.4,19.9,38.1
2018-11-06,39.7,39.7,Neutral,34.3,27.7,72.5,37.3,22.3,39
2018-11-07,40,40,Neutral,33.6,28.1,74.3,39.2,20.9,41.1
2018-11-08,39.6,39.6,Neutral,33.3,26.8,74.4,38.4,21.1,40.9
2018-11-09,38.8,38.8,Neutral,32.2,26,73.7,38.2,20.4,40.5
2018-11-10,38.8,38.8,Neutral,32.1,26.2,74.4,38.2,18.7,40.5
2018-11-11,38.8,38.8,Neutral,32.1,26.2,74.7,38.2,18.2,40.5
2018-11-12,39.1,39.1,Neutral,32.1,26,74.2,37.2,24.4,38.8
2018-11-13,38.7,38.7,Neutral,31.3,25.8,75.6,36.9,21.3,39
2018-11-14,35.5,35.5,Neutral,26.2,21.6,73.8,36.5,19.8,37.8
2018-11-15,33.5,33.5,Neutral,25.3,21.6,62.7,37.6,22.7,38.5
2018-11-16,32.2,32.2,Neutral,25.2,21.2,58.5,37.5,19.4,39.2
2018-11-17,32,32,Neutral,24.9,21.1,59.5,37.4,16.3,39.2
2018-11-18,32.8,32.8,Neutral,26.1,21.5,61.3,37.4,16.4,39.2
2018-11-19,31.1,31.1,Neutral,22,18.7,62.7,36.1,18.1,37.1
2018-11-20,29.3,29.3,Accumulation,21,17.7,56.9,35.6,18.7,36.2
2018-11-21,28.8,28.8,Accumulation,21.5,18.4,52.7,36.3,18.3,36
2018-11-22,28.2,28.2,Accumulation,20.4,17.6,52.5,36.2,17.7,36
2018-11-23,28.1,28.1,Accumulation,20.4,17.7,52.2,36,17.5,35.8
2018-11-24,27.4,27.4,Accumulation,19.1,16.2,52.8,36,17,35.8
2018-11-25,27.6,27.6,Accumulation,19.4,16.7,52,36,18.1,35.8
2018-11-26,27.6,27.6,Accumulation,18.6,15.8,53.9,36.9,17.5,37.3
2018-11-27,27.4,27.4,Accumulation,18.9,16.3,52,36.2,17.4,37.8
2018-11-28,28.4,28.4,Accumulation,20,17.7,52.5,37.6,17.9,38.6
2018-11-29,28.7,28.7,Accumulation,19.8,17.7,54.6,37.8,17.9,38.2
2018-11-30,28.6,28.6,Accumulation,18.9,16.8,55.7,39,17.7,39
2018-12-01,25.7,25.7,Accumulation,19.2,17.4,35.3,48.6,17,39.4
2018-12-02,25.6,25.6,Accumulation,19.1,17.3,35.9,48.5,15.3,39.4
2018-12-03,25.5,25.5,Accumulation,18.1,16,37,49.6,16.8,40.2
2018-12-04,24.9,24.9,Accumulation,18.8,16.6,35.1,46.5,17,36
2018-12-05,25,25,Accumulation,18.1,15,38.9,46.4,15.9,36
2018-12-06,23.8,23.8,Accumulation,17.5,13.5,35.3,47,16.3,36
2018-12-07,23.6,23.6,Accumulation,17.5,13.2,34.8,47,16.7,34.1
2018-12-08,23.3,23.3,Accumulation,17.6,13.3,34.8,46.9,13.5,34.1
2018-12-09,23.7,23.7,Accumulation,17.9,14.2,35.7,46.9,12.5,34.1
2018-12-10,24.4,24.4,Accumulation,17.6,13.5,39,46.9,14.8,34.3
2018-12-11,23.4,23.4,Accumulation,17,13,36.1,46.4,15,34.6
2018-12-12,23.7,23.7,Accumulation,17.4,13.6,35.6,47,14.6,35.1
2018-12-13,23.1,23.1,Accumulation,16.6,12.2,35.6,47.1,14.3,35.4
2018-12-14,22.7,22.7,Accumulation,16.4,11.6,34.7,46.3,15.5,34.6
2018-12-15,22.3,22.3,Accumulation,16.3,11.4,34.7,46.2,13.1,34.6
2018-12-16,22.4,22.4,Accumulation,16.5,11.5,35.4,46.2,11.7,34.6
2018-12-17,23.7,23.7,Accumulation,17.6,14,37.5,44.1,14.2,32.9
2018-12-18,25.6,25.6,Accumulation,18.2,15.4,42.4,44.4,17,32.8
2018-12-19,25.3,25.3,Accumulation,18.1,15.5,40.9,44,17.5,32.4
2018-12-20,27.1,27.1,Accumulation,19.3,18.1,45.8,43.5,17,30.9
2018-12-21,27.5,27.5,Accumulation,18.5,17,50.4,43.3,17.4,30.8
2018-12-22,26.6,26.6,Accumulation,18.9,17.8,46.3,43.2,13.9,30.8
2018-12-23,26.8,26.8,Accumulation,18.9,17.6,47.9,43.2,13,30.8
2018-12-24,26.6,26.6,Accumulation,19.4,18.2,44.2,43.2,16.2,29
2018-12-25,26.7,26.7,Accumulation,18.4,16.6,49.5,43.2,13.8,29
2018-12-26,25.8,25.8,Accumulation,18.3,16.9,44.8,43.5,12.9,30.6
2018-12-27,25.6,25.6,Accumulation,17.3,14.7,46.7,45.3,13.1,30.4
2018-12-28,25.6,25.6,Accumulation,18.6,17.5,40.6,45.8,14.2,30.4
2018-12-29,25.3,25.3,Accumulation,17.9,16,43,45.8,12.6,30.4
2018-12-30,25.5,25.5,Accumulation,18.4,17.1,42,45.7,12,30.4
2018-12-31,26.7,26.7,Accumulation,17.8,15.5,44.7,46.4,23.6,31.1
2019-01-01,24.6,24.6,Accumulation,18.4,16.8,36.7,37.5,21.6,32.3
2019-01-02,29,29,Accumulation,18.4,17.4,56.4,38,24.5,32.3
2019-01-03,30,30,Neutral,18.2,17,63.2,36.4,25,30.7
2019-01-04,31.8,31.8,Neutral,18.1,16.8,70.4,39.3,25.3,33.2
2019-01-05,31,31,Neutral,17.8,16.5,68.5,39.3,22,33.2
2019-01-06,32,32,Neutral,19.2,18.5,67.6,39.3,25.2,33.2
2019-01-07,32.8,32.8,Neutral,18.6,17.9,71.6,40.1,26.9,33.5
2019-01-08,32.8,32.8,Neutral,18.6,17.6,72.2,41.1,25.8,34.1
2019-01-09,33.4,33.4,Neutral,18.8,17.6,73.8,40.4,28.4,34.7
2019-01-10,31.5,31.5,Neutral,16.7,13.5,72.1,41.2,27.7,35.4
2019-01-11,29.6,29.6,Accumulation,16.6,13.5,64,41.9,25.2,35.5
2019-01-12,30,30,Neutral,16.5,13.3,65.9,41.8,26.2,35.6
2019-01-13,29.4,29.4,Accumulation,15.9,12.4,65.5,41.8,24.8,35.6
2019-01-14,29.2,29.2,Accumulation,16.5,13.6,63.1,40.8,23.7,35
2019-01-15,30.2,30.2,Neutral,16,12.6,69.2,42,24.4,35.6
2019-01-16,30.1,30.1,Neutral,16.1,12.8,67.6,41.8,25.5,35.3
2019-01-17,30.7,30.7,Neutral,16.4,13.2,69.9,42.4,25.1,35.7
2019-01-18,30.7,30.7,Neutral,16.1,12.7,70.4,43.5,23.9,36.8
2019-01-19,31.1,31.1,Neutral,16.6,13.5,71.2,43.5,22.9,36.8
2019-01-20,30.5,30.5,Neutral,15.6,11.8,73,43.5,21.2,36.9
2019-01-21,30.5,30.5,Neutral,15.6,11.8,71.1,43.4,24.4,36.9
2019-01-22,30.3,30.3,Neutral,15.8,12.1,69.7,44,24.5,34.5
2019-01-23,30.9,30.9,Neutral,15.7,12,72.5,44.2,24.6,35.4
2019-01-24,31.3,31.3,Neutral,15.8,12,74,44.7,25.2,35.9
2019-01-25,31.5,31.5,Neutral,16,12.2,73.3,45.2,27.1,36.1
2019-01-26,31.6,31.6,Neutral,15.8,12.1,75.7,45.2,23.8,36.1
2019-01-27,31.2,31.2,Neutral,15.7,11.7,74.9,45.2,22.5,36.1
2019-01-28,29.8,29.8,Accumulation,14.7,10.2,73.3,44.7,20.3,34.8
2019-01-29,28.3,28.3,Accumulation,14.5,9.8,66.5,44.6,20,34.2
2019-01-30,27.8,27.8,Accumulation,14.7,10.3,67.2,36.6,19.4,35.7
2019-01-31,27.1,27.1,Accumulation,14.3,9.4,64.4,36.3,21.4,36.8
2019-02-01,29.6,29.6,Accumulation,14.4,9.6,67.6,52.6,22.8,37.1
2019-02-02,29.3,29.3,Accumulation,14.5,9.9,67.2,52.5,18.9,37.1
2019-02-03,28.4,28.4,Accumulation,14,9.3,65.6,52.5,16.5,37.1
2019-02-04,29.6,29.6,Accumulation,14,9.3,70.1,53.8,17.4,38.2
2019-02-05,29.4,29.4,Accumulation,14.5,9.8,66.6,55.9,17.9,38.4
2019-02-06,28.1,28.1,Accumulation,13.7,8.7,63.4,52.5,19.5,38.6
2019-02-07,28.7,28.7,Accumulation,14.3,9.4,65,53.1,18.9,36.7
2019-02-08,32.7,32.7,Neutral,16.7,12.8,74.3,54.3,23.2,37.2
2019-02-09,33,33,Neutral,16.6,12.6,76.4,54.3,23.2,37.2
2019-02-10,33.2,33.2,Neutral,16.9,13,75.6,54.2,24.9,37.2
2019-02-11,33.7,33.7,Neutral,16.1,11.7,77.2,58.6,28.4,36.7
2019-02-12,34.3,34.3,Neutral,17.2,12,74.9,61.5,31,38.3
2019-02-13,34.4,34.4,Neutral,16.8,11.4,77.4,60.7,30.5,37.8
2019-02-14,34.3,34.3,Neutral,16.8,11.4,77.4,60.5,30.2,36.8
2019-02-15,34.2,34.2,Neutral,16.8,11.3,76.7,61,29.7,38.3
2019-02-16,34.1,34.1,Neutral,16.9,11.6,76.6,61,27.8,38.3
2019-02-17,34.4,34.4,Neutral,18.9,12.3,74.7,60.9,27.6,38.3
2019-02-18,37.5,37.5,Neutral,22.2,15.4,78.9,60.8,32.5,38.3
2019-02-19,37.4,37.4,Neutral,21.2,15.7,79,61.1,32.7,37.4
2019-02-20,37.8,37.8,Neutral,22.7,16.1,78.6,60.3,33,38.8
2019-02-21,37.5,37.5,Neutral,22.3,15.5,78.6,61.5,31.3,39
2019-02-22,39,39,Neutral,25.6,16.6,78.7,62,31.6,41.2
2019-02-23,39.8,39.8,Neutral,25.9,18.8,78.8,61.9,33,41.2
2019-02-24,37.4,37.4,Neutral,24,13.6,79.1,61.9,27.6,41.2
2019-02-25,37.2,37.2,Neutral,24.2,14.6,76.9,61.9,28.2,38.9
2019-02-26,35.8,35.8,Neutral,21.3,14,75.2,60.7,28.3,38.5
2019-02-27,35.8,35.8,Neutral,21.3,13.9,74.7,60.5,29.6,40.4
2019-02-28,36.2,36.2,Neutral,22.9,14.2,74.6,60.6,27.7,40.3
2019-03-01,36.9,36.9,Neutral,22.3,14.8,73.2,69.2,28.3,43.3
2019-03-02,37,37,Neutral,22.4,14.9,72.8,69.1,29.2,43.3
2019-03-03,37.1,37.1,Neutral,24,14.5,73.8,69.1,24.9,43.3
2019-03-04,35.6,35.6,Neutral,22.3,12.9,70.5,67.6,27.5,41.7
2019-03-05,37,37,Neutral,25.1,15.5,70.1,67.1,27.6,41.4
2019-03-06,37.8,37.8,Neutral,25.7,15.6,73.1,66,29.3,39.5
2019-03-07,38.3,38.3,Neutral,26,16.1,75.4,66.2,28.5,38.1
2019-03-08,38.2,38.2,Neutral,25.8,16.1,74.9,66.7,28.8,37.3
2019-03-09,38.4,38.4,Neutral,25.8,17.2,75.2,66.6,27.7,37.3
2019-03-10,38,38,Neutral,26,16.9,75.2,66.6,24.5,37.3
2019-03-11,38.5,38.5,Neutral,25.7,16,75.4,69.1,27.7,41.2
2019-03-12,38.5,38.5,Neutral,25.4,15.7,75.3,69.6,28,42
2019-03-13,38.6,38.6,Neutral,26,15.6,74.7,69.9,28.6,42.7
2019-03-14,38.7,38.7,Neutral,26.2,15.5,75,70,28.2,43.3
2019-03-15,39.4,39.4,Neutral,26.8,16.7,75,70.1,29.1,44.7
2019-03-16,39.6,39.6,Neutral,27.4,18.2,74.6,70,27.2,44.7
2019-03-17,39.1,39.1,Neutral,25.6,17.8,75.6,69.9,26.5,44.7
2019-03-18,38.8,38.8,Neutral,25,17.7,75.2,69.7,26.5,44.4
2019-03-19,39.1,39.1,Neutral,25.1,18.1,75.2,69.5,28.6,43.2
2019-03-20,39,39,Neutral,23.2,18.7,74.8,69.5,33.5,42.8
2019-03-21,38.9,38.9,Neutral,23.8,17.3,75.8,70,30.9,43.4
2019-03-22,37.9,37.9,Neutral,23,17.7,75.1,68.7,28.2,37.6
2019-03-23,37.6,37.6,Neutral,23.3,17.7,74,68.6,26.9,37.6
2019-03-24,37.3,37.3,Neutral,22.3,17.4,73,68.5,29.2,37.6
2019-03-25,38,38,Neutral,23.3,16.4,73.3,68.6,34.9,37.4
2019-03-26,37.9,37.9,Neutral,22.9,16.2,72.8,68.9,35.6,40.1
2019-03-27,39,39,Neutral,24.9,18.3,72.9,68.3,35.5,39
2019-03-28,39.2,39.2,Neutral,23.7,18.6,73.8,68.6,37.1,41.4
2019-03-29,40,40,Neutral,24.9,20,73.9,68.4,37.4,42.8
2019-03-30,40.3,40.2,Neutral,24.6,20.1,75.4,68.3,37.3,42.8
2019-03-31,40.2,40.1,Neutral,25,20,74.9,68.3,36.4,42.8
2019-04-01,41.3,40.9,Neutral,24.7,20.7,82.8,57.5,37.1,44.9
2019-04-02,45.4,43.6,Neutral,27.7,26.8,82.7,57.3,40.6,45.2
2019-04-03,46.9,44.6,Neutral,28.4,27.6,83.3,57.7,44.8,44.9
2019-04-04,45.5,43.7,Neutral,27.8,26.9,82.6,56.9,41.4,44.9
2019-04-05,46.4,44.2,Neutral,28.6,27.8,82.4,57.3,41.7,46.6
2019-04-06,45.5,43.7,Neutral,27.6,27.9,83,57.2,38,46.6
2019-04-07,46.2,44.1,Neutral,28.8,28.7,83.2,57.2,36.6,46.6
2019-04-08,46.6,44.4,Neutral,29.4,29.2,82.9,56.7,37.8,45.3
2019-04-09,45.9,43.9,Neutral,28.8,28.7,82.8,56.5,37.8,42.6
2019-04-10,47.2,44.8,Neutral,30.9,29.4,82.5,57.4,36.9,44.9
2019-04-11,46.3,44.2,Neutral,29.5,27.8,82.8,57.7,37.7,46.6
2019-04-12,46,44,Neutral,30,28.3,78.8,58.2,39.3,49.3
2019-04-13,46.9,44.6,Neutral,30.3,28.2,82.4,58.1,37,49.3
2019-04-14,46.3,44.2,Neutral,30.2,29,80.4,58.1,35.2,49.3
2019-04-15,46,44,Neutral,29.6,27.9,82.1,57.7,35.1,48.7
2019-04-16,46.7,44.5,Neutral,30.5,29.1,80.3,58.1,36.7,50.4
2019-04-17,47.3,44.9,Neutral,30.5,29.5,82.2,57.3,37.1,49.7
2019-04-18,47.6,45.1,Neutral,30.9,29.8,82.6,56.7,36.3,50.7
2019-04-19,47.7,45.1,Neutral,30.7,30,82.1,56.7,37.9,50.7
2019-04-20,48.1,45.4,Neutral,31.4,30.2,82.2,56.6,37.8,50.7
2019-04-21,47.4,45,Neutral,31.3,30.1,82.1,56.6,34.3,50.7
2019-04-22,48.5,45.7,Neutral,31.6,30.7,81.9,56.8,39.7,49.8
2019-04-23,49.2,46.1,Neutral,32.2,31.8,82.9,57.4,36.6,50.1
2019-04-24,48.7,45.8,Neutral,32,31.7,82.6,57.4,36.5,47.4
2019-04-25,47.7,45.1,Neutral,30.7,30,81.5,57,40.8,46.9
2019-04-26,46.2,44.1,Neutral,30.8,30.3,77.9,57.4,36.2,48
2019-04-27,46.6,44.4,Neutral,31.1,30.5,78.2,57.3,36.3,48
2019-04-28,46.3,44.2,Neutral,31.5,30.6,77.4,57.3,34.8,48
2019-04-29,46.9,44.6,Neutral,31.4,30.4,78.1,57.2,38.5,47.5
2019-04-30,47.9,45.3,Neutral,32,31.5,78.1,57.4,40.5,47.3
2019-05-01,48.2,45.5,Neutral,32.5,32.1,86.9,44.9,36,44.8
2019-05-02,49.8,46.5,Neutral,32.8,32.8,86.8,44.8,43.5,45.9
2019-05-03,52.3,48.2,Caution,33.5,34.1,89.1,44.9,48.4,49
2019-05-04,52.1,48.1,Caution,33.9,34.7,89.6,44.9,43.8,49
2019-05-05,51.8,47.9,Caution,33.8,34.7,89.6,44.9,42.3,49
2019-05-06,51.2,47.5,Caution,33.6,35.1,88.2,45.1,43,43.7
2019-05-07,52.1,48,Caution,34,35.5,89.7,43.4,46.8,40
2019-05-08,52,48,Caution,34.7,36.3,88.9,42.9,44,40.5
2019-05-09,53.5,49,Caution,35.8,37.1,89.6,43.1,48,40
2019-05-10,55.3,50.2,Caution,38.4,37.7,89.7,43.6,48.5,42.1
2019-05-11,59.7,53.1,Caution,44.9,41.9,89.8,43.6,47.8,42.1
2019-05-12,58.2,52.1,Caution,43,40.5,89.8,43.6,46.7,42.1
2019-05-13,63.4,55.4,Caution,48.7,45.5,89.8,40.9,54.4,37.4
2019-05-14,67.3,56.9,Caution,50.6,46.9,89.7,41.8,59.2,39.1
2019-05-15,67.7,57.1,Caution,50.9,49,89.7,41.5,54.5,40.2
2019-05-16,65.2,56.1,Caution,49.4,46.3,89.6,42.9,53.5,42.6
2019-05-17,61.1,54.1,Caution,46.3,43.5,88.8,42,52.5,42
2019-05-18,59.8,53.2,Caution,45.9,43,89,42,46,42
2019-05-19,66.5,56.6,Caution,50.7,49.3,89.3,42,48.9,42
2019-05-20,65.3,56.1,Caution,49.5,47.4,89.4,41.5,53.6,41.3
2019-05-21,64.1,55.7,Caution,48.8,46.9,89,42.3,50.8,43.2
2019-05-22,61.2,54.2,Caution,46.7,44.9,89,41.4,48.1,43
2019-05-23,63.3,55.3,Caution,48.5,46.6,88.5,39.9,54.4,39.7
2019-05-24,63,55.2,Caution,48.8,47.5,88.3,40,49.9,40.5
2019-05-25,64,55.6,Caution,49.8,47.9,89,40,48.5,40.5
2019-05-26,67.3,56.9,Caution,51.6,52.5,88.7,40,45.8,40.5
2019-05-27,69.4,57.8,Caution,51.2,52.5,89.1,39.9,54.5,40.5
2019-05-28,69.1,57.6,Caution,50.7,52.4,89.1,40.9,54.6,38.9
2019-05-29,67.8,57.1,Caution,50.3,52.1,89.1,39.7,53.1,38.1
2019-05-30,68.8,57.5,Caution,49.5,49.5,89.2,39.6,66,38
2019-05-31,68.1,57.2,Caution,49.9,51.6,87.3,39.2,61.9,35.7
2019-06-01,66,56.4,Caution,49.9,51.6,89.3,33.7,54.6,36.1
2019-06-02,69.6,57.8,Caution,50.8,52.7,89.3,33.7,63.8,36.1
2019-06-03,62.2,54.8,Caution,47.8,47.7,89.7,32.1,56.6,34.9
2019-06-04,58.3,52.2,Caution,44.4,44.9,84.8,34.3,54.1,37.2
2019-06-05,58.8,52.5,Caution,45.2,45.5,79.4,34.6,62.9,38.6
2019-06-06,60.1,53.4,Caution,45.6,45.8,81.6,34.7,65.9,38.1
2019-06-07,60,53.3,Caution,46.3,46.8,78.9,36.7,63.5,38.3
2019-06-08,62.2,54.8,Caution,45.6,46.4,87.6,36.7,64.3,38.3
2019-06-09,58.8,52.5,Caution,43.8,44.7,87.4,36.7,51.4,38.3
2019-06-10,61.3,54.2,Caution,46.3,46.9,84.5,36.2,60.4,40.2
2019-06-11,61.8,54.6,Caution,45.7,46.5,86.7,34.5,64.3,39.9
2019-06-12,62.4,55,Caution,47.9,48.1,86.4,33.6,59.4,39.9
2019-06-13,62.3,54.9,Caution,48.1,48.9,86.9,33.1,55.5,39.7
2019-06-14,65.7,56.3,Caution,49.9,52.6,87.4,34,53,39.9
2019-06-15,69.1,57.6,Caution,51.5,53.7,88,34,57.7,39.9
2019-06-16,67.5,57,Caution,51.7,54.4,88,34,49.1,39.9
2019-06-17,70,58,Distribution,52.3,56.6,87.8,39.5,46.5,39.7
2019-06-18,69,57.6,Caution,51.4,55.5,87.5,41.1,46.8,39.9
2019-06-19,72.8,59.1,Distribution,51.8,56.3,87.2,41.6,57.8,42.3
2019-06-20,74.5,59.8,Distribution,52.6,57.7,87.1,41.7,59.2,41.8
2019-06-21,74.5,59.8,Distribution,53.5,60.9,87,41.3,49.6,41
2019-06-22,75.1,60.1,Distribution,54,62.4,86.7,41.2,47.3,41
2019-06-23,75.8,60.3,Distribution,54.2,62.9,86.6,41.2,48.6,41
2019-06-24,78.6,61.4,Distribution,54.4,63.4,86.2,39.6,59.8,41.4
2019-06-25,80,62,Distribution,55.2,65.3,86.2,38.7,60.1,39.7
2019-06-26,80.2,62.1,Distribution,56.7,67.9,86,38,51.1,39.8
2019-06-27,78.7,61.5,Distribution,53.5,63.5,85.8,39.3,64.7,40.2
2019-06-28,80.1,62,Distribution,55.4,66.9,83.2,40.3,59.6,41.2
2019-06-29,80.8,62.3,Distribution,54.3,65.5,84.9,40.3,66.1,41.2
2019-06-30,77,60.8,Distribution,51.7,62.3,84.9,40.3,66.6,41.2
2019-07-01,72.6,59,Distribution,50.5,61.4,82.1,39.9,59.5,43.5
2019-07-02,73.2,59.3,Distribution,51.3,62.8,81.3,40.1,56.6,45.2
2019-07-03,79.9,62,Distribution,54.2,66.2,82.9,40.8,62.1,46
2019-07-04,77.1,60.9,Distribution,51.6,63.7,82.5,40.8,65.9,46
2019-07-05,75.1,60,Distribution,51.1,63.3,81.2,40,64.4,43.8
2019-07-06,76.6,60.6,Distribution,51.8,64.1,81.8,40,65.1,43.8
2019-07-07,76.3,60.5,Distribution,52.1,64.9,80.8,40,63,43.8
2019-07-08,75.5,60.2,Distribution,54.4,67.7,81.3,29.6,56.1,42.1
2019-07-09,79.3,61.7,Distribution,55.2,68.5,81.5,28.8,67.6,41.4
2019-07-10,76.9,60.8,Distribution,54,67.4,81.2,28.4,63.7,45.4
2019-07-11,70.9,58.3,Distribution,51.6,65,78.4,28.3,57.8,46.2
2019-07-12,69.4,57.7,Caution,52.8,66.3,71.7,28.4,57.6,47.7
2019-07-13,73.7,59.5,Distribution,51.3,65.2,78.7,28.4,68.1,47.7
2019-07-14,65,56,Caution,47.3,60.5,77.5,28.4,59.6,47.7
2019-07-15,62.1,54.7,Caution,48.7,63.1,64.8,28.7,61.8,47
2019-07-16,59.1,52.7,Caution,44.6,55.4,71,29,60.6,46
2019-07-17,59.1,52.7,Caution,45.5,57.3,65.3,28.2,67.5,42.9
2019-07-18,63.2,55.3,Caution,47.8,62.6,72.4,28.2,57.7,44.4
2019-07-19,61.8,54.6,Caution,47,61.7,72.9,28.1,55.1,42.2
2019-07-20,61.6,54.4,Caution,47.8,63,70,28.1,54,42.2
2019-07-21,64.4,55.8,Caution,46.9,62.2,72.5,28.1,67.3,42.2
2019-07-22,61.4,54.3,Caution,45.9,60.7,72.2,28.2,58.6,44
2019-07-23,58.7,52.4,Caution,44.8,58,71.3,28.1,51.3,46.2
2019-07-24,55.8,50.6,Caution,45.1,57.7,64.2,28.3,45.5,47.2
2019-07-25,58.3,52.2,Caution,45.5,58.5,71.5,28.2,45,45.6
2019-07-26,56.9,51.3,Caution,45.4,58.4,65.2,28.7,47.7,46.7
2019-07-27,58.3,52.2,Caution,44.2,56,72.3,28.7,52.4,46.7
2019-07-28,54.4,49.6,Caution,44.4,56.3,61.8,28.7,46.2,46.7
2019-07-29,55.8,50.5,Caution,44.2,56.4,62.6,28.1,55.8,45
2019-07-30,56.2,50.8,Caution,44.4,57,63.7,28.6,55,42.1
2019-07-31,58.6,52.4,Caution,46,60.2,66.7,37.6,45.4,37.8
2019-08-01,61.9,54.6,Caution,46.9,62.4,68.6,37.5,56.1,36.9
2019-08-02,60.9,53.9,Caution,47.7,63.3,68.7,36.6,45.9,36.2
2019-08-03,63.7,55.5,Caution,49.2,64.5,68.5,36.6,54.2,36.3
2019-08-04,64.1,55.6,Caution,49.7,65.1,68.6,36.6,52.5,36.3
2019-08-05,70.7,58.3,Distribution,52.6,68.1,69,35.5,65,32.7
2019-08-06,68.8,57.5,Caution,51.4,67.1,69.3,36.5,61.1,33.8
2019-08-07,71.8,58.7,Distribution,53.2,68.5,65.4,39.7,68.9,34.1
2019-08-08,72.7,59.1,Distribution,52.9,68.6,67.5,40.9,66.4,36.3
2019-08-09,68.8,57.5,Caution,50.2,68,67.1,41.1,61.4,35.5
2019-08-10,65.9,56.3,Caution,48.2,65.8,66.8,41.1,62,35.5
2019-08-11,65.2,56.1,Caution,47.6,66.6,64.5,41.1,63.5,35.5
2019-08-12,64.3,55.7,Caution,46.7,66.2,64.6,41.2,64.3,33.5
2019-08-13,60.5,53.7,Caution,44.2,64.3,64,39.8,57.8,35.7
2019-08-14,54.4,49.6,Caution,40.4,59,53,39.3,65.6,32.6
2019-08-15,55.7,50.4,Caution,42.7,60.9,53.1,38.1,63.2,32.8
2019-08-16,58.1,52.1,Caution,43,61,58.9,38.8,65.3,34.6
2019-08-17,54.8,49.9,Caution,40.4,60.1,55,38.8,60.9,34.6
2019-08-18,52.6,48.4,Caution,41.4,60.8,52.7,38.8,46.5,34.6
2019-08-19,57.5,51.7,Caution,44.5,64.2,58.2,40.5,47.7,35.9
2019-08-20,59.8,53.2,Caution,44.3,63.7,60.7,40.9,59.7,35.2
2019-08-21,53.5,49,Caution,40.4,59.6,51.7,41.3,56.7,37.2
2019-08-22,52.1,48.1,Caution,40,59.2,51.5,41.7,50.2,36.1
2019-08-23,55.5,50.3,Caution,41.6,61.4,58.6,39.4,51.8,33.1
2019-08-24,54.7,49.8,Caution,38.9,59.8,60.1,39.4,55.5,33.1
2019-08-25,53.8,49.2,Caution,38.8,59.5,58.1,39.4,55,33.1
2019-08-26,56.6,51.1,Caution,40.4,61.6,60.5,40.4,57.4,33.8
2019-08-27,52.7,48.5,Caution,38.9,59.4,56.8,39.8,49.4,33.2
2019-08-28,51.1,47.4,Caution,37.7,56.4,57.4,40.3,47.9,33.9
2019-08-29,49.9,46.6,Neutral,36.5,54.7,53,41.7,54.5,35.1
2019-08-30,51.3,47.5,Caution,36.9,55.5,54.3,42.5,57.5,34.7
2019-08-31,50.4,46.9,Caution,36.6,55.7,52.7,42.5,54.8,34.7
2019-09-01,52,48,Caution,38.3,57.5,51.5,42.5,58,36.3
2019-09-02,55.9,50.6,Caution,42.5,61.9,52.8,42.5,57,36.3
2019-09-03,58.8,52.6,Caution,43.5,63.6,56.9,42.6,61.9,35.5
2019-09-04,58.1,52,Caution,42.9,62.6,57.6,38.4,62.7,37.4
2019-09-05,56.4,51,Caution,42.3,62,56.6,41.7,53.4,38.7
2019-09-06,56.3,50.9,Caution,40.7,59.7,57.3,40.5,62.2,40.4
2019-09-07,56.3,50.9,Caution,42.1,61,55.5,40.4,58.3,40.4
2019-09-08,55.4,50.2,Caution,41,60.1,57,40.4,54.3,40.4
2019-09-09,55.6,50.4,Caution,40.1,59.1,55.9,42.7,61.5,40.1
2019-09-10,52.6,48.4,Caution,38.1,57.2,55.7,43.1,51.6,40.2
2019-09-11,54.1,49.4,Caution,38.3,57.7,54.6,43.7,61.5,41.3
2019-09-12,55,50,Caution,38.8,59.3,54.6,44.2,61.1,42
2019-09-13,53.6,49.1,Caution,38.2,58.9,54.3,43.3,55.6,43.2
2019-09-14,52.8,48.5,Caution,37.9,58.6,54.4,43.3,51.4,43.2
2019-09-15,52.9,48.6,Caution,36.9,58.1,54,43.3,57,43.2
2019-09-16,52.7,48.5,Caution,36.8,57.5,53.7,43.7,59,41.2
2019-09-17,53.2,48.8,Caution,36.2,56.9,54.8,44.3,62.6,41.6
2019-09-18,51.7,47.8,Caution,35.7,56.3,53.5,44.1,57.9,42.4
2019-09-19,52.6,48.4,Caution,35.8,57.8,51,44.8,64.6,42.2
2019-09-20,50.9,47.3,Caution,34.2,57.2,54.4,44.3,54.4,39.8
2019-09-21,48.8,45.9,Neutral,32.4,55.3,52.6,44.3,54.1,39.8
2019-09-22,49.4,46.3,Neutral,32.4,55.5,52.5,44.3,57.8,39.8
2019-09-23,48.5,45.7,Neutral,29.9,53.1,54,44.8,61.6,40.2
2019-09-24,41.2,40.8,Neutral,25.5,46,53,44.1,47.2,37.6
2019-09-25,40.3,40.2,Neutral,26.3,45.4,44.7,44.5,56,38.9
2019-09-26,38.8,38.8,Neutral,24.8,44.1,44,44.4,52,38.5
2019-09-27,40.5,40.3,Neutral,25.4,44.6,47.7,43.4,58.1,37.5
2019-09-28,39.9,39.9,Neutral,26.4,44.7,50.3,43.4,45.4,37.5
2019-09-29,40.7,40.5,Neutral,26.1,43.9,50.4,43.4,54,37.5
2019-09-30,40.2,40.1,Neutral,26.4,44.9,48.4,44.1,49.5,38.6
2019-10-01,42.4,41.6,Neutral,25.6,45,50.1,57.5,48.4,41.9
2019-10-02,43.4,42.3,Neutral,26.6,45.5,50.3,57.2,51.5,40.2
2019-10-03,43.2,42.1,Neutral,26.2,44.7,49.4,57.3,54.2,41.4
2019-10-04,41.9,41.2,Neutral,25.5,44.1,47.1,57.6,52.2,43
2019-10-05,41.4,40.9,Neutral,25.4,44,47.2,57.6,49.8,43
2019-10-06,40.5,40.3,Neutral,23.9,42.8,47.6,57.5,50.6,43
2019-10-07,41,40.7,Neutral,24.8,44.1,45.7,57.8,51.9,42.4
2019-10-08,42.5,41.7,Neutral,25,44.1,49.7,56.6,55.2,40.5
2019-10-09,44.4,43,Neutral,26.9,46.1,48.6,56.8,58.8,41.7
2019-10-10,42.8,41.9,Neutral,26.6,46.1,50.3,56.4,45.6,42.9
2019-10-11,42.6,41.7,Neutral,25.6,44.1,49.3,56.6,52.4,45.3
2019-10-12,42.7,41.8,Neutral,27.1,44.2,48.7,56.6,49.2,45.3
2019-10-13,40.6,40.4,Neutral,26.3,44,48.6,56.6,38.5,45.3
2019-10-14,42.6,41.8,Neutral,28.8,44.1,48,56.4,45.1,46.8
2019-10-15,41.5,41,Neutral,27.1,43.1,48.8,56.5,42.4,49.4
2019-10-16,41.7,41.1,Neutral,25,42.5,49.3,56.2,50.7,49.4
2019-10-17,41.2,40.8,Neutral,25.7,42.8,49.2,56.3,44.8,49.2
2019-10-18,40.6,40.4,Neutral,24.3,42,49,55.9,47.8,48.7
2019-10-19,40.8,40.5,Neutral,24.5,41.9,49.3,55.9,48.3,48.7
2019-10-20,40.2,40.1,Neutral,26.3,42.9,47.2,55.8,40.3,48.7
2019-10-21,40.9,40.6,Neutral,26.7,42.7,47.1,56.3,43.8,49.5
2019-10-22,40.9,40.6,Neutral,25.5,41.8,47.9,55.7,49.1,48.6
2019-10-23,39.6,39.6,Neutral,23,40.3,45.8,55.5,54.7,49.5
2019-10-24,38.7,38.7,Neutral,22.9,40.2,41.2,56.6,54.1,50.2
2019-10-25,42.7,41.8,Neutral,29.8,45.1,42.4,56.9,48.1,52.6
2019-10-26,47.9,45.3,Neutral,32,47.9,50.9,56.9,52.3,52.6
2019-10-27,49.1,46.1,Neutral,33.4,49.4,50.6,56.8,52.7,52.6
2019-10-28,46.5,44.3,Neutral,31.4,47.5,50.7,56.9,45.7,52.2
2019-10-29,47.3,44.9,Neutral,31,48.3,50.9,57.1,50.1,52
2019-10-30,46.1,44.1,Neutral,29.2,46.9,50.7,58.9,49.1,53.2
2019-10-31,45.5,43.7,Neutral,28.6,46.5,50.3,58.8,49.3,51.2
2019-11-01,47.8,45.2,Neutral,28.6,46.9,51.8,68.4,49.3,55.8
2019-11-02,47.7,45.1,Neutral,28.5,47.1,52,68.4,47.6,55.8
2019-11-03,47.2,44.8,Neutral,27.1,46.6,52.8,68.3,48.5,55.8
2019-11-04,47.9,45.3,Neutral,28.2,47.3,51.6,68.2,51.3,54.9
2019-11-05,47.3,44.9,Neutral,27.3,47,52.1,68.3,49.4,54.7
2019-11-06,48.1,45.4,Neutral,27.3,47.1,52,68.3,54.6,55.5
2019-11-07,45.8,43.9,Neutral,27,46.3,52,68.3,41.8,55.8
2019-11-08,44,42.6,Neutral,26.4,43.9,49.8,68.3,41.1,57.5
2019-11-09,42.7,41.8,Neutral,26.3,44,47.8,68.2,36.3,57.5
2019-11-10,43.9,42.6,Neutral,26.9,45.1,48.2,68.2,39.2,57.5
2019-11-11,44.3,42.8,Neutral,26.5,43.2,48.7,68.1,47.2,56
2019-11-12,44.6,43.1,Neutral,28.4,43.8,48,68.4,43.7,55.8
2019-11-13,42.8,41.9,Neutral,27.5,43.3,47.6,68.2,37.3,54.6
2019-11-14,42.5,41.7,Neutral,26.8,42.6,49.1,68.1,36.8,54.2
2019-11-15,43.6,42.4,Neutral,26.4,41.9,47.5,68,48.5,57
2019-11-16,43,42,Neutral,26.4,42,48.9,68,41.7,57
2019-11-17,41.6,41,Neutral,25.5,42,47.3,67.9,37.9,57
2019-11-18,40.6,40.4,Neutral,23.7,40.5,47.3,67.8,41.6,55.8
2019-11-19,39.8,39.8,Neutral,24.5,40.2,45.3,68.1,38.1,54.3
2019-11-20,39.5,39.5,Neutral,24.2,39.8,45.3,67.6,38.1,53.9
2019-11-21,38,38,Neutral,21.9,38.4,44.5,66.8,36.3,53.1
2019-11-22,36.8,36.8,Neutral,21.1,37.3,41.1,67.2,34.4,54.7
2019-11-23,36.5,36.5,Neutral,21.2,37.3,42,67.2,29.8,54.7
2019-11-24,36.6,36.6,Neutral,20.1,35.6,41.3,67.1,39.4,54.7
2019-11-25,35.9,35.9,Neutral,20.7,36.4,39.8,67.3,31.2,55.7
2019-11-26,36.4,36.4,Neutral,21.2,36.3,41.2,67.2,31.7,56.2
2019-11-27,37,37,Neutral,22.7,37.4,40.9,67.2,31.4,55.7
2019-11-28,37.6,37.6,Neutral,22.2,37,45,67.1,32.4,55.7
2019-11-29,39.2,39.2,Neutral,23.5,37.9,44.5,66.8,44,54.2
2019-11-30,37.9,37.9,Neutral,22.4,37.2,46.9,66.7,31.8,54.2
2019-12-01,35.2,35.2,Neutral,21.2,36.5,39.1,63.3,29,53
2019-12-02,35.2,35.2,Neutral,20.7,36,40,63.2,31.8,49
2019-12-03,35.1,35.1,Neutral,20.6,35.7,39.9,63.2,33.5,47
2019-12-04,35.2,35.2,Neutral,20.4,34.9,38.5,63.4,38.6,48.7
2019-12-05,35.3,35.3,Neutral,21,35.7,37.3,63,37.9,50
2019-12-06,35.6,35.6,Neutral,21.5,36.3,40.2,63.3,31.5,51.9
2019-12-07,35.4,35.4,Neutral,21.4,36,41.2,63.3,27.9,51.9
2019-12-08,35.4,35.4,Neutral,21.6,36,39.8,63.3,30.3,51.9
2019-12-09,35,35,Neutral,21.2,34.7,41.1,63.4,30.3,48.2
2019-12-10,34.2,34.2,Neutral,20.7,33.7,39,63.5,30.4,48.4
2019-12-11,33.8,33.8,Neutral,20.5,33.5,36.7,63.1,31.1,49
2019-12-12,33.2,33.2,Neutral,20.2,32.9,37.7,61.5,25.7,52.1
2019-12-13,33.2,33.2,Neutral,20.3,32.8,37.4,60.9,26,55
2019-12-14,33.3,33.3,Neutral,19.8,31.8,39.2,60.9,27.7,55
2019-12-15,33.1,33.1,Neutral,19.9,31.9,36.9,60.8,29.9,55
2019-12-16,32.6,32.6,Neutral,19.4,31.2,38,61.2,23.9,56.6
2019-12-17,33.1,33.1,Neutral,18.9,30.3,37.5,61.5,33.3,56.6
2019-12-18,33.2,33.2,Neutral,20.8,32.9,34.8,60.9,28.9,56.2
2019-12-19,33.3,33.3,Neutral,20.2,32,36.7,60.9,29.5,56.5
2019-12-20,34.2,34.2,Neutral,20.4,31.9,37.5,60.6,37,56.2
2019-12-21,33.4,33.4,Neutral,20.2,31.6,37.4,60.5,31.2,56.2
2019-12-22,34.7,34.7,Neutral,21.9,33.6,36.3,60.5,35.9,56.2
2019-12-23,36,36,Neutral,23,32.2,41.1,60.2,40.1,55.9
2019-12-24,34.2,34.2,Neutral,22.7,31.6,38.4,60.2,30.3,55.4
2019-12-25,33.4,33.4,Neutral,23,31.2,37,60.1,25.3,55.4
2019-12-26,34.7,34.7,Neutral,22.6,31.1,43,60.4,27.5,55.2
2019-12-27,35.7,35.7,Neutral,22.8,31.2,42.5,60.2,38.9,53.8
2019-12-28,35,35,Neutral,23.7,31.4,41.9,60.2,29.2,53.8
2019-12-29,35.2,35.2,Neutral,23.6,31.8,41.9,60.2,30.5,53.8
2019-12-30,34.8,34.8,Neutral,22.1,30.4,43.6,58.8,33.8,51.6
2019-12-31,34.7,34.7,Neutral,21.6,30.1,42.3,59,36.1,54.1
2020-01-01,35.2,35.2,Neutral,21.8,30,45.2,60.8,33.5,54.2
2020-01-02,36.2,36.2,Neutral,21.2,29.1,46.1,61.7,43.2,56.8
2020-01-03,36.4,36.4,Neutral,23.5,30.8,45.4,61.2,38.1,52.6
2020-01-04,37.2,37.2,Neutral,24.3,30.7,45.2,61.2,44.4,52.6
2020-01-05,37.1,37.1,Neutral,23.5,30.7,45.6,61.2,44.4,52.6
2020-01-06,39,39,Neutral,25.9,33.4,46.5,61.6,47.6,53
2020-01-07,38.9,38.9,Neutral,27.1,34.9,45.9,61.3,40.2,53
2020-01-08,40.8,40.5,Neutral,27,34.7,48.4,61.2,52.6,53.9
2020-01-09,38.8,38.8,Neutral,26.3,33.8,47.2,61,41.4,56
2020-01-10,40.6,40.4,Neutral,28.8,35.4,45.8,60.4,48.7,56.1
2020-01-11,39.3,39.3,Neutral,27.7,34.5,47.8,60.3,39.9,56
2020-01-12,40,40,Neutral,28.6,35.3,46.9,60.3,44,56
2020-01-13,39.6,39.6,Neutral,28.3,34.6,47.3,61.6,40.5,56.7
2020-01-14,43.2,42.2,Neutral,33,37.3,48.3,61.7,43,56.1
2020-01-15,43.3,42.2,Neutral,32.9,37.3,47.6,62.3,44.7,56
2020-01-16,43.6,42.4,Neutral,32.5,36.8,47.7,62.4,48.5,56.2
2020-01-17,44.9,43.2,Neutral,33.6,37.6,47.2,62.5,52.3,57
2020-01-18,44.1,42.7,Neutral,33.3,37.6,46.6,62.4,49.1,57
2020-01-19,41.5,41,Neutral,32,36.7,46.7,62.4,38.2,57
2020-01-20,42.8,41.9,Neutral,32,36.5,45.9,62.4,49.1,57
2020-01-21,43.8,42.5,Neutral,33.6,36.9,45.9,62,51.2,54.8
2020-01-22,43.7,42.5,Neutral,33.4,36.7,46.1,61.9,51.3,54.3
2020-01-23,41.2,40.8,Neutral,29,35.7,45.5,61.8,52,53.7
2020-01-24,39.5,39.5,Neutral,28,35.8,42.9,60.3,50.9,50
2020-01-25,38.6,38.6,Neutral,26.8,35.3,43.2,60.3,46.4,50
2020-01-26,40.1,40.1,Neutral,29,36.4,43.6,60.2,50.3,50
2020-01-27,41.2,40.8,Neutral,31.1,38,45.1,59.8,47.2,45.2
2020-01-28,43.4,42.2,Neutral,34.6,40,45.4,60.8,43.2,47.4
2020-01-29,44.2,42.8,Neutral,34.2,39.4,46.2,64.2,46.9,47
2020-01-30,46,44,Neutral,35.1,40.5,46,64.2,53.3,47.2
2020-01-31,45,43.4,Neutral,34.4,39.8,45.3,64,53.8,45.2
2020-02-01,46.8,44.5,Neutral,34.8,40.1,52.3,65.8,47.4,45.5
2020-02-02,46.6,44.4,Neutral,34.1,39.6,52.1,65.8,49.6,45.5
2020-02-03,46.2,44.1,Neutral,34.1,39.4,52.2,65,48.6,45.6
2020-02-04,46.1,44.1,Neutral,33.3,38.9,51.5,65.6,50.9,48
2020-02-05,47.2,44.8,Neutral,35.9,41,50.5,65.9,46.1,49.3
2020-02-06,49.6,46.4,Neutral,36.7,41.4,52,65.7,56.2,49.1
2020-02-07,48.3,45.5,Neutral,36.8,41.7,51,65.8,48.7,47.5
2020-02-08,48.3,45.6,Neutral,37,42.2,50.8,65.8,48,47.5
2020-02-09,49.8,46.6,Neutral,39.7,43.5,50.6,65.7,47,47.5
2020-02-10,49.7,46.5,Neutral,37.5,42.2,50.9,65.3,55.4,48.2
2020-02-11,49.5,46.4,Neutral,40.6,44.2,49.4,65.5,42.7,48.2
2020-02-12,51.9,47.9,Caution,41,44.3,51.1,64.8,53,50.9
2020-02-13,50.9,47.3,Caution,40.5,43.7,51.8,64.1,49.6,49.4
2020-02-14,51.4,47.6,Caution,41.4,44.2,51.3,64.3,49,50.3
2020-02-15,47.9,45.3,Neutral,37.4,41.6,51.4,64.2,44.3,50.3
2020-02-16,48.1,45.4,Neutral,38.2,41.6,50.1,64.2,45.6,50.3
2020-02-17,46.8,44.5,Neutral,37.1,40.4,48,64.2,47.6,50.3
2020-02-18,50.1,46.7,Caution,40.9,43,48.4,63.9,53.1,47.3
2020-02-19,47.3,44.8,Neutral,37.9,39.9,47.8,64.6,50.8,47.9
2020-02-20,46.6,44.4,Neutral,38.8,40.2,46.8,64.6,46.3,45.7
2020-02-21,46.2,44.1,Neutral,39.5,41,46.8,64.8,39.7,44.1
2020-02-22,47.6,45,Neutral,40.1,40.8,46.6,64.7,48.2,44.1
2020-02-23,48.7,45.8,Neutral,42.1,42.4,47.1,64.7,45.1,44.1
2020-02-24,46.6,44.4,Neutral,39.4,40.7,47.1,62.7,46.4,41
2020-02-25,43.7,42.4,Neutral,37.1,38.9,46.7,59.2,43,40.8
2020-02-26,41.7,41.1,Neutral,34.2,36.7,45.4,59.2,46.1,41.3
2020-02-27,40.4,40.3,Neutral,34.2,37.1,44.3,56.3,41.9,41
2020-02-28,40.8,40.5,Neutral,33.7,36.5,44.9,55.8,46.1,42.5
2020-02-29,39.9,39.9,Neutral,33.3,35.8,43.7,55.7,44.8,42.5
2020-03-01,40.8,40.6,Neutral,33.5,35.8,47.8,59.9,37.4,45.1
2020-03-02,44.4,43,Neutral,36.3,37.6,47.2,60.8,48.6,45.9
2020-03-03,42.1,41.4,Neutral,35.3,36.8,47.2,59.2,39.3,46.3
2020-03-04,42.4,41.6,Neutral,34.5,36.5,48.5,60.4,40.3,46.7
2020-03-05,44.3,42.9,Neutral,35.8,37.5,48.9,61,45.9,46.1
2020-03-06,44.3,42.9,Neutral,36.5,38.1,47.7,60.5,46,44.8
2020-03-07,41.7,41.1,Neutral,34.6,36.8,47.1,60.4,38.6,44.8
2020-03-08,38.5,38.5,Neutral,30.4,32.5,45.6,60.4,38.7,44.8
2020-03-09,37.3,37.3,Neutral,30.2,32,40.1,55.6,46.1,40.3
2020-03-10,37.4,37.4,Neutral,29.9,31.7,39.9,55.8,47.3,43.5
2020-03-11,37.2,37.2,Neutral,30.9,32.7,40.1,52.7,43.5,42.6
2020-03-12,26.4,26.4,Accumulation,15.9,12.5,39.4,51,35.5,39.4
2020-03-13,30.5,30.5,Neutral,20.5,19.9,37.1,51,47.4,43.1
2020-03-14,28.9,28.9,Accumulation,18.2,15.8,42.7,50.9,37.2,43.1
2020-03-15,30.1,30.1,Neutral,19.4,17.1,44.8,50.9,38.1,43.1
2020-03-16,29.3,29.3,Accumulation,18.9,15.2,45.7,50.8,36.3,39
2020-03-17,30.5,30.5,Neutral,19.1,18.3,46.3,50.9,37.7,41.1
2020-03-18,31.4,31.4,Neutral,20.3,20.1,46.9,50.5,38.4,40.6
2020-03-19,35.2,35.2,Neutral,25.7,27.5,47.4,50.7,39.8,40.9
2020-03-20,35,35,Neutral,26.5,28.1,47.5,50.5,35,39.1
2020-03-21,34.4,34.4,Neutral,25.2,27.9,47.7,50.5,33.6,39.1
2020-03-22,33.3,33.3,Neutral,23.2,25.8,48,50.5,32.8,39.1
2020-03-23,35.9,35.9,Neutral,27.9,29.3,48.2,50.5,36.5,37.7
2020-03-24,36.3,36.3,Neutral,28.7,29.8,48.5,50.7,35.1,39.7
2020-03-25,36.1,36.1,Neutral,27.8,29,48.8,50.5,37,40.2
2020-03-26,35.5,35.5,Neutral,28.4,29.6,49,50.7,25.7,41.9
2020-03-27,33.8,33.8,Neutral,24.9,26.9,49,50.6,27.6,40.5
2020-03-28,32.9,32.9,Neutral,23.7,26.1,48.8,50.5,24.2,40.5
2020-03-29,31.1,31.1,Neutral,22,22.9,49.3,50.5,18.6,40.5
2020-03-30,33.3,33.3,Neutral,24.9,26.4,49.2,50.6,23,41.7
2020-03-31,33.6,33.6,Neutral,25.1,26.5,49.5,51,23.3,41.5
2020-04-01,33.3,33.3,Neutral,27.3,28,47.9,39.7,25.6,40
2020-04-02,33.6,33.6,Neutral,27.6,29,48.2,39.7,24.4,40.5
2020-04-03,33.5,33.5,Neutral,27.4,28.9,48.3,39.7,24.7,40
2020-04-04,33.3,33.3,Neutral,28.1,29.5,48.2,39.6,19.5,40
2020-04-05,32.8,32.8,Neutral,26.2,29,48.3,39.6,21.1,40
2020-04-06,36,36,Neutral,30,32.7,48.4,39.8,30.1,42
2020-04-07,34.5,34.5,Neutral,27.6,30.7,50.1,40,23.7,42.3
2020-04-08,36.7,36.7,Neutral,29.5,31.5,50.4,40.7,35.9,43.4
2020-04-09,35.4,35.4,Neutral,26.8,30.3,50.9,41.6,32.6,43.7
2020-04-10,33.7,33.7,Neutral,23.9,27.7,49.6,41.6,32.9,43.7
2020-04-11,33.5,33.5,Neutral,23.6,27.7,49.7,41.5,32.2,43.7
2020-04-12,33.5,33.5,Neutral,24,27.9,49.2,41.5,31.1,43.7
2020-04-13,32.7,32.7,Neutral,22.2,27.6,49.5,40.3,30.4,43.6
2020-04-14,33.8,33.8,Neutral,21.9,27.3,50.2,42.2,39,44.8
2020-04-15,32.6,32.6,Neutral,20,25.4,50.9,40.5,38.1,43.5
2020-04-16,34.9,34.9,Neutral,23.8,29.2,50.3,41.2,41.5,43.8
2020-04-17,34,34,Neutral,22.8,28.3,50.8,42.1,34.5,44.6
2020-04-18,34.4,34.4,Neutral,24.7,29.6,51.5,42.1,29,44.6
2020-04-19,34.4,34.4,Neutral,24.1,28.9,51.3,42.1,32.4,44.6
2020-04-20,33.4,33.4,Neutral,22.2,27.2,51.2,42.5,32.9,43.9
2020-04-21,33.7,33.7,Neutral,22.2,27.3,51.7,40.4,37.1,42.7
2020-04-22,35.5,35.5,Neutral,25,29.3,52.3,41.3,39.4,43.5
2020-04-23,36.6,36.6,Neutral,27.2,31,52.5,41.9,38.1,43.5
2020-04-24,36.7,36.7,Neutral,27,30.6,52.9,41.5,40.4,44.1
2020-04-25,36.7,36.7,Neutral,26.5,30.8,54.1,41.5,38.7,44.1
2020-04-26,36.9,36.9,Neutral,27.2,31.8,53.4,41.5,37.8,44.1
2020-04-27,37.7,37.7,Neutral,26.4,32.1,55.2,43.9,40.7,44.6
2020-04-28,37.5,37.5,Neutral,26.1,31.5,55,43.6,41.8,44.3
2020-04-29,42.1,41.4,Neutral,31.7,37.2,55.1,42.8,50.7,45.4
2020-04-30,42,41.3,Neutral,30.3,36,59.5,41.9,48.7,45.3
2020-05-01,43.1,42.1,Neutral,32.3,37.5,62.2,37.3,46.4,44.3
2020-05-02,44,42.7,Neutral,33.4,38.1,62.4,37.3,47,44.3
2020-05-03,44.5,43,Neutral,33,37.8,63.8,37.3,49,44.3
2020-05-04,46.4,44.2,Neutral,34.4,38.5,63.7,36.7,56.5,44.6
2020-05-05,44.6,43.1,Neutral,33.9,38.9,62.8,36.9,47.1,45
2020-05-06,45.3,43.6,Neutral,34.2,39.4,63.6,37.1,47.5,45.4
2020-05-07,50.5,47,Caution,41.2,43.1,64.7,37.8,48.4,45.4
2020-05-08,48.3,45.6,Neutral,37.9,41.6,65.6,38.3,45.2,46.4
2020-05-09,46,44,Neutral,34.8,40.6,65.9,38.2,41,46.4
2020-05-10,41.6,41.1,Neutral,29.9,36.6,65,38.2,38.3,46.4
2020-05-11,40.1,40.1,Neutral,28.5,35.4,63.5,37.9,38.5,46.6
2020-05-12,40.9,40.6,Neutral,30.6,37.2,63.2,36.7,35.4,45.4
2020-05-13,43.2,42.1,Neutral,34.3,40,64.1,36.3,31.3,44.6
2020-05-14,44.8,43.2,Neutral,38.2,41.9,63.9,36.2,26.3,44.8
2020-05-15,42.9,41.9,Neutral,34.9,39.7,65.2,36.4,26,45
2020-05-16,43.1,42,Neutral,35.4,40.2,64.6,36.4,25.9,45
2020-05-17,44.7,43.1,Neutral,38,41.4,64.3,36.3,26.4,45
2020-05-18,45.7,43.8,Neutral,38.3,41.8,66.3,36.8,25.8,46.6
2020-05-19,45.8,43.9,Neutral,38.4,41.5,66.4,36.7,27.4,46.1
2020-05-20,43.8,42.5,Neutral,36,40.2,66.8,36.9,23.2,46.7
2020-05-21,40.7,40.5,Neutral,31.9,37.3,66.5,36.8,22.7,46.4
2020-05-22,41.5,41,Neutral,33.2,38.1,65.7,37.2,23.4,46.4
2020-05-23,40.8,40.6,Neutral,32.7,38.1,65,37.2,21.7,46.4
2020-05-24,39.5,39.5,Neutral,29.8,35.5,66.2,37.2,24.2,46.4
2020-05-25,39.8,39.8,Neutral,32.1,36.6,65.7,37.1,19,46.4
2020-05-26,40,40,Neutral,32.9,36.3,65,38.3,18.9,46.9
2020-05-27,41.4,41,Neutral,34.7,37.5,65.3,38.9,18.8,47
2020-05-28,44.3,42.8,Neutral,37.5,39.6,66.7,38.4,21.5,47.2
2020-05-29,44,42.6,Neutral,36.8,38.8,68.6,38.1,20.1,47
2020-05-30,45.2,43.4,Neutral,38.3,40,69.2,38.1,19.3,47
2020-05-31,45.1,43.4,Neutral,36.1,38.8,70.2,38.1,26.6,47
2020-06-01,48.4,45.6,Neutral,41.9,42.1,66.9,44.5,23,47.3
2020-06-02,44,42.7,Neutral,35.8,37.8,68.3,44,20.4,47.5
2020-06-03,43.9,42.6,Neutral,34.8,37.5,67.8,48.5,19.7,48.3
2020-06-04,44.3,42.9,Neutral,35.3,38.1,68.9,45.6,19.8,48.4
2020-06-05,43.6,42.4,Neutral,34.4,37,68.8,45.6,20.7,49.1
2020-06-06,45.3,43.6,Neutral,36.3,37.2,68.9,45.5,25.7,49.1
2020-06-07,46.5,44.3,Neutral,37.2,37.6,68.9,45.5,29.5,49.1
2020-06-08,44.8,43.2,Neutral,36.7,37.2,68.8,46.3,20.6,48.9
2020-06-09,44.2,42.8,Neutral,36,36.9,68.8,45.9,19.9,48.6
2020-06-10,48.2,45.5,Neutral,43.8,38.4,69,45,20.5,48.3
2020-06-11,43.7,42.5,Neutral,38,34.3,68.8,43.4,20.8,46.3
2020-06-12,45.9,43.9,Neutral,40.8,36.5,65.9,43.5,26.9,47
2020-06-13,44.8,43.2,Neutral,40.7,36.5,65.9,43.5,19.6,47
2020-06-14,44.1,42.8,Neutral,40.2,35.6,66.8,43.4,17.6,47
2020-06-15,44.9,43.2,Neutral,40.2,36.2,65.7,44.3,22.2,47.2
2020-06-16,45.9,43.9,Neutral,39.4,35.6,66.5,44,31.1,47.5
2020-06-17,45.2,43.5,Neutral,37.2,35.7,66.2,43.9,33.6,47.5
2020-06-18,44.8,43.2,Neutral,36.4,35.2,67.1,43.6,33,47.4
2020-06-19,44.1,42.7,Neutral,36.1,34.9,66.7,43.4,31.6,47
2020-06-20,44.9,43.3,Neutral,37.7,35.1,66.4,43.4,32.4,47
2020-06-21,43.3,42.2,Neutral,35.2,34.6,66.1,43.4,31.2,47
2020-06-22,46.9,44.6,Neutral,38.7,37.6,66.5,43.4,35.8,47.3
2020-06-23,46,44,Neutral,37.3,36.2,67.9,43.2,35.1,47.5
2020-06-24,44.7,43.2,Neutral,34.5,33.7,69.6,42.9,38.4,46.8
2020-06-25,45.2,43.5,Neutral,36.3,34.2,68.8,43.2,36,47
2020-06-26,44.3,42.9,Neutral,36,33.3,67.9,43,35.8,46.3
2020-06-27,45.6,43.7,Neutral,36.4,32.5,69.1,43,42.8,46.3
2020-06-28,43.9,42.6,Neutral,35.6,33.1,68.1,43,33.8,46.3
2020-06-29,45.4,43.6,Neutral,36.3,33.6,68.6,43.3,38.9,46.6
2020-06-30,43.2,42.1,Neutral,35.1,33.3,69.6,43.3,27.1,47
2020-07-01,43.9,42.6,Neutral,35,33.6,67.3,49.5,29.2,47.6
2020-07-02,43.9,42.6,Neutral,34.2,32.6,67.4,49.5,33.4,47.8
2020-07-03,43.7,42.5,Neutral,33.8,32.3,67.2,49.4,34.5,47.8
2020-07-04,43.8,42.6,Neutral,34.4,32.9,67,49.4,32.7,47.8
2020-07-05,42.4,41.6,Neutral,33,32.4,66.3,49.4,30.6,47.8
2020-07-06,44.7,43.1,Neutral,34.9,33.9,67.4,49.8,33.2,48
2020-07-07,43.8,42.5,Neutral,33.8,33.1,68.8,49.5,30.2,47.4
2020-07-08,45.8,43.9,Neutral,35.8,34.5,69.1,49.6,33.5,47.7
2020-07-09,44.3,42.9,Neutral,35,32.7,69.3,49.3,30.3,47.2
2020-07-10,45.3,43.5,Neutral,35.6,33.3,68.6,49.4,34.6,47.7
2020-07-11,45,43.3,Neutral,35.3,32.9,69.7,49.3,32.3,47.7
2020-07-12,44.9,43.3,Neutral,36,33.4,69,49.3,30.1,47.7
2020-07-13,46.1,44.1,Neutral,35.7,32.8,69.9,49,39.4,47.2
2020-07-14,46.8,44.5,Neutral,36.8,33.1,70.1,49.1,39.1,47.4
2020-07-15,45.9,43.9,Neutral,34.2,32.1,70.5,49.7,42.1,47.7
2020-07-16,45.3,43.5,Neutral,34.2,31.6,70.4,49.5,39.9,47.4
2020-07-17,45,43.3,Neutral,34.1,32,69.8,49.5,38.2,48
2020-07-18,44.9,43.3,Neutral,34.5,32.1,71,49.4,33.5,48
2020-07-19,45.5,43.7,Neutral,35.4,32.4,70.2,49.4,35.7,48
2020-07-20,45.6,43.7,Neutral,34.8,31.7,71.3,49.7,37.4,48
2020-07-21,47.2,44.8,Neutral,35.7,33.1,71.4,49.8,41.3,48.1
2020-07-22,46.5,44.3,Neutral,35,33.1,72.5,49.8,36.7,48.3
2020-07-23,48.8,45.9,Neutral,35.8,33.8,73.4,49.6,46.6,47.6
2020-07-24,48,45.3,Neutral,35.6,33.6,73.1,48.9,43.5,47.7
2020-07-25,50.3,46.8,Caution,36.8,34.7,73.7,48.9,51.1,47.7
2020-07-26,50.8,47.2,Caution,38.8,36.3,73.9,48.9,44.6,47.7
2020-07-27,57.1,51.4,Caution,47.9,42.1,74.5,49,42.9,48.4
2020-07-28,54.9,49.9,Caution,43.9,41.3,75.9,49.1,39.6,48
2020-07-29,56,50.7,Caution,45.9,42,75.9,50.3,37.6,48.7
2020-07-30,55.8,50.6,Caution,45.2,41.9,76.3,50,38.4,48.2
2020-07-31,56.1,50.7,Caution,46.2,42.9,76.4,50.9,33.4,48.5
2020-08-01,61.4,54.3,Caution,48.5,45,81.7,57.1,39.9,48.5
2020-08-02,56.8,51.2,Caution,43.6,41.4,82,57.1,32.4,48.5
2020-08-03,58.7,52.4,Caution,45.8,42.7,82,57,35.2,48.3
2020-08-04,59.8,53.2,Caution,45.8,42.6,82.1,56.8,42.8,48.2
2020-08-05,60.3,53.6,Caution,46.5,45,82.3,57.1,37.5,49
2020-08-06,59.9,53.3,Caution,47.1,44.8,82.6,56.8,33,49
2020-08-07,60.5,53.7,Caution,46.5,43.8,82.7,56.8,40.9,48.8
2020-08-08,61.7,54.5,Caution,48.9,44.7,82.8,56.8,39.5,48.8
2020-08-09,61,54,Caution,49.1,44.1,83,56.8,34.9,48.8
2020-08-10,64.4,55.8,Caution,50.3,45.7,83.1,56.8,45,48.9
2020-08-11,60.8,53.9,Caution,46.4,43.1,83.4,63.8,36.5,48.9
2020-08-12,63.2,55.3,Caution,47.3,44.2,83.2,65.3,43.7,49.9
2020-08-13,65.8,56.3,Caution,49.6,45.3,83.3,65.2,44.5,50.2
2020-08-14,66.5,56.6,Caution,49.5,45.3,83.6,70.8,41.1,50.4
2020-08-15,67.8,57.1,Caution,49.2,45.6,83.9,70.8,45.7,50.4
2020-08-16,67.6,57,Caution,49.6,45.9,84,70.7,42.9,50.4
2020-08-17,68.7,57.5,Caution,50.4,47.2,84.2,69.4,42.4,50.7
2020-08-18,64.2,55.7,Caution,48.8,45.5,84.3,68.8,34.1,50.6
2020-08-19,63.3,55.3,Caution,47.8,43.9,84.4,68.2,37.8,50.4
2020-08-20,65.1,56,Caution,49.1,45.1,84.2,69.5,37.6,50.1
2020-08-21,62.5,55,Caution,46.4,42.9,84.6,70,39.6,49.5
2020-08-22,65.4,56.1,Caution,48.1,43.8,84.6,69.9,43.9,49.5
2020-08-23,62.4,54.9,Caution,47.3,43.5,84.7,69.9,34.3,49.5
2020-08-24,67.7,57.1,Caution,49.1,44.7,84.9,71.5,45.6,50
2020-08-25,62.9,55.2,Caution,45.3,42,84.8,70.7,45,50.5
2020-08-26,61.6,54.4,Caution,45.2,42.4,85,70.3,37.2,50.3
2020-08-27,61.5,54.3,Caution,43.9,41.4,85,70.4,42.2,50.5
2020-08-28,61.5,54.4,Caution,44.7,42.2,85,70.6,37.6,51.7
2020-08-29,63.4,55.4,Caution,44.6,41.9,85.5,70.6,47.8,51.7
2020-08-30,62.6,55,Caution,44.9,43.1,85.2,70.6,41.1,51.7
2020-08-31,61,54,Caution,44.8,41.9,85.2,69.3,35.7,51.1
2020-09-01,62,54.7,Caution,46.5,43.3,81.4,65.6,45.1,51.5
2020-09-02,59.8,53.2,Caution,43,40.5,81.9,66.3,46.2,50.8
2020-09-03,52.5,48.3,Caution,35.7,33.6,81.8,63.5,40.2,49.9
2020-09-04,52.6,48.4,Caution,38.5,36.1,76.9,62.2,36.5,50.8
2020-09-05,51,47.4,Caution,36.5,34.3,77.3,62.2,36.1,50.8
2020-09-06,51.8,47.9,Caution,37.2,34.8,77.3,62.2,38.1,50.8
2020-09-07,52.4,48.3,Caution,37.9,35.3,77.4,62.1,38.4,50.8
2020-09-08,50.9,47.2,Caution,35.5,33.6,77.4,60,42,49.7
2020-09-09,51.9,47.9,Caution,38.7,34.9,76.2,61.6,36.7,50.5
2020-09-10,51.3,47.5,Caution,38.1,35,76.2,60.5,35.3,50.4
2020-09-11,52.7,48.5,Caution,38.6,35.5,77.5,61.6,38,50.4
2020-09-12,51.9,47.9,Caution,39.1,35.8,77.6,61.6,30.4,50.4
2020-09-13,52.3,48.2,Caution,38.3,34.9,76.3,61.5,40.6,50.4
2020-09-14,54.4,49.6,Caution,40.6,37.1,76.8,62.2,39.6,51.2
2020-09-15,57,51.3,Caution,41.5,37.8,79.1,67.1,43.2,51.4
2020-09-16,57.4,51.6,Caution,42.3,38.6,78.5,72,38.1,51.6
2020-09-17,56.8,51.2,Caution,42.2,38.5,79.3,68.2,36.5,51.4
2020-09-18,57.5,51.7,Caution,41.9,38.3,79.4,67.7,43.2,51.5
2020-09-19,57.8,51.9,Caution,43,39.2,79.3,67.7,39.5,51.5
2020-09-20,57.2,51.5,Caution,41.3,38.2,79.9,67.7,42.2,51.5
2020-09-21,55,50,Caution,38.5,34.8,79.4,66.4,47.1,49.9
2020-09-22,56.1,50.7,Caution,40.6,36.3,77,66.8,48.6,50
2020-09-23,54,49.4,Caution,39.2,34.7,78.7,65.1,42.5,48.6
2020-09-24,58.1,52,Caution,43.6,39.3,77.1,63.9,48.8,48.4
2020-09-25,58.3,52.2,Caution,43.6,39,79.3,63.9,46.7,48.9
2020-09-26,59.4,53,Caution,43.8,39.2,79.3,63.9,53.3,48.9
2020-09-27,58.8,52.5,Caution,43.8,39.6,79.5,63.9,47.8,48.9
2020-09-28,58.9,52.6,Caution,43.4,38.9,78.9,66.1,49.9,49.2
2020-09-29,58.2,52.1,Caution,43.7,39.4,79.4,65.6,42.8,49.4
2020-09-30,58,52,Caution,42.9,38.3,79.8,65.9,45.1,50
2020-10-01,53.4,48.9,Caution,41.8,36.9,71.7,51.4,51.8,50
2020-10-02,52.4,48.3,Caution,41.2,36.3,75.6,50.2,41.9,50
2020-10-03,52.9,48.6,Caution,41.1,36.1,76.9,50.2,43.8,50
2020-10-04,53.1,48.7,Caution,41.5,36.8,78.6,50.1,38.3,50
2020-10-05,55,50,Caution,42.5,37.7,79.1,51.2,43,51.2
2020-10-06,53,48.7,Caution,40.7,36.1,80.4,52.1,36.1,50.6
2020-10-07,53.9,49.2,Caution,42.5,37.3,80,52.8,33.3,51.1
2020-10-08,57,51.3,Caution,44.2,38.9,80.7,54.4,42,51.6
2020-10-09,57.9,51.9,Caution,44.6,39.3,81.1,54.6,44.2,52.7
2020-10-10,58.2,52.1,Caution,45.9,40.9,81.8,54.5,36.7,52.7
2020-10-11,58.7,52.5,Caution,46.6,41.2,82.3,54.5,36.3,52.7
2020-10-12,59,52.7,Caution,47.2,41.6,81.9,54.9,36.3,52.8
2020-10-13,59.5,53,Caution,46.7,41.1,82.6,54.8,41,51.8
2020-10-14,60.4,53.6,Caution,47.5,41.5,82.2,54.4,44.8,52
2020-10-15,60.7,53.8,Caution,48.3,42,82.7,54.8,41.8,51.4
2020-10-16,59.5,53,Caution,47.3,41.4,82.2,54.5,39.4,51.8
2020-10-17,60.5,53.7,Caution,47.5,41.6,82.8,54.4,44,51.8
2020-10-18,62,54.7,Caution,49.6,42.4,82.8,54.4,46,51.8
2020-10-19,61.8,54.6,Caution,51.4,43.7,82.8,54.3,36.3,51.8
2020-10-20,64,55.6,Caution,52.8,45,83,55.7,37.5,52.2
2020-10-21,72.4,59,Distribution,55.3,49.6,83.5,60.2,46.3,52.6
2020-10-22,72.4,58.9,Distribution,55.5,49.8,84.4,60.9,42.3,52.5
2020-10-23,72.1,58.8,Distribution,54.7,49.5,84.5,61.2,44.1,52.8
2020-10-24,72.1,58.8,Distribution,55.2,50.2,84.4,61.2,41.1,52.8
2020-10-25,72,58.8,Distribution,52.5,49.8,84.7,61.2,48.9,52.8
2020-10-26,68.7,57.5,Caution,52.9,49.8,84.6,57.9,38.7,51.8
2020-10-27,71.4,58.6,Distribution,54.7,52,83.7,58.3,39.9,51.9
2020-10-28,68.3,57.3,Caution,53.3,50.5,84.5,53.9,39,50.3
2020-10-29,69.4,57.8,Caution,53.8,51.6,84.3,53.9,39.6,50.2
2020-10-30,68.8,57.5,Caution,53.8,52.2,84.6,55,34.3,50.2
2020-10-31,70.9,58.3,Distribution,55.7,52.8,84.7,55,35,50.2
2020-11-01,70.9,58.4,Distribution,54.7,52.6,91.2,45.6,34.5,50.5
2020-11-02,70.4,58.2,Distribution,54,52.2,91.2,45.4,36.3,50.4
2020-11-03,70.4,58.2,Distribution,55,53.2,91.2,47.1,28.2,51.8
2020-11-04,70.3,58.1,Distribution,54.2,52.8,91.4,47.5,30.2,52.5
2020-11-05,78.2,61.3,Distribution,58.4,56.8,91.3,50.9,34.9,53.9
2020-11-06,76.8,60.7,Distribution,57.4,56.2,92.1,52.2,30.8,54.8
2020-11-07,73.9,59.6,Distribution,55.4,53.9,92.1,52.2,31.1,54.8
2020-11-08,75.4,60.1,Distribution,56.4,55.7,92,52.2,29.4,54.8
2020-11-09,75.1,60,Distribution,56.5,55.1,92.1,52,29.2,55.2
2020-11-10,77.8,61.1,Distribution,56,55.1,92.1,52.3,41.3,55.3
2020-11-11,77.2,60.9,Distribution,57.4,56.2,92.1,54.3,29.9,55.6
2020-11-12,79.2,61.7,Distribution,59.2,57.9,92.2,52.5,30.5,54.8
2020-11-13,80.9,62.4,Distribution,59.4,58.2,92.2,54.3,33.5,55.3
2020-11-14,77.9,61.2,Distribution,57.9,57.5,92.2,54.3,27.9,55.3
2020-11-15,76.8,60.7,Distribution,57,57.1,92.2,54.3,27.3,55.3
2020-11-16,83.4,63.4,Distribution,59.9,58.8,92.2,56.4,38.3,55.8
2020-11-17,85.7,65,Cycle Top,61.9,61,92.2,56.6,43,55.7
2020-11-18,85.9,65.2,Cycle Top,62,61.5,92.3,56.7,43.5,55.8
2020-11-19,86.2,65.7,Cycle Top,62.3,61.5,92.3,56.8,47.4,55.7
2020-11-20,89.9,70.9,Cycle Top,80.6,63.8,92.2,56.9,38.9,55.6
2020-11-21,90.6,71.8,Cycle Top,80.7,63.9,92.3,56.9,47,55.6
2020-11-22,90.1,71.1,Cycle Top,79.1,63.2,92.4,56.9,46.2,55.6
2020-11-23,90.2,71.2,Cycle Top,79,62.8,92.3,56.9,49,55.8
2020-11-24,90.5,71.7,Cycle Top,81,64.9,92.3,56.9,41.8,56.5
2020-11-25,89.6,70.5,Cycle Top,79.1,63.2,92.4,56.9,39.1,56.9
2020-11-26,88.3,68.6,Cycle Top,75.3,59.1,92.4,56.9,42.6,56.8
2020-11-27,88.2,68.4,Cycle Top,75.4,59,92.2,56.9,40.7,57
2020-11-28,88.6,69.1,Cycle Top,76.1,60.6,92.3,56.9,41.1,57
2020-11-29,89.3,70,Cycle Top,77.5,61.7,92.3,56.9,43.5,57
2020-11-30,91,72.4,Cycle Top,81.1,65.5,92.3,57,47.3,57
2020-12-01,89.6,70.4,Cycle Top,79,63.2,93.1,51.4,42.5,57.6
2020-12-02,90.9,72.2,Cycle Top,80.8,64.1,93.1,51.4,53,57.7
2020-12-03,90.2,71.3,Cycle Top,80.5,64.4,93.1,51.4,43.8,58
2020-12-04,89.2,69.8,Cycle Top,78.1,62.3,93.1,38.6,54.4,58.7
2020-12-05,89.3,70.1,Cycle Top,79.5,63.5,93.1,38.6,49.4,58.7
2020-12-06,89.6,70.4,Cycle Top,80.2,64,93.1,38.6,49.2,58.7
2020-12-07,89.1,69.8,Cycle Top,79.6,63.4,93.1,38.6,46.6,58.3
2020-12-08,88.4,68.7,Cycle Top,76.7,61,93.2,38.5,50.7,58.4
2020-12-09,88.4,68.7,Cycle Top,77.2,61.6,92.9,38.5,48.9,57.8
2020-12-10,87.9,68,Cycle Top,76.2,60.6,93.1,38.5,46.6,57.7
2020-12-11,87.1,67,Cycle Top,74.8,59.4,93,38.5,43.7,57.4
2020-12-12,88.1,68.3,Cycle Top,76.9,61.4,93,38.5,45.9,57.4
2020-12-13,87.7,67.8,Cycle Top,78,62.4,93,38.5,34.7,57.4
2020-12-14,88.4,68.8,Cycle Top,78.2,62.5,93.2,38.5,43.6,57
2020-12-15,88.3,68.6,Cycle Top,78.8,63,93.1,38.5,38.3,58
2020-12-16,90,71,Cycle Top,82.5,67.8,93.1,38.6,39.3,58.1
2020-12-17,90.9,72.3,Cycle Top,83.1,70.8,93.1,38.5,42.4,58.7
2020-12-18,90.8,72.1,Cycle Top,83,71.1,93.2,38.6,39.6,58.6
2020-12-19,91.6,73.3,Cycle Top,83.4,72.3,93.1,38.6,47.6,58.6
2020-12-20,91.2,72.7,Cycle Top,82.7,71.7,93.1,38.5,46.1,58.6
2020-12-21,90.6,71.8,Cycle Top,81,70.5,93.1,38.6,45.6,57.5
2020-12-22,91.1,72.6,Cycle Top,83.7,72.5,92.9,38.6,40.3,57.2
2020-12-23,90.7,72,Cycle Top,81.6,71.6,93.1,38.6,42.3,57.9
2020-12-24,91.3,72.9,Cycle Top,82.3,72.4,92.8,38.6,47.4,58.1
2020-12-25,91.2,72.7,Cycle Top,83.6,73.7,93.2,38.6,37.8,58.1
2020-12-26,91.9,73.7,Cycle Top,84,75.6,93.1,38.6,42.2,58.1
2020-12-27,91.7,73.3,Cycle Top,83.4,75.5,93,38.6,40.7,58.1
2020-12-28,92.4,74.4,Cycle Top,84.1,76.7,93.1,38.7,45.8,58.1
2020-12-29,92.9,75.1,Cycle Top,84.3,77.2,93,38.7,50.9,58.4
2020-12-30,92.9,75.1,Cycle Top,84.5,78.3,93,38.7,47.9,58.3
2020-12-31,93.3,75.6,Cycle Top,83.9,78.2,93.3,38.7,54.8,58.2
2021-01-01,95.2,78.2,Cycle Top,84.6,78.6,96.4,55.4,54.2,58.3
2021-01-02,95.3,78.3,Cycle Top,84.7,80.5,96.4,55.4,49.9,58.3
2021-01-03,95.6,78.6,Cycle Top,84.8,81.3,96.4,55.4,50.9,58.3
2021-01-04,95.3,78.3,Cycle Top,83.1,80.6,96.4,55.4,55,57.5
2021-01-05,96.6,79.6,Cycle Top,84.8,82.2,96.3,55.4,58.8,58.1
2021-01-06,96.7,79.7,Cycle Top,84.9,83.8,96.5,55.4,55.1,59
2021-01-07,97.6,80.6,Cycle Top,85,85.4,96.2,55.4,59.9,59.6
2021-01-08,97.5,80.5,Cycle Top,85,86.1,96.3,55.4,56.8,60.6
2021-01-09,97.5,80.5,Cycle Top,84.3,85.8,96.3,55.3,59.6,60.6
2021-01-10,96.6,79.6,Cycle Top,82.5,84.8,96.4,55.3,57.8,60.6
2021-01-11,96.6,79.6,Cycle Top,80.7,83.3,96.1,55.3,68.6,59.6
2021-01-12,96,79,Cycle Top,79.6,82.5,95.9,55.3,67.6,60
2021-01-13,96.8,79.8,Cycle Top,81.8,84.3,95.6,55.3,65.4,60.1
2021-01-14,97.7,80.7,Cycle Top,83,85.4,95.8,55.3,67.2,60.1
2021-01-15,96.4,79.4,Cycle Top,80.8,83.9,96,55.3,64.9,59.6
2021-01-16,96.3,79.3,Cycle Top,80.2,83.4,95.9,55.3,67.3,59.6
2021-01-17,95.6,78.6,Cycle Top,79.9,83.2,95.6,55.2,62.2,59.6
2021-01-18,95.7,78.7,Cycle Top,81,84,95.6,55.2,57.5,59.6
2021-01-19,95.8,78.8,Cycle Top,80,83.4,95.7,55.2,62.8,59.7
2021-01-20,95.6,78.6,Cycle Top,79.1,83.1,95.5,55.2,64.3,60.2
2021-01-21,93.7,76.2,Cycle Top,74.9,79.9,95.3,55.1,61.7,60.7
2021-01-22,93.4,75.7,Cycle Top,76.6,81.3,91.2,55.2,56.4,60.1
2021-01-23,93.4,75.8,Cycle Top,75.6,80.7,95.2,55.2,53.8,60.1
2021-01-24,93.6,76,Cycle Top,75.9,80.8,95,55.1,55.1,60.1
2021-01-25,93.3,75.7,Cycle Top,75.6,80.9,95.2,55.1,52.4,59
2021-01-26,93.5,75.9,Cycle Top,76.2,81.1,95.1,55.1,52.6,59.4
2021-01-27,93,75.3,Cycle Top,73.4,79.5,95.5,55.1,58.7,57.1
2021-01-28,93.6,76.1,Cycle Top,77.1,82,93.7,55.2,52.9,57.8
2021-01-29,94.4,77.2,Cycle Top,77.8,82.3,95.5,55.2,57,58
2021-01-30,94.5,77.3,Cycle Top,77.9,82.4,95.5,55.1,58.1,58
2021-01-31,93.5,75.9,Cycle Top,76.3,81.6,95.6,55.1,51.2,58
2021-02-01,94.6,77.4,Cycle Top,76.7,82,95.9,63,55.2,57.6
2021-02-02,94.9,77.9,Cycle Top,79.3,83.3,95.8,63,48.9,59
2021-02-03,96.8,79.8,Cycle Top,81.5,84.7,95.9,63,57,59.8
2021-02-04,96.5,79.5,Cycle Top,80.4,84.1,96.1,63,58.6,59.9
2021-02-05,97.6,80.6,Cycle Top,82.1,85,96.1,62.9,61.7,61
2021-02-06,98.2,81.2,Cycle Top,83,85.6,96.2,62.9,62.9,60.9
2021-02-07,97.6,80.6,Cycle Top,82.5,85.2,96.3,62.9,59.7,60.9
2021-02-08,99.7,82.7,Cycle Top,85.6,89.1,96.2,62.9,61.5,60.9
2021-02-09,99.9,82.9,Cycle Top,85,89,96.8,62.9,64.3,61
2021-02-10,98.3,81.3,Cycle Top,83.6,88.1,96.6,62.8,55.7,60.8
2021-02-11,99.5,82.5,Cycle Top,85.5,89.4,96.7,62.8,58.5,61.4
2021-02-12,98.5,81.5,Cycle Top,84.7,89,96.6,62.8,51.5,62.1
2021-02-13,98.8,81.8,Cycle Top,84.2,88.9,96.6,62.8,55.9,62.1
2021-02-14,99.9,82.9,Cycle Top,85.6,89.4,96.8,62.8,61.2,62.1
2021-02-15,99.2,82.2,Cycle Top,84.2,89,96.7,62.7,60.2,62.1
2021-02-16,99.5,82.5,Cycle Top,85.6,89.4,96.8,62.7,57.3,61.4
2021-02-17,99.1,82.1,Cycle Top,85.7,90.7,96.8,62.7,50.5,61.3
2021-02-18,99.2,82.2,Cycle Top,84.8,90.4,96.5,62.6,55.3,60.7
2021-02-19,99.7,82.7,Cycle Top,85.8,91.7,96.6,62.6,53.3,61.8
2021-02-20,100,83,Cycle Top,85.3,91.6,96.4,62.6,59.2,61.8
2021-02-21,100,83.1,Cycle Top,85.9,92,96.4,62.6,56.8,61.8
2021-02-22,98.9,81.9,Cycle Top,83,90.8,96.7,62.5,56.3,61.1
2021-02-23,96.8,79.8,Cycle Top,79.6,88.4,96.7,62.5,52.1,61.2
2021-02-24,96.8,79.8,Cycle Top,80.6,88.8,95.6,62.5,49.7,62.1
2021-02-25,96.7,79.7,Cycle Top,77.8,87,95.8,62.4,61.2,60.6
2021-02-26,96,79,Cycle Top,77.5,86.9,93.9,62.4,60.5,59.6
2021-02-27,95.1,78.1,Cycle Top,77,86.7,94,62.4,52.6,59.6
2021-02-28,95.1,78.1,Cycle Top,75.8,86.1,93.8,62.4,58.9,59.6
2021-03-01,96.8,79.8,Cycle Top,80.8,88.9,89.6,73.3,50.5,60.7
2021-03-02,97.2,80.2,Cycle Top,79.4,88.3,94.7,73.2,50.4,60.2
2021-03-03,98.2,81.2,Cycle Top,80.8,88.9,94.7,73,55.1,59.6
2021-03-04,97.9,80.9,Cycle Top,79.2,88.1,95,72.9,58.4,59.6
2021-03-05,96.5,79.5,Cycle Top,80.1,88.4,94.6,65.5,49.5,59.8
2021-03-06,96.9,79.9,Cycle Top,80.1,88.4,94.6,65.4,53.5,59.8
2021-03-07,97.6,80.6,Cycle Top,81.4,89.3,94.5,65.4,54.4,59.8
2021-03-08,97.9,80.9,Cycle Top,82.5,90,94.9,65.4,52,59.1
2021-03-09,99.1,82.1,Cycle Top,83.9,91.2,94.9,65.4,56.7,59.6
2021-03-10,98.7,81.7,Cycle Top,84.9,91.3,94,65.5,51.2,60.1
2021-03-11,99.8,82.8,Cycle Top,86.5,91.7,94.2,65.5,54.7,61.3
2021-03-12,98.9,81.9,Cycle Top,85.1,91.4,94,67.2,49.2,62.5
2021-03-13,100,83.3,Cycle Top,86.5,92.5,94.2,67.2,55.2,62.5
2021-03-14,99.3,82.3,Cycle Top,85.2,91.8,94.6,67.1,50.4,62.4
2021-03-15,98.7,81.7,Cycle Top,82,90.6,94.5,67.1,57.5,62.3
2021-03-16,98.6,81.6,Cycle Top,83,91,93.7,67,53.6,62.5
2021-03-17,99.4,82.4,Cycle Top,84.8,91.6,93.3,67,55.2,62.9
2021-03-18,97.9,80.9,Cycle Top,82.7,90.9,93,66.9,49.5,62.1
2021-03-19,99.1,82.1,Cycle Top,83.4,91.2,92.6,67,59.7,62.4
2021-03-20,98.7,81.7,Cycle Top,83.5,91.1,92.5,66.9,55.6,62.4
2021-03-21,98.5,81.5,Cycle Top,82.5,90.7,92,66.9,58.7,62.4
2021-03-22,97.2,80.2,Cycle Top,79.2,89.1,91.5,66.7,60.5,63.1
2021-03-23,96.9,79.9,Cycle Top,79.5,89.1,91,66.6,57.9,62
2021-03-24,96.5,79.5,Cycle Top,78.5,88.3,90.5,66.6,60.8,61.1
2021-03-25,95.6,78.6,Cycle Top,77.3,87.8,89.8,66.5,58.1,61.5
2021-03-26,97,80,Cycle Top,80.2,89.8,88.7,66.5,59.7,62.5
2021-03-27,96.6,79.6,Cycle Top,80.8,90,89.6,66.5,51.3,62.5
2021-03-28,97.3,80.3,Cycle Top,80.4,89.9,89.8,66.4,59.7,62.5
2021-03-29,98.1,81.1,Cycle Top,82.6,90.4,89.4,66.4,61,62
2021-03-30,98.2,81.2,Cycle Top,83.5,90.8,89.1,66.4,59.4,62.1
2021-03-31,98.1,81.1,Cycle Top,83.6,90.8,89.3,66.4,56.8,62.6
2021-04-01,99,82,Cycle Top,83.5,90.7,89.5,71.6,61,62.4
2021-04-02,98.7,81.7,Cycle Top,82.8,90.6,89.2,71.6,60.3,62.4
2021-04-03,97.5,80.5,Cycle Top,79.7,89.6,89,71.6,61.2,62.4
2021-04-04,97.6,80.6,Cycle Top,81.2,90.1,88.8,71.5,56.8,62.4
2021-04-05,98.6,81.6,Cycle Top,82.4,90.3,88.4,71.5,63.9,62.6
2021-04-06,97.7,80.7,Cycle Top,79.2,89.6,88.5,71.5,66.2,62.4
2021-04-07,95.8,78.8,Cycle Top,75.1,88.4,88.1,71.4,62.5,62.8
2021-04-08,97.4,80.4,Cycle Top,78.7,89.6,87.9,71.4,65.7,62.9
2021-04-09,96.6,79.6,Cycle Top,78.2,89.3,87.5,71.4,59.9,63.2
2021-04-10,98.1,81.1,Cycle Top,81.7,90,87.3,71.3,63.4,63.2
2021-04-11,98.5,81.5,Cycle Top,82.3,90,87.7,71.3,64.8,63.2
2021-04-12,98.2,81.2,Cycle Top,82.7,89.9,87.2,71.3,61.7,63.1
2021-04-13,99.1,82.1,Cycle Top,84.1,91.5,87,71.5,62.8,63.1
2021-04-14,97.1,80.1,Cycle Top,82.8,91.1,86.9,57,62.4,63.1
2021-04-15,96.1,79.1,Cycle Top,82.7,90.8,86,57,55.5,62.9
2021-04-16,97.3,80.3,Cycle Top,81.6,89.7,84.3,70.2,63.2,63.4
2021-04-17,94.5,77.3,Cycle Top,79.5,88.9,82.6,66.8,48.3,63.4
2021-04-18,92.7,74.8,Cycle Top,74.4,87.1,81.5,64.8,47.9,63.4
2021-04-19,92.3,74.3,Cycle Top,74.3,86.7,79.4,63.4,49.5,63.1
2021-04-20,91.7,73.4,Cycle Top,74.8,86.9,77.9,56.7,48.2,62.1
2021-04-21,91.2,72.7,Cycle Top,74.3,85.3,76.4,56.7,49.5,62.6
2021-04-22,90.1,71.2,Cycle Top,72.2,83.9,75.2,56.5,47.6,61.9
2021-04-23,90.4,71.6,Cycle Top,72.3,83.7,73.7,56.5,54.2,62.9
2021-04-24,89.3,70,Cycle Top,71.5,83,69.9,56.5,49.9,62.9
2021-04-25,88.6,69,Cycle Top,70.7,82.3,68.7,56.4,46.9,62.9
2021-04-26,90.3,71.4,Cycle Top,73.8,84.9,67.8,62.7,50.5,62.9
2021-04-27,90.4,71.6,Cycle Top,74.8,85.2,71.3,62.3,41.8,63.3
2021-04-28,90.7,71.9,Cycle Top,73.9,85,72,61.9,47.3,63.6
2021-04-29,89.9,70.9,Cycle Top,72.5,84.1,70.7,61.5,46.7,63.8
2021-04-30,90.9,72.2,Cycle Top,76.3,86.6,70.4,62.4,42.5,62.9
2021-05-01,91.4,72.9,Cycle Top,76.6,86.5,72.9,62.9,43.3,62.7
2021-05-02,90.4,71.6,Cycle Top,75,85.6,72.3,62.6,38.2,62.7
2021-05-03,91.2,72.7,Cycle Top,75.7,86.1,71.3,61.3,49.2,62.5
2021-05-04,89.1,69.7,Cycle Top,70.6,83.4,71.5,57.1,45.9,61.4
2021-05-05,90.4,71.5,Cycle Top,75.5,86.1,69,57.2,47.5,61.5
2021-05-06,89.4,70.2,Cycle Top,73.4,85.1,70.4,57.1,39.9,62.1
2021-05-07,89.8,70.7,Cycle Top,73.7,85.4,69.5,57.9,43.8,64.3
2021-05-08,90.4,71.5,Cycle Top,76.1,86.3,68.3,57.9,44.6,64.3
2021-05-09,89.2,69.9,Cycle Top,72.4,85.7,67.4,57.8,43.1,64.3
2021-05-10,88.6,69.1,Cycle Top,68.7,83.7,65.9,63.5,48.5,62.8
2021-05-11,89,69.7,Cycle Top,70.5,84.2,63.8,69.7,46.4,61.9
2021-05-12,85.4,64.6,Cycle Top,62.3,79.6,63.6,60.9,42.2,60.2
2021-05-13,86.5,66.1,Cycle Top,63.7,80.1,57.7,67.1,56.9,60.9
2021-05-14,86.6,66.3,Cycle Top,64,80.3,56.6,65,60.7,62.8
2021-05-15,84.4,63.8,Distribution,60,77.9,56.1,64.9,54.3,62.8
2021-05-16,81.9,62.8,Distribution,60,77.6,54.5,64.8,48.6,62.8
2021-05-17,78.8,61.5,Distribution,57,74.9,54.9,64.1,52,62.4
2021-05-18,73.3,59.3,Distribution,55.5,74,53.4,56.6,47.3,61.8
2021-05-19,66.8,56.7,Caution,51.6,67.8,53.1,56.5,49.5,61.7
2021-05-20,71.7,58.7,Distribution,53.6,72.2,51.6,57.1,54,62.2
2021-05-21,67,56.8,Caution,51.5,68.2,52.5,56.5,50.5,61.9
2021-05-22,66.5,56.6,Caution,51.4,68.3,51.8,56.5,49.7,61.9
2021-05-23,62.3,54.9,Caution,49.9,64,52.1,56.4,47.5,61.9
2021-05-24,70.4,58.1,Distribution,54,70,51.7,58.4,51.1,62.9
2021-05-25,70.5,58.2,Distribution,53.3,69.3,53.2,59.7,51.7,62.2
2021-05-26,72.2,58.9,Distribution,54.9,70.2,53.2,59.7,50.9,63.2
2021-05-27,71.7,58.7,Distribution,54.3,69.2,54,60.5,50.4,64
2021-05-28,65.6,56.2,Caution,51.7,64.9,53.1,59,47.8,63.8
2021-05-29,63.2,55.3,Caution,51,63.1,52.7,58.9,46,63.8
2021-05-30,60.8,53.9,Caution,50.8,64.5,51.9,58.8,30.3,63.8
2021-05-31,63.7,55.5,Caution,52.5,67.2,52.7,58.8,33.3,63.8
2021-06-01,61.4,54.3,Caution,51.6,65.8,50.7,58.4,32.2,63.2
2021-06-02,62.6,55,Caution,52.6,66.9,51.2,59.2,32.4,63.3
2021-06-03,66.6,56.6,Caution,53.9,69,51.4,56.7,41.1,62.9
2021-06-04,61.5,54.4,Caution,52,66.1,51.9,56.2,30.3,64
2021-06-05,59.2,52.8,Caution,50.4,63.7,51.4,56.2,26.4,64
2021-06-06,58.9,52.6,Caution,50.4,63.9,50.3,56.1,26.1,63.9
2021-06-07,56.8,51.2,Caution,48.1,59.9,50.1,57.1,28.8,63.9
2021-06-08,55.6,50.4,Caution,47.8,59.3,50,54.1,26.3,63.2
2021-06-09,59.9,53.3,Caution,50.9,65.5,50.1,54.6,30.1,62.5
2021-06-10,59.3,52.9,Caution,50.5,64.2,51.1,54.6,27.8,63.8
2021-06-11,59.6,53.1,Caution,50.6,65,51.1,54.9,27.6,64
2021-06-12,57.8,51.9,Caution,48.9,61.9,52.3,54.9,26,64
2021-06-13,61.5,54.4,Caution,52.3,67.2,51.6,54.9,28.6,64
2021-06-14,65.4,56.2,Caution,53.3,69.2,52.4,61.8,30.4,63.7
2021-06-15,64.6,55.8,Caution,52.7,68.7,53.6,59.3,30.3,62.8
2021-06-16,61.7,54.5,Caution,51.7,66.2,53,57.9,29.1,62.3
2021-06-17,61.4,54.2,Caution,51.7,66.2,52.1,59.1,28.2,61
2021-06-18,58.9,52.6,Caution,49.8,62.8,52.1,59.1,27.1,58.6
2021-06-19,58.2,52.1,Caution,49.5,62.1,51.5,59,26.4,58.6
2021-06-20,58.1,52.1,Caution,49.8,62.1,51,58.9,25.8,58.6
2021-06-21,54.2,49.4,Caution,47.1,56,51.1,54.8,26,60.2
2021-06-22,54.4,49.6,Caution,47.7,57.2,49.2,54.7,26.8,61.2
2021-06-23,56.2,50.8,Caution,48.5,59.1,49.4,57.8,27.4,61.9
2021-06-24,57.4,51.6,Caution,48.6,60.2,50.4,60,27.3,62.3
2021-06-25,54,49.3,Caution,46.3,54.9,51.1,57.1,26,63.4
2021-06-26,54,49.4,Caution,46.8,55.9,49.8,57,25.1,63.4
2021-06-27,56.4,50.9,Caution,48.4,60,50,56.9,25.7,63.4
2021-06-28,57.6,51.7,Caution,48.1,59.5,50.4,64.8,27.4,63
2021-06-29,59.2,52.8,Caution,49.7,61.4,50.3,65.6,27.9,62.4
2021-06-30,58.5,52.3,Caution,48.9,60.4,50.5,65.4,28.1,62.1
2021-07-01,54.7,49.8,Caution,47.6,58.1,49.6,51.4,28,62.5
2021-07-02,54.8,49.9,Caution,48.1,58.7,48.7,51.2,27.8,62.8
2021-07-03,55.6,50.4,Caution,48.8,59.8,49.5,51.1,26.9,62.8
2021-07-04,56.3,50.9,Caution,49.4,60.6,50.3,51,26.3,62.8
2021-07-05,54.5,49.6,Caution,47.7,57.5,50.9,50.8,25.8,62.8
2021-07-06,54.2,49.4,Caution,48.2,58.2,49.6,48.8,25.9,60.6
2021-07-07,54.9,49.9,Caution,47.7,57.8,51.3,53.2,25.3,60.5
2021-07-08,52.9,48.6,Caution,46.9,55.8,50.3,52.2,24,58.7
2021-07-09,54.7,49.8,Caution,47.8,57.9,50.6,53.6,24.4,60.8
2021-07-10,54.1,49.4,Caution,47.4,57.1,50.9,53.4,23.6,60.8
2021-07-11,55.1,50.1,Caution,48.2,58.5,51.1,53.3,23.9,60.8
2021-07-12,53.4,48.9,Caution,46.3,55.6,52.3,52.3,23.9,60.9
2021-07-13,52.5,48.4,Caution,46,54.8,51.6,51.5,24,59.8
2021-07-14,52.2,48.1,Caution,46.3,55.1,52,46.7,23.6,60.5
2021-07-15,50.6,47.1,Caution,45.6,53.1,52.1,44.2,23.3,59.6
2021-07-16,50.5,47,Caution,45.5,52.7,52.8,44.5,22.2,58.6
2021-07-17,50.4,46.9,Caution,46,52.8,51.9,44.5,21.9,58.6
2021-07-18,50.8,47.2,Caution,46.3,53,52.7,44.4,21.7,58.6
2021-07-19,49.8,46.6,Neutral,45.4,51.7,53.9,41,23.6,55.8
2021-07-20,49.6,46.4,Neutral,45.1,50.4,53.1,44.5,23.4,57.1
2021-07-21,52.2,48.2,Caution,47.4,53.8,52.4,47.9,23,58.7
2021-07-22,52.4,48.3,Caution,47.4,53.6,54,45.8,23,58.8
2021-07-23,54.2,49.5,Caution,49,55.7,54.7,44.5,24.9,59.2
2021-07-24,54.8,49.9,Caution,50,56.9,54.7,44.4,23.1,59.2
2021-07-25,55.8,50.6,Caution,50.7,58.5,55.9,44.4,21.5,59.2
2021-07-26,59.8,53.2,Caution,52.6,61.2,56,53.3,26,59.2
2021-07-27,61.2,54.2,Caution,54,64.1,57,49.5,26.5,58.2
2021-07-28,64.1,55.6,Caution,54.9,64.9,60.2,52.6,26.9,58.8
2021-07-29,62.6,55,Caution,53.9,64.7,60.5,49.7,26.5,59.6
2021-07-30,65.6,56.3,Caution,55.1,67.1,61,50.5,27.4,59.1
2021-07-31,66.8,56.7,Caution,54.9,66,62.1,50.4,33.3,59.1
2021-08-01,64.5,55.8,Caution,53.6,63.4,62.3,52.8,31.2,59.3
2021-08-02,63.9,55.6,Caution,54,62.6,61.2,51.8,33.4,58.5
2021-08-03,61.7,54.5,Caution,52.5,60.8,61.5,50.3,32.4,59.1
2021-08-04,64.9,56,Caution,53.7,62.6,60.9,56.2,34.4,59
2021-08-05,67.7,57.1,Caution,54.4,64.4,62.1,58.3,34.6,59.7
2021-08-06,70.4,58.2,Distribution,55.3,66.4,62.4,58.6,35.6,60.9
2021-08-07,72.8,59.1,Distribution,56.8,67.9,64.2,58.5,33.6,60.9
2021-08-08,72.5,59,Distribution,56.9,67.1,64.7,58.4,33.1,60.9
2021-08-09,75.9,60.4,Distribution,59.2,69.2,64.1,60.2,34.4,60.6
2021-08-10,78.1,61.2,Distribution,61.1,68.5,64.7,59.8,38.6,60.5
2021-08-11,77.6,61,Distribution,60.5,68.2,64.8,60,38.3,61.2
2021-08-12,75.1,60,Distribution,59,67,64.9,57.6,37.5,61.8
2021-08-13,82.4,62.9,Distribution,64.4,70,65,58.8,41.7,61.7
2021-08-14,80.8,62.3,Distribution,63.7,69.2,65.8,58.7,37.8,61.7
2021-08-15,80.9,62.4,Distribution,64.6,68.9,65.4,58.6,37.4,61.7
2021-08-16,80.1,62,Distribution,63.5,67.7,65.6,57.4,41.3,60.6
2021-08-17,79.6,61.8,Distribution,65.1,66.6,65.7,55.7,40.1,58.4
2021-08-18,78.4,61.4,Distribution,63.6,67,66,54.8,40.5,56.7
2021-08-19,82.4,62.9,Distribution,67.8,68.7,65.8,55.6,39,56
2021-08-20,85.6,64.8,Cycle Top,70.4,71,65.9,57.6,41.3,57.3
2021-08-21,85.6,64.8,Cycle Top,70.8,70.6,67,57.5,39,57.3
2021-08-22,85.4,64.6,Cycle Top,69.9,70.7,66.9,57.4,39.6,57.2
2021-08-23,86.7,66.4,Cycle Top,70.2,70.8,67.3,71.4,40.9,58.4
2021-08-24,86.1,65.6,Cycle Top,67.6,69,67.4,73.1,43.2,59
2021-08-25,86.3,65.8,Cycle Top,68.8,69.8,66.8,71.6,42.4,59.9
2021-08-26,85.4,64.6,Cycle Top,67.7,67.4,67.2,69.6,41.4,58.3
2021-08-27,86.7,66.4,Cycle Top,70.2,69.6,66.9,72.9,42.2,60.1
2021-08-28,86.5,66.1,Cycle Top,69.6,69.2,67.9,72.7,41.1,60.1
2021-08-29,86.1,65.5,Cycle Top,68.8,69,67.3,72.6,39.6,60.1
2021-08-30,85.6,64.9,Cycle Top,67.1,66.7,67.5,73.4,42.2,60.5
2021-08-31,85.6,64.8,Cycle Top,67.1,66.8,67.6,72.2,42.2,60.4
2021-09-01,86.7,66.4,Cycle Top,67.7,68.1,67.7,80,44.1,61.1
2021-09-02,86.9,66.6,Cycle Top,68.4,68,68.2,80,44.2,60.8
2021-09-03,87.2,67.1,Cycle Top,69.5,68.4,68.3,80.4,44.4,61
2021-09-04,86.9,66.7,Cycle Top,69.2,68.1,68.2,80.3,42,61
2021-09-05,87.9,68,Cycle Top,72.3,69.6,68.4,80.1,41.7,61
2021-09-06,88.4,68.7,Cycle Top,72.7,69.9,69.4,79.9,45.5,61
2021-09-07,85.9,65.3,Cycle Top,65.2,64.5,69.5,78.9,48.1,59.8
2021-09-08,83.3,63.3,Distribution,65,63.9,66.3,76,40.2,59.4
2021-09-09,83.2,63.3,Distribution,65.2,64.3,66.3,74.9,39.8,58.9
2021-09-10,80.6,62.2,Distribution,64.2,62.3,66.5,73.1,38.6,58.4
2021-09-11,78,61.2,Distribution,62.9,62.6,63.9,73,36.9,58.4
2021-09-12,78.5,61.4,Distribution,63.2,63.4,64.1,72.8,35.8,58.4
2021-09-13,78.6,61.4,Distribution,62,62,66.5,71.7,39.5,58.9
2021-09-14,81.8,62.7,Distribution,65.4,64.4,64.1,71.5,41.2,58.4
2021-09-15,85.4,64.6,Cycle Top,66.9,65.7,67.3,72.5,43.8,59.5
2021-09-16,85.2,64.2,Cycle Top,67.2,65.1,67.8,71.6,41.1,59.2
2021-09-17,84.7,63.9,Distribution,67.1,64.8,67.4,71.8,40.2,58
2021-09-18,85.3,64.4,Cycle Top,68,65.8,67.7,71.7,39.2,58
2021-09-19,84.9,63.9,Distribution,68.4,64.3,68.1,71.6,36.9,58
2021-09-20,77.2,60.9,Distribution,63.4,59.2,67.9,68.2,38.8,55.6
2021-09-21,71.2,58.5,Distribution,60.6,55.7,64.4,69,38.1,56
2021-09-22,75.3,60.1,Distribution,63.2,59.7,63.5,70.5,36.4,57.2
2021-09-23,78.8,61.5,Distribution,66,60.9,64.6,69,37.1,59
2021-09-24,75.6,60.3,Distribution,62.9,57.9,65.5,67,41.1,59.4
2021-09-25,72.1,58.8,Distribution,61.6,57.6,65,66.9,33.1,59.4
2021-09-26,72.9,59.2,Distribution,62.2,58.2,64.9,66.8,33.3,59.4
2021-09-27,71.4,58.6,Distribution,60.5,56.9,64.9,67.2,35.6,58.8
2021-09-28,69.4,57.7,Caution,59.6,55.1,64.9,65.8,37,56.7
2021-09-29,70,58,Distribution,61,55.8,64.8,64.5,35.3,56.7
2021-09-30,74.4,59.8,Distribution,63.9,59.2,64,65,37,56.1
2021-10-01,83.4,63.4,Distribution,68.2,63.9,65.7,65.8,43.8,57.1
2021-10-02,82.5,63,Distribution,67.3,63.1,69.6,65.7,36.7,57.1
2021-10-03,85.3,64.4,Cycle Top,68.7,63.7,69,65.6,46.5,57.1
2021-10-04,85.2,64.2,Cycle Top,69.5,64.4,69.5,64.8,41,56.5
2021-10-05,86.5,66.1,Cycle Top,71.7,66.2,70,69.3,43,57.3
2021-10-06,88.9,69.4,Cycle Top,77.1,69.2,70.6,72.9,47.7,56.9
2021-10-07,88,68.1,Cycle Top,74.2,68.1,71.3,73.1,43.8,58.2
2021-10-08,87.8,67.9,Cycle Top,74.1,67.9,71,72.2,43.9,58.5
2021-10-09,88,68.2,Cycle Top,75.5,68.5,70.7,72.1,41.8,58.5
2021-10-10,87.9,68.1,Cycle Top,75.1,68.3,70.4,71.9,42.5,58.5
2021-10-11,89.8,70.8,Cycle Top,80.3,70.2,70.3,74.3,47.6,57.8
2021-10-12,88.7,69.1,Cycle Top,77.1,68.9,71.1,72.7,44.4,57.2
2021-10-13,89,69.6,Cycle Top,79.4,69.8,70,71.4,43.5,57.5
2021-10-14,89.6,70.5,Cycle Top,78.8,69.4,69.9,76.3,48.9,59
2021-10-15,90.8,72.1,Cycle Top,82.9,71.8,69.9,78.5,44.9,60.3
2021-10-16,90.5,71.8,Cycle Top,81.7,71.3,70.7,78.3,44.3,60.3
2021-10-17,90.5,71.8,Cycle Top,82.4,71.7,70.8,78.2,41.3,60.3
2021-10-18,92.3,74.3,Cycle Top,90,71.8,70.5,78.8,43.1,60.3
2021-10-19,92.4,74.4,Cycle Top,89.7,72.9,70.1,79.9,41.6,62.1
2021-10-20,92.8,75,Cycle Top,89.8,73.5,70.7,80.1,43.7,62.3
2021-10-21,91.4,73,Cycle Top,85.7,71.4,70.7,79.3,42.4,62.7
2021-10-22,90.8,72.1,Cycle Top,84.3,70.9,69.7,79.2,41.3,61.5
2021-10-23,90.8,72.1,Cycle Top,84.7,71.2,69.2,79,40.6,61.5
2021-10-24,90.1,71.2,Cycle Top,83.4,71,68.9,78.9,36.8,61.5
2021-10-25,91.2,72.7,Cycle Top,85.8,72.1,68.6,80,41.5,61.6
2021-10-26,90.6,71.9,Cycle Top,81.8,70.3,68.9,79.7,50.1,60.8
2021-10-27,88.9,69.4,Cycle Top,79.4,68.9,68.2,79.1,38.5,59.1
2021-10-28,89.6,70.4,Cycle Top,81.1,70.3,67.4,79.3,41.3,59.9
2021-10-29,90.2,71.3,Cycle Top,83.1,71.3,67.4,79.2,41.9,59.7
2021-10-30,90.3,71.4,Cycle Top,82.9,71,67.5,79.1,44.1,59.7
2021-10-31,90,71,Cycle Top,82,70.6,67.5,78.9,44.4,59.7
2021-11-01,90.3,71.4,Cycle Top,81.8,70.2,68.9,79,46.7,59
2021-11-02,91.4,73,Cycle Top,85.1,71.8,68.5,79.2,49.3,59.5
2021-11-03,91.9,73.6,Cycle Top,85.2,71.9,68.8,79.5,53.5,61
2021-11-04,90.8,72.2,Cycle Top,81.5,70.8,68.1,79.5,54.6,60.1
2021-11-05,90.2,71.3,Cycle Top,81.2,70.8,67.8,78.9,48.4,58.6
2021-11-06,90.5,71.6,Cycle Top,82.2,71.1,67.4,78.8,49.2,58.6
2021-11-07,90.9,72.2,Cycle Top,83.6,72.2,67.4,78.6,48.1,58.6
2021-11-08,92.3,74.3,Cycle Top,87,74.4,67.5,79.3,52.2,58.1
2021-11-09,91.9,73.7,Cycle Top,86.1,73.9,68,79.3,49.3,57.6
2021-11-10,91.4,73,Cycle Top,84.8,73.1,67,78,52.3,56.5
2021-11-11,91.2,72.7,Cycle Top,84.1,73.2,67.2,78.3,50.3,57
2021-11-12,91.2,72.6,Cycle Top,83.4,73,66.4,78.8,53,57.7
2021-11-13,90.7,72,Cycle Top,84,73.1,65.9,78.6,46.2,57.7
2021-11-14,91,72.3,Cycle Top,85.2,73.7,66,78.5,44.2,57.7
2021-11-15,90.6,71.8,Cycle Top,83,72.4,65.5,78.8,49.9,57.7
2021-11-16,88.8,69.4,Cycle Top,78.1,69.8,65.1,78.1,48.3,57.2
2021-11-17,88.7,69.1,Cycle Top,78.1,70.2,63.1,78.6,48.8,56.4
2021-11-18,86.7,66.4,Cycle Top,73.3,67.5,63.1,76.4,45.2,56.1
2021-11-19,86.7,66.4,Cycle Top,74.4,68.5,59.9,76.7,45.1,55.2
2021-11-20,87.3,67.3,Cycle Top,76,69.8,61.5,76.5,43.3,55.2
2021-11-21,86.9,66.6,Cycle Top,74.4,68.8,62,76.4,42.8,55.2
2021-11-22,86,65.4,Cycle Top,73.3,66.9,61.8,74.9,40.8,54.4
2021-11-23,86.3,65.8,Cycle Top,74.3,68,58.9,75,44.6,54.9
2021-11-24,86.3,65.8,Cycle Top,74.8,67.7,60.3,74.7,41.9,54.3
2021-11-25,87.1,67,Cycle Top,75.8,69.4,58.2,74.6,50.5,54.3
2021-11-26,83.2,63.3,Distribution,70,64.8,60.5,73.9,40.5,50.6
2021-11-27,81.6,62.6,Distribution,71.3,65.5,56.1,73.8,37.2,50.6
2021-11-28,85.2,64.3,Cycle Top,75.3,67.8,56.9,73.7,34.6,50.6
2021-11-29,86.1,65.5,Cycle Top,75.7,68.5,57.5,79.2,36.2,52.2
2021-11-30,85.7,65,Cycle Top,74.1,67.4,58.4,79.1,37.7,51
2021-12-01,85.2,64.2,Cycle Top,74.4,67.8,54.5,76.7,38.4,50.5
2021-12-02,83.8,63.5,Distribution,73.5,67,54.1,75.9,37.6,50.5
2021-12-03,79.5,61.8,Distribution,70.1,64.6,53.8,74,40.2,49.2
2021-12-04,73.1,59.2,Distribution,64.1,60,52.8,73.9,45.8,49.2
2021-12-05,71,58.4,Distribution,64.1,60.2,51.3,73.8,40.2,49.2
2021-12-06,75.5,60.2,Distribution,67.8,61.9,51,73,43.8,50
2021-12-07,76.6,60.6,Distribution,67.8,61.6,52.3,75.3,43,51.6
2021-12-08,73.3,59.3,Distribution,66.9,60.8,52.6,71.2,37.1,53.6
2021-12-09,68.8,57.5,Caution,63.6,56.8,52.6,68.8,42.3,52
2021-12-10,66.5,56.6,Caution,63.2,56.4,51.7,66.2,39.1,53.7
2021-12-11,70.4,58.2,Distribution,65.6,58.9,50.2,66.1,43.9,53.7
2021-12-12,72.7,59.1,Distribution,66.8,59.7,51.8,66.1,44.6,53.7
2021-12-13,66.1,56.4,Caution,61.7,55.5,51.9,65.1,45.6,52.1
2021-12-14,68,57.2,Caution,63.5,57.4,50.4,66.1,45.1,51.1
2021-12-15,71.2,58.5,Distribution,64.6,58.2,51.5,67.4,48.9,52.4
2021-12-16,66.2,56.5,Caution,62.3,56.2,51.6,63.8,44.3,52.2
2021-12-17,61.6,54.4,Caution,59.9,54.3,50.2,62.9,39.4,51.1
2021-12-18,64,55.6,Caution,61.2,55.1,50.1,62.8,46.1,51.1
2021-12-19,62.8,55.1,Caution,62.7,54.7,50.7,62.8,36.9,51.1
2021-12-20,66.2,56.5,Caution,64.2,55.4,49.8,61.1,47.5,50.6
2021-12-21,69.3,57.7,Caution,65.6,57.7,49.7,64,46.9,51.4
2021-12-22,71,58.4,Distribution,64.3,56.9,52.6,65.5,51.8,52.9
2021-12-23,73.6,59.4,Distribution,67.5,58.9,50.2,69.2,48.1,53.6
2021-12-24,74.6,59.8,Distribution,67.3,58.6,51.1,69.2,51.5,53.6
2021-12-25,70,58,Distribution,66.5,58,50.2,69.1,39.2,53.6
2021-12-26,70.1,58,Distribution,67.4,58.3,49.4,69,37.9,53.6
2021-12-27,70.6,58.2,Distribution,67.8,58.1,49.8,69.9,37.2,53.7
2021-12-28,65.5,56.2,Caution,63.1,54.1,49.8,67.7,43.3,53.8
2021-12-29,60.8,53.8,Caution,60.8,52.5,47.2,65.7,37.2,54.8
2021-12-30,60.9,53.9,Caution,59.5,53.1,46.1,67,41.7,54.2
2021-12-31,58.8,52.5,Caution,58.4,51.8,46.8,65.5,34.2,54.1
2022-01-01,59.7,53.1,Caution,60.3,53.8,43,63.9,38.9,53.9
2022-01-02,60,53.3,Caution,59.4,53.1,44.2,63.9,43.2,53.9
2022-01-03,58,52,Caution,57.2,51.5,44.1,63.7,39.9,55.6
2022-01-04,56.1,50.7,Caution,55.8,51.1,43,63.4,35.1,55.2
2022-01-05,53.4,49,Caution,53.5,47.8,43.1,58.6,38,53.3
2022-01-06,52.9,48.6,Caution,53.4,47.4,41.7,58.6,38.5,53.4
2022-01-07,51.4,47.6,Caution,52.1,46,41.9,58.3,35.8,54.2
2022-01-08,50.6,47.1,Caution,52.2,46,41,58.2,31.6,54.2
2022-01-09,50.9,47.3,Caution,51.8,46.1,42.4,58.2,31.9,54.2
2022-01-10,50.6,47.1,Caution,52,45.9,42.3,55.8,32.8,53.5
2022-01-11,51.9,47.9,Caution,52.4,46.8,41.9,59.7,34.5,54.3
2022-01-12,53.5,49,Caution,53.4,47.8,42,58.8,39.9,55.1
2022-01-13,49.9,46.6,Neutral,51.2,45.7,41.6,56.5,32,53.2
2022-01-14,52,48,Caution,51.7,46.2,41.5,57.3,42.3,53.6
2022-01-15,50.9,47.3,Caution,51.5,46.1,41.8,57.3,35.5,53.5
2022-01-16,51,47.3,Caution,51.5,46,41.3,57.2,37.2,53.5
2022-01-17,51,47.3,Caution,50.7,45.2,41.4,57.2,41.3,53.5
2022-01-18,50.1,46.7,Caution,50.7,45.4,41.6,54.2,38.5,51.6
2022-01-19,48.1,45.4,Neutral,50.6,44.5,41.5,53.9,28.5,50.7
2022-01-20,49.2,46.1,Neutral,50,43.2,41.4,54.1,41,50.2
2022-01-21,46.7,44.4,Neutral,47.7,37.6,40.4,53.7,48.3,49.1
2022-01-22,43.8,42.6,Neutral,46.8,35.6,39.7,53.7,38.4,49.1
2022-01-23,44.3,42.9,Neutral,47.2,37.1,39.4,53.7,37,49.1
2022-01-24,45.9,44,Neutral,47.9,38.1,39.5,53.6,43.9,48.2
2022-01-25,46.3,44.2,Neutral,48.3,38.7,39.3,53.6,44.5,47.9
2022-01-26,47,44.7,Neutral,48,38.3,40.6,53.6,48.1,48
2022-01-27,45.7,43.8,Neutral,48.1,39,39.9,53.4,38.8,47.2
2022-01-28,46.8,44.5,Neutral,48.7,40.1,40.6,53.6,40.3,47.9
2022-01-29,48.4,45.6,Neutral,49,40.5,40.5,53.5,49.3,47.9
2022-01-30,47.8,45.2,Neutral,48.8,40.2,41.2,53.5,45.4,47.9
2022-01-31,48,45.3,Neutral,49,41,39.5,52.8,47.2,49.2
2022-02-01,46.9,44.6,Neutral,48.8,40.7,39,49,45.8,50.3
2022-02-02,45.7,43.8,Neutral,47.7,37.7,39.2,48.6,48.3,50.4
2022-02-03,45.3,43.5,Neutral,48,38.3,37.7,48.5,46.9,49.8
2022-02-04,47.6,45.1,Neutral,50.5,43.4,38.1,49.2,40.4,49.7
2022-02-05,47,44.7,Neutral,50,43.1,40.6,49.1,33.9,49.7
2022-02-06,47.2,44.8,Neutral,50.6,44.3,41.2,49.1,29.2,49.7
2022-02-07,51.6,47.8,Caution,52.1,46.4,43.3,49.4,44.6,49.6
2022-02-08,50.7,47.1,Caution,52.2,46.2,43.8,49.4,37.2,50.1
2022-02-09,52.2,48.1,Caution,52.4,46.3,44.6,49.4,44.1,51.1
2022-02-10,50.3,46.8,Caution,51.3,44.9,44.5,49.3,39.7,48.4
2022-02-11,49.6,46.4,Neutral,50.5,43.5,44.7,49.2,41.6,46.8
2022-02-12,48.5,45.7,Neutral,50.1,43.2,44.4,49.1,37.4,46.8
2022-02-13,49.1,46.1,Neutral,50.2,42.9,44.6,49.1,41.1,46.8
2022-02-14,49,46,Neutral,51.4,43.6,45.1,49.3,34.6,45.8
2022-02-15,51.1,47.4,Caution,53.3,46.2,45.2,49.6,35.1,47.5
2022-02-16,51.7,47.8,Caution,52.9,45.1,45.9,49.5,40.7,48.4
2022-02-17,47.5,45,Neutral,49.5,40.4,46.2,48.6,36.6,46.7
2022-02-18,46.2,44.1,Neutral,48.9,39.7,43.3,48.4,37.5,46.1
2022-02-19,45.2,43.4,Neutral,49.1,39.7,42.8,48.4,30.8,46.1
2022-02-20,44.5,43,Neutral,48.2,37.3,43.3,48.4,33.8,46.1
2022-02-21,43.4,42.2,Neutral,47.2,35.4,43.2,48.3,34.3,46.1
2022-02-22,43.4,42.2,Neutral,47.9,37,42.4,47.8,30.9,45.6
2022-02-23,43,42,Neutral,46.8,35.1,43.6,47.7,34.4,45.2
2022-02-24,44.5,43,Neutral,48.2,36.6,43.3,48.2,37,43.9
2022-02-25,45.3,43.6,Neutral,48.9,38.4,44.2,48,33.8,45.7
2022-02-26,44.5,43,Neutral,48.3,38.2,44.3,47.9,30.6,45.7
2022-02-27,43,42,Neutral,47.2,35.7,44.4,47.9,29.6,45.7
2022-02-28,48.1,45.4,Neutral,51.4,43,43.4,49,33.7,45.1
2022-03-01,51.2,47.5,Caution,52.1,43.9,46.6,49.6,44.4,43.7
2022-03-02,51.4,47.6,Caution,51.6,43.1,46.8,49.3,48.2,44.1
2022-03-03,46.8,44.6,Neutral,50.4,40.8,45,48,32.6,43.7
2022-03-04,43.9,42.6,Neutral,48.5,35.9,44.4,47.4,33.5,41.4
2022-03-05,42.7,41.8,Neutral,48.6,36.3,42.9,47.4,27.9,41.4
2022-03-06,41.2,40.8,Neutral,47.5,34.7,43,47.4,24.5,41.4
2022-03-07,40.7,40.5,Neutral,46.9,33.7,43.3,47.2,26.2,39.9
2022-03-08,42.1,41.4,Neutral,47.8,35,43,47.4,29.7,39.7
2022-03-09,46.2,44.1,Neutral,51.5,40,43.2,48.4,31.2,41.5
2022-03-10,43.5,42.3,Neutral,49.3,36,44.3,47.7,28.4,41.4
2022-03-11,41.8,41.2,Neutral,47.6,34.4,43.2,47.2,29,40.7
2022-03-12,41.1,40.8,Neutral,47.5,34.5,43.2,47.1,25.1,40.7
2022-03-13,41.1,40.7,Neutral,47.4,33,42.9,47.1,29.4,40.7
2022-03-14,43.3,42.2,Neutral,49,36.3,43.3,47,30.4,40.7
2022-03-15,43.4,42.3,Neutral,48.9,36.5,42.9,47.2,31.2,41.7
2022-03-16,45.2,43.5,Neutral,50.9,39,43.5,47.9,28.6,42.4
2022-03-17,45.8,43.8,Neutral,50.7,38,43.9,48.3,33.1,44
2022-03-18,46.1,44.1,Neutral,50.7,38.4,43.6,48.9,35,43.2
2022-03-19,45.6,43.8,Neutral,51.2,38.8,44.1,48.9,28.5,43.2
2022-03-20,44.9,43.3,Neutral,49.8,37.3,44.4,48.9,30.4,43.2
2022-03-21,44.5,43,Neutral,48.9,36.7,44.3,48,32.7,43.8
2022-03-22,45.8,43.9,Neutral,50.3,38.5,43.7,49.1,32.9,44.4
2022-03-23,45.7,43.8,Neutral,49.9,38.6,44.4,48.8,32.5,43.9
2022-03-24,47,44.7,Neutral,50.9,39.6,45.6,49.6,31.8,44.9
2022-03-25,47.8,45.2,Neutral,51.2,39.9,46.7,49.2,33.3,45.3
2022-03-26,47.9,45.3,Neutral,51.4,40,47.1,49.1,32.3,45.3
2022-03-27,50.3,46.9,Caution,53.7,42.9,46.8,49.1,35.1,45.3
2022-03-28,50.8,47.2,Caution,55,43.1,47.9,50.8,30.1,44.7
2022-03-29,52.4,48.2,Caution,56,43.5,47.6,50.9,36.5,46.2
2022-03-30,51.3,47.5,Caution,55.1,42.7,47.5,50.7,34.8,46.3
2022-03-31,50,46.6,Caution,53.7,40.6,47.1,49.6,37.6,45.2
2022-04-01,50.9,47.3,Caution,53.9,41.6,46.9,50.6,39.8,45.5
2022-04-02,50.3,46.9,Caution,53.5,40.9,47.1,50.6,38.6,45.5
2022-04-03,50.5,47,Caution,54.5,41.6,46.7,50.6,35.5,45.5
2022-04-04,52.1,48.1,Caution,54.9,41.9,47,56.2,37.9,46.3
2022-04-05,51.4,47.6,Caution,54.3,39.8,47.1,54.3,43.1,44.5
2022-04-06,47.3,44.9,Neutral,51,36.5,46.5,53.5,36.1,43.5
2022-04-07,48.1,45.4,Neutral,52.4,37.3,44.5,53.5,38.9,44.1
2022-04-08,46.3,44.2,Neutral,51.2,35.8,44.6,53.2,34.9,44.1
2022-04-09,46.1,44.1,Neutral,51.5,36.5,43.9,53.1,32.1,44.1
2022-04-10,46.2,44.1,Neutral,50.7,35.2,44.4,53.1,36.9,44.1
2022-04-11,42.9,41.9,Neutral,47.7,31.7,44.1,52.8,34.2,43.6
2022-04-12,42.7,41.8,Neutral,48.1,32.5,42,52.7,33.8,44
2022-04-13,45.1,43.4,Neutral,49.6,33.6,43.1,53,39.6,45.1
2022-04-14,42.4,41.6,Neutral,48,32,43.5,52.7,30,44
2022-04-15,42.4,41.6,Neutral,48.9,32.9,42.4,52.6,27.7,44
2022-04-16,43.2,42.1,Neutral,48.6,32.6,43.5,52.6,32.3,44
2022-04-17,41.3,40.9,Neutral,47.9,31.6,43.4,52.6,24.2,44
2022-04-18,44.1,42.7,Neutral,49.2,33.3,42.7,52.5,36.3,44.1
2022-04-19,44.2,42.8,Neutral,50.6,34.6,43.2,53,28,44.5
2022-04-20,43.6,42.4,Neutral,50.7,34,43.2,52.5,25.8,44.5
2022-04-21,44.6,43.1,Neutral,51.3,32.2,43.1,52.3,36.7,42.4
2022-04-22,44.7,43.1,Neutral,51.6,31.8,42.9,52.2,39.2,39.7
2022-04-23,41.9,41.3,Neutral,50.6,31.3,42.5,52.2,25.9,39.7
2022-04-24,43.3,42.2,Neutral,50.3,31.3,42.5,52.2,35.8,39.7
2022-04-25,45.7,43.8,Neutral,52.1,33.8,42.3,52.4,40.4,40.3
2022-04-26,43.1,42,Neutral,49.5,30.8,43,52,37.1,39.5
2022-04-27,44,42.7,Neutral,51,32.6,41.8,51.9,36.9,39.9
2022-04-28,46.4,44.3,Neutral,51.2,33.6,42.4,52.1,48.2,40.2
2022-04-29,43.2,42.1,Neutral,49.3,31.8,42.2,51.8,38.2,38.6
2022-04-30,42.4,41.6,Neutral,47.9,30.4,41.5,51.7,42.1,38.6
2022-05-01,43,42,Neutral,48.8,31.5,44.7,48.6,39.7,34.2
2022-05-02,45.1,43.4,Neutral,49.2,32,45.8,48.7,47.7,35.8
2022-05-03,44.1,42.7,Neutral,49.3,30.9,45.5,48.8,44.5,35.2
2022-05-04,45.8,43.9,Neutral,51.4,33.4,44.4,48.9,44.7,37.6
2022-05-05,40.6,40.4,Neutral,44.2,28,45.5,48.5,43.7,36.3
2022-05-06,41,40.6,Neutral,44.4,28.2,44.6,48.2,47.2,36.3
2022-05-07,39.4,39.4,Neutral,43.2,27.5,44.7,48.2,40.2,36.4
2022-05-08,38.1,38.1,Neutral,41.2,25.8,43.8,48.2,39.1,36.4
2022-05-09,36.4,36.4,Neutral,37.5,21.9,43.2,48,44.8,36.2
2022-05-10,37,37,Neutral,38.7,23,43.1,48,44.6,36.2
2022-05-11,35.4,35.4,Neutral,37,21.3,43.2,42.5,43.4,35
2022-05-12,35.5,35.5,Neutral,37.2,21.2,43.2,43,43.5,35.8
2022-05-13,36,36,Neutral,37.7,21.7,42.9,47.8,40.2,36.9
2022-05-14,37,37,Neutral,38.5,22.5,42.8,47.7,46.7,36.9
2022-05-15,37.1,37.1,Neutral,39.6,23.6,42.7,47.7,41.7,36.9
2022-05-16,35.4,35.4,Neutral,37.2,21.9,42.9,47.5,35.6,36.9
2022-05-17,36.9,36.9,Neutral,37.8,22.4,42.4,48.2,48,36.9
2022-05-18,35.1,35.1,Neutral,36.7,20.5,42.5,47,39.6,35
2022-05-19,36,36,Neutral,38.7,22.3,42.6,47.9,37.3,34.8
2022-05-20,34.6,34.6,Neutral,37.1,20.8,42.5,47.5,33.4,34.4
2022-05-21,34.8,34.8,Neutral,37.8,21,42.4,47.5,32.3,34.4
2022-05-22,35.6,35.6,Neutral,39.3,21.9,42.3,47.5,34.5,34.4
2022-05-23,34.5,34.5,Neutral,37.2,20.6,41.8,47.6,32.9,35.3
2022-05-24,36.1,36.1,Neutral,38.1,21,41.9,46.5,45.6,35.6
2022-05-25,33.9,33.9,Neutral,37.4,20.8,41.8,47.2,26.6,36.1
2022-05-26,34.3,34.3,Neutral,36.6,20.6,41.8,48.2,31.4,36.8
2022-05-27,33.7,33.7,Neutral,36,20.1,41.6,48.4,28.9,37.2
2022-05-28,33.8,33.8,Neutral,36.8,20.4,41.7,48.4,25.7,37.2
2022-05-29,33.8,33.8,Neutral,35.8,20.8,41.7,48.4,27.9,37.2
2022-05-30,35.2,35.2,Neutral,37.8,22.9,41.3,48.4,31.7,37.1
2022-05-31,35.4,35.4,Neutral,37.8,22.8,41.8,48.6,33,37.7
2022-06-01,34.7,34.7,Neutral,35.8,20.8,42.9,52.3,31.5,35.4
2022-06-02,35.1,35.1,Neutral,37.9,21.5,42.5,52.4,28.9,35.8
2022-06-03,33.9,33.9,Neutral,36.1,20.3,42.1,52,25.9,35.9
2022-06-04,34.3,34.3,Neutral,36.6,20.5,42.4,51.9,27.7,35.9
2022-06-05,34.1,34.1,Neutral,36.9,20.5,42,51.9,24.8,35.9
2022-06-06,35.7,35.7,Neutral,38.7,22.3,42.3,52.4,29.8,36
2022-06-07,35.2,35.2,Neutral,37.3,22.1,42.5,52.3,29.9,35.3
2022-06-08,35.5,35.5,Neutral,36.8,20.9,42.6,52.2,37,35.3
2022-06-09,35.6,35.6,Neutral,37.3,21,42,51.5,39.4,33.9
2022-06-10,33.5,33.5,Neutral,36,20.2,42.2,50.9,25.5,31.5
2022-06-11,33,33,Neutral,35.5,19.6,42,50.9,23.6,31.5
2022-06-12,32,32,Neutral,33.4,17.7,42.3,50.9,24.3,31.5
2022-06-13,29.1,29.1,Accumulation,31,12.8,41.9,44.1,22.6,30.7
2022-06-14,29,29,Accumulation,30.6,12.7,41.7,44.5,22.7,31.1
2022-06-15,29.9,29.9,Accumulation,31.2,13.5,41.7,46.2,26.3,31.6
2022-06-16,29.2,29.2,Accumulation,29.4,11.2,41.6,44.8,32,30.7
2022-06-17,28.1,28.1,Accumulation,29.3,11.2,41.7,45.5,21,30.8
2022-06-18,27.4,27.4,Accumulation,28.7,9.5,41.6,45.5,20.2,30.8
2022-06-19,28.6,28.6,Accumulation,29.6,11.3,41.6,45.5,25.3,30.8
2022-06-20,28.2,28.2,Accumulation,29.6,11.4,41.7,45.5,21,30.8
2022-06-21,28.6,28.6,Accumulation,29.6,11.5,41.6,47.9,21.5,31.3
2022-06-22,28.2,28.2,Accumulation,29,10.7,41.8,46.2,22.8,31.4
2022-06-23,28.5,28.5,Accumulation,29.7,11.9,41.8,49.7,17.1,31.6
2022-06-24,29.3,29.3,Accumulation,29.7,12,41.8,51.6,22.5,32.6
2022-06-25,28.8,28.8,Accumulation,29.6,12.1,42,51.5,16.5,32.6
2022-06-26,28.9,28.9,Accumulation,29.3,11.8,42,51.5,20.2,32.6
2022-06-27,28.4,28.4,Accumulation,29.1,11.3,41.8,50.3,17.9,32.7
2022-06-28,27.5,27.5,Accumulation,28.8,10.9,41.6,44.4,17.4,31.9
2022-06-29,27.6,27.6,Accumulation,28.7,10.7,41.9,43.3,20,31.7
2022-06-30,27.2,27.2,Accumulation,28.5,10.4,41.7,40.6,21.1,31.8
2022-07-01,27.8,27.8,Accumulation,28,9.5,39.3,47.7,29,30.3
2022-07-02,26.6,26.6,Accumulation,27.9,9.4,39.7,47.7,16.7,30.3
2022-07-03,26.4,26.4,Accumulation,28,9.4,39.4,47.7,14.5,30.3
2022-07-04,27.7,27.7,Accumulation,28.8,10.9,39.7,47.6,21.4,30.2
2022-07-05,28,28,Accumulation,28.8,10.6,40.3,52,19.2,30.7
2022-07-06,28.2,28.2,Accumulation,29.2,11.1,40.2,52,18.2,31.2
2022-07-07,29.1,29.1,Accumulation,30.2,12.1,40.2,54.3,19.5,31.6
2022-07-08,29.6,29.6,Accumulation,29.9,11.8,40.5,54.6,25.2,31.9
2022-07-09,29.4,29.4,Accumulation,29.9,11.8,41.3,54.6,21.3,31.9
2022-07-10,28.6,28.6,Accumulation,29.6,11.1,41.4,54.5,16.6,31.9
2022-07-11,28.4,28.4,Accumulation,28.4,10,41,53.3,22.3,31.3
2022-07-12,27.3,27.3,Accumulation,27.9,9.4,40,52.7,17.6,31
2022-07-13,28.5,28.5,Accumulation,29.2,10.5,39.9,52.8,23,30.9
2022-07-14,28.4,28.4,Accumulation,29.4,10.9,40.2,53.7,19,31.2
2022-07-15,28.5,28.5,Accumulation,29.5,11.1,40,53.9,19.1,32.1
2022-07-16,29,29,Accumulation,29.9,11.4,40.8,53.9,20.6,32.1
2022-07-17,28.9,28.9,Accumulation,29.3,10.9,41.4,53.9,20.8,32.1
2022-07-18,29.4,29.4,Accumulation,30.3,12.6,40.6,54.6,19.6,31.8
2022-07-19,30.5,30.5,Neutral,31,14,42.4,55.3,21.1,32.5
2022-07-20,30.4,30.4,Neutral,30.8,13.2,42.5,56.2,21.2,32.8
2022-07-21,30.3,30.3,Neutral,30.7,13.2,42.9,56.2,18.9,33
2022-07-22,30,30,Neutral,30.3,12.3,42.8,56,19.8,32.9
2022-07-23,29.4,29.4,Accumulation,30.1,12,42.5,56,16.1,32.9
2022-07-24,29.4,29.4,Accumulation,29.8,12.1,42.5,56,16.7,32.9
2022-07-25,28.9,28.9,Accumulation,29,10.6,42.4,55.4,18.9,32.8
2022-07-26,28.2,28.2,Accumulation,28.5,10.3,41.8,53.8,17,32.2
2022-07-27,29.6,29.6,Accumulation,30,12.6,42.1,54.6,19.3,33
2022-07-28,30.7,30.7,Neutral,30.7,13.6,42.7,55,23.9,33.3
2022-07-29,30.3,30.3,Neutral,30.7,13.4,43.5,55.2,18.3,33.8
2022-07-30,30.2,30.2,Neutral,30.5,13.1,44.2,55.1,17.1,33.8
2022-07-31,29.5,29.5,Accumulation,30.1,12.7,43.5,55.1,14.4,33.8
2022-08-01,29.9,29.9,Accumulation,30.2,12.7,39.4,62.7,19.9,30.8
2022-08-02,29.3,29.3,Accumulation,29.4,12,39.2,63.5,17.5,30.4
2022-08-03,30.2,30.2,Neutral,30.4,12.5,39.5,64.6,20.4,31.6
2022-08-04,30,30,Neutral,29.7,11.8,39,64.6,23.1,31.3
2022-08-05,30.6,30.6,Neutral,30.6,12.9,39.1,64.7,23,31.6
2022-08-06,30.4,30.4,Neutral,30.5,12.3,39.1,64.6,23.1,31.6
2022-08-07,31,31,Neutral,32,12.6,39,64.6,24,31.7
2022-08-08,31.8,31.8,Neutral,32.3,14,39,64.8,28.1,31.3
2022-08-09,31.3,31.3,Neutral,32.1,12.4,40.8,64.5,24.1,30.8
2022-08-10,31.8,31.8,Neutral,33.2,13.9,39.1,64.8,24.3,32.4
2022-08-11,31.7,31.7,Neutral,32.4,13.1,40.6,64.5,25.1,32.3
2022-08-12,31.7,31.7,Neutral,32.3,13.7,40.8,64.7,23.6,32.6
2022-08-13,31.6,31.6,Neutral,31.7,13.8,41.3,64.6,22.7,32.6
2022-08-14,31.2,31.2,Neutral,32.4,13.5,41.3,64.6,17.4,32.6
2022-08-15,31,31,Neutral,31.6,13,41.2,64.7,18.9,32.9
2022-08-16,31.6,31.6,Neutral,32.8,13.2,41.1,64.5,21.5,33.1
2022-08-17,30.9,30.9,Neutral,30.9,12.2,40.5,64.3,23.8,33.2
2022-08-18,30.7,30.7,Neutral,31.9,12.5,38.9,64.2,20.8,33.4
2022-08-19,28.7,28.7,Accumulation,28.4,9.1,39.3,63.7,20.8,32.6
2022-08-20,29.2,29.2,Accumulation,28.5,9.5,38.7,63.6,25,32.6
2022-08-21,29,29,Accumulation,29.4,10.1,38.4,63.6,20.4,32.6
2022-08-22,29.1,29.1,Accumulation,29.2,10.1,38.7,63.4,21.7,30.8
2022-08-23,29.1,29.1,Accumulation,29.3,10.3,38.5,63.3,22,30.7
2022-08-24,29.5,29.5,Accumulation,29,9.7,38,63.4,28.5,31.1
2022-08-25,29.1,29.1,Accumulation,29.5,10.2,38,63.4,21.9,31.7
2022-08-26,27.9,27.9,Accumulation,26.9,7.7,38.3,62.6,25,30.1
2022-08-27,28.1,28.1,Accumulation,26.4,7.4,38.5,62.5,28.4,30.1
2022-08-28,26.6,26.6,Accumulation,25.4,6.9,38.5,62.5,18.2,30.1
2022-08-29,27.8,27.8,Accumulation,26.7,8.1,37.7,62.4,25.2,29.8
2022-08-30,27.6,27.6,Accumulation,26.2,7.3,38.2,62.6,25,29.7
2022-08-31,28.7,28.7,Accumulation,26.6,7.9,37.5,62.5,34.7,29.9
2022-09-01,28.1,28.1,Accumulation,27.3,8.1,35.4,59.1,34.4,29.6
2022-09-02,28.1,28.1,Accumulation,27.1,7.9,36.4,59,33.6,29.4
2022-09-03,27.5,27.5,Accumulation,26.7,7.8,35.6,59,30.5,29.4
2022-09-04,27.6,27.6,Accumulation,26.4,8,35.3,58.9,32.3,29.4
2022-09-05,28.5,28.5,Accumulation,26,7.7,36,58.9,42.7,29.2
2022-09-06,27.1,27.1,Accumulation,24.7,6.1,35.8,58.4,36.9,29
2022-09-07,27.5,27.5,Accumulation,25.4,7.2,36.1,59.9,33.5,29.7
2022-09-08,27.6,27.6,Accumulation,25.6,7.1,35.3,60.7,35.1,30.2
2022-09-09,29.6,29.6,Accumulation,29.7,10.8,35.7,61.2,32.5,30.5
2022-09-10,30.7,30.7,Neutral,31,11.3,36.9,61.2,35.1,30.5
2022-09-11,31.7,31.7,Neutral,34.1,11.5,36.5,61.2,36.5,30.5
2022-09-12,32.8,32.8,Neutral,34.7,12,36.4,61.3,44.3,30.3
2022-09-13,29,29,Accumulation,29.6,7.8,37.7,60.7,31.4,28.8
2022-09-14,29.7,29.7,Accumulation,33,8.6,36.6,61,27.6,29.2
2022-09-15,28.9,28.9,Accumulation,31.4,7.7,36.9,60.7,26.3,29
2022-09-16,29.8,29.8,Accumulation,33.6,8.2,35.2,60.2,31.9,28.9
2022-09-17,29.3,29.3,Accumulation,32.8,8.7,35.7,60.1,26.9,28.9
2022-09-18,29.8,29.8,Accumulation,30.5,7.5,36.6,60.1,39.7,28.9
2022-09-19,29,29,Accumulation,30.3,7.5,35.4,59.6,35.1,29.1
2022-09-20,27.7,27.7,Accumulation,29.6,6.2,35.9,58.5,28.7,28.7
2022-09-21,27.6,27.6,Accumulation,27.7,5.7,35.8,58.3,34.3,28
2022-09-22,28.3,28.3,Accumulation,30.2,7.7,35.6,56.9,30.7,28.1
2022-09-23,27.5,27.5,Accumulation,29.1,7.2,35.1,56.5,29.6,27.6
2022-09-24,27.2,27.2,Accumulation,28.5,6.6,35.9,56.5,27.4,27.6
2022-09-25,27.4,27.4,Accumulation,28.7,6.4,35.9,56.4,29.9,27.6
2022-09-26,28.8,28.8,Accumulation,31.3,7.8,35.2,57.4,33.4,27.4
2022-09-27,29.2,29.2,Accumulation,31.5,7.8,35,58.4,36.2,27.4
2022-09-28,28.8,28.8,Accumulation,32.8,8.7,34.9,59.6,24.4,27.7
2022-09-29,29.3,29.3,Accumulation,33.3,8.6,35.4,58,28.9,27.2
2022-09-30,28.9,28.9,Accumulation,32.9,8.3,35.1,58.5,27.3,27.1
2022-10-01,28.9,28.9,Accumulation,32.5,8.1,34.4,54.9,33.8,27.1
2022-10-02,28.2,28.2,Accumulation,30.2,7.5,35.3,54.8,33.5,27.1
2022-10-03,29.1,29.1,Accumulation,32.9,9.4,35.3,55.4,29.7,27.2
2022-10-04,29.2,29.2,Accumulation,33.2,10.3,34.3,57.4,27.3,27.4
2022-10-05,29,29,Accumulation,31.4,9.9,35.5,56.9,29.7,27.7
2022-10-06,29.3,29.3,Accumulation,31.2,9.5,35.6,57.1,34.1,27.3
2022-10-07,28.3,28.3,Accumulation,30.6,9.3,35,55.8,28.9,26.8
2022-10-08,28.6,28.6,Accumulation,31.1,9,35.2,55.7,30.5,26.8
2022-10-09,28.9,28.9,Accumulation,32.1,9.1,34.7,55.7,31.4,26.8
2022-10-10,29.6,29.6,Accumulation,32,8.8,34.7,55.9,39.2,26.9
2022-10-11,30.2,30.2,Neutral,31.2,9.2,35.1,56.3,45.3,26.7
2022-10-12,30.3,30.3,Neutral,31.4,9.7,34.2,56.3,46.3,26.8
2022-10-13,30.1,30.1,Neutral,31.6,10.1,34.2,56.3,42.7,27
2022-10-14,29.8,29.8,Accumulation,30.3,9.5,35.1,54.5,45.6,26.9
2022-10-15,29.8,29.8,Accumulation,30.3,9.3,35.1,54.5,45.7,26.9
2022-10-16,29.5,29.5,Accumulation,29.6,9.8,35.1,54.4,43.6,27
2022-10-17,30.1,30.1,Neutral,29.8,11,34.1,56.3,45.5,27.3
2022-10-18,30,30,Neutral,29.3,10.1,34.6,55.5,48.7,27.6
2022-10-19,29.3,29.3,Accumulation,28.5,9.4,34.8,54.8,45.9,27.6
2022-10-20,29.7,29.7,Accumulation,29.1,9.7,34.9,54.7,47.3,27.7
2022-10-21,29.8,29.8,Accumulation,29.4,10,34.9,55.6,45.7,28.1
2022-10-22,29.7,29.7,Accumulation,29.5,10.1,34.1,55.6,45,28.1
2022-10-23,29.3,29.3,Accumulation,31.4,11.1,34.9,55.5,31.3,28.1
2022-10-24,29.5,29.5,Accumulation,30.2,9.7,34.7,55.7,41.3,28.3
2022-10-25,30.1,30.1,Neutral,30.4,12,34.1,57.7,39.1,28.7
2022-10-26,30.6,30.6,Neutral,30.6,13.4,36.6,57.4,35.9,28.9
2022-10-27,30.6,30.6,Neutral,29.2,11.3,36.5,57.2,45.1,28.7
2022-10-28,30.5,30.5,Neutral,30.1,12.4,36.2,57.3,39.5,29.5
2022-10-29,31.5,31.5,Neutral,30.7,13.1,36.8,57.3,44.5,29.6
2022-10-30,30.7,30.7,Neutral,30.2,12.6,36.8,57.2,38.9,29.6
2022-10-31,30.4,30.4,Neutral,30.7,12.7,36.4,55.5,37.4,29.2
2022-11-01,31.3,31.3,Neutral,30.2,12.6,40,51.8,44.6,29.1
2022-11-02,30.1,30.1,Neutral,29.9,11.9,40,51,36.3,28.6
2022-11-03,29.8,29.8,Accumulation,29.7,12.6,40,50.5,32.2,28.7
2022-11-04,32.6,32.6,Neutral,32.6,15.2,40,51,45.3,28.8
2022-11-05,31.7,31.7,Neutral,32.5,15.6,40.9,51,33.4,28.8
2022-11-06,31.6,31.6,Neutral,30.7,14.8,41.4,51,38.4,28.8
2022-11-07,29.8,29.8,Accumulation,29.9,12.8,40.4,50.6,30.7,29
2022-11-08,26.5,26.5,Accumulation,23.3,7.8,40.1,49.2,32.1,28.5
2022-11-09,24.2,24.2,Accumulation,19.6,3.1,39.9,43.9,37.8,28
2022-11-10,25.1,25.1,Accumulation,21.8,6.4,38.2,45.1,33.5,29.4
2022-11-11,24.4,24.4,Accumulation,20.3,4.7,38.9,46,32.8,29.7
2022-11-12,23.4,23.4,Accumulation,20.1,4.3,37.7,46,26.9,29.7
2022-11-13,24.2,24.2,Accumulation,19.7,3.5,37.9,46,37.9,29.7
2022-11-14,23,23,Accumulation,19.8,3.7,38.2,43.9,26.6,29.3
2022-11-15,23.4,23.4,Accumulation,20.3,4.3,37.6,45.1,27.6,29.3
2022-11-16,23.8,23.8,Accumulation,19.6,3.5,37.7,43.7,36.1,29.2
2022-11-17,24,24,Accumulation,21.3,3.8,36.9,44.6,33.6,29.3
2022-11-18,23.9,23.9,Accumulation,21.3,4.1,37.6,43.7,31,29.7
2022-11-19,23.7,23.7,Accumulation,21.1,4.2,37.5,43.7,29.7,29.7
2022-11-20,23.5,23.5,Accumulation,19.9,3.2,37.8,43.7,33,29.7
2022-11-21,22.8,22.8,Accumulation,19.1,2.4,36.9,42.3,33.8,29.9
2022-11-22,23.1,23.1,Accumulation,20.5,3.6,37,43.3,28.4,30.7
2022-11-23,23.8,23.8,Accumulation,21,4.5,36.8,45.1,29.4,31.3
2022-11-24,23.7,23.7,Accumulation,21.3,3.8,36.1,45.1,30.6,31.3
2022-11-25,23.5,23.5,Accumulation,21.2,3.5,35.9,46.1,28.6,31.2
2022-11-26,23.5,23.5,Accumulation,21.4,3.4,36.3,46.1,27.5,31.2
2022-11-27,23.1,23.1,Accumulation,20.4,3.4,37.2,46.1,25.7,31.2
2022-11-28,22.9,22.9,Accumulation,20.7,3.2,37.5,44.9,24.1,30.2
2022-11-29,23.6,23.6,Accumulation,21.4,4.2,37.2,45.8,25.8,30.1
2022-11-30,24.6,24.6,Accumulation,22.5,5.8,37.8,48.3,24,31.6
2022-12-01,23,23,Accumulation,21.7,4.8,33.5,44.6,26.2,31
2022-12-02,23.7,23.7,Accumulation,22,5.1,33.5,45.5,30.8,31.4
2022-12-03,22.6,22.6,Accumulation,21.3,4.5,33.5,45.5,22.6,31.4
2022-12-04,22.9,22.9,Accumulation,22,5.1,33.4,45.4,22.1,31.4
2022-12-05,23.1,23.1,Accumulation,22.4,4.7,33.4,44.4,25.9,30.7
2022-12-06,23.2,23.2,Accumulation,22.6,5.8,33.3,43.9,24.5,29.6
2022-12-07,22.5,22.5,Accumulation,22.3,5.2,34,43.8,18.5,29
2022-12-08,23.3,23.3,Accumulation,21.2,6.1,33.4,44.7,27.8,29.5
2022-12-09,22.8,22.8,Accumulation,20.6,5.6,33.6,44.6,25.6,28.8
2022-12-10,22.2,22.2,Accumulation,20.3,5.7,33.9,44.6,19.9,28.9
2022-12-11,21.7,21.7,Accumulation,20,5.6,34,44.6,16.4,28.9
2022-12-12,22.7,22.7,Accumulation,22,6,34.4,44.1,18.3,28.8
2022-12-13,23.3,23.3,Accumulation,22.6,7.3,34.6,44.5,18.6,29.3
2022-12-14,24.2,24.2,Accumulation,22.7,7,35.4,44.5,25.8,30
2022-12-15,23,23,Accumulation,21.5,5.8,35.7,42.9,22.2,28.9
2022-12-16,21.7,21.7,Accumulation,20.2,4.8,35.6,40.4,18.3,28.7
2022-12-17,22,22,Accumulation,21.2,5.3,35.5,40.4,17.8,28.7
2022-12-18,21.7,21.7,Accumulation,21.1,5.2,35.1,40.4,15.7,28.7
2022-12-19,22.6,22.6,Accumulation,20.7,4.6,35.9,39.7,26.5,28.7
2022-12-20,23.3,23.3,Accumulation,22.4,5.8,36,39.4,25.6,28.6
2022-12-21,22.9,22.9,Accumulation,21.2,5.7,35.5,39.4,26.3,29.6
2022-12-22,23,23,Accumulation,21.1,5.5,36.2,39,27.6,28.9
2022-12-23,23,23,Accumulation,21.6,5.7,36.1,38.7,25.9,29.5
2022-12-24,23.3,23.3,Accumulation,21.9,6,36.7,38.7,25.1,29.5
2022-12-25,22.7,22.7,Accumulation,21.1,5.9,37,38.7,21.6,29.5
2022-12-26,23.3,23.3,Accumulation,21.1,5.9,37.3,38.6,27.1,29.5
2022-12-27,23.1,23.1,Accumulation,19.3,5.2,37.5,44.9,25.7,28.6
2022-12-28,22.6,22.6,Accumulation,18.9,5,38.3,42.3,24.3,28.3
2022-12-29,24.1,24.1,Accumulation,19.2,5.1,38.8,41.9,37.1,28.8
2022-12-30,23.3,23.3,Accumulation,19,5,39.3,43.6,27.3,28.6
2022-12-31,23.5,23.5,Accumulation,18.9,4.9,39.3,43.6,29.8,28.6
2023-01-01,23.4,23.4,Accumulation,18.5,5.1,41,43.2,25.7,28.6
2023-01-02,23.1,23.1,Accumulation,17.8,4.9,41.3,43.2,25.4,28.6
2023-01-03,23,23,Accumulation,18.1,5.1,41.3,43.9,23.2,27.5
2023-01-04,24.2,24.2,Accumulation,19.8,5.9,42,46.9,23,28
2023-01-05,23.3,23.3,Accumulation,18.8,5.3,42,45.6,19.5,27.6
2023-01-06,24.1,24.1,Accumulation,20.1,6,41.4,45.9,22.8,28.6
2023-01-07,24.4,24.4,Accumulation,20,6,41.4,45.9,26.5,28.6
2023-01-08,23.9,23.9,Accumulation,20.9,6.4,41.5,45.8,17.3,28.6
2023-01-09,23.8,23.8,Accumulation,19.4,5.8,41.5,48.7,19.9,28.4
2023-01-10,24.7,24.7,Accumulation,20.4,6.3,41.8,51.6,19.7,29.4
2023-01-11,26.1,26.1,Accumulation,21.3,7.9,41.9,52.2,27.2,29.4
2023-01-12,27.1,27.1,Accumulation,22.8,9.9,42.8,53.8,23.2,30.4
2023-01-13,28.1,28.1,Accumulation,24.2,11.3,43.1,54.3,24.7,30.7
2023-01-14,30,30,Neutral,26.5,13,45.3,54.2,27.7,30.7
2023-01-15,30.6,30.6,Neutral,25.5,12.9,45.9,54.2,35.8,30.7
2023-01-16,31.5,31.5,Neutral,27,13.5,45.4,54.2,40.1,30
2023-01-17,31.9,31.9,Neutral,27.2,13.5,46,55.3,41.3,30.3
2023-01-18,31.6,31.6,Neutral,25.6,12.6,46.1,54.5,46.5,29.5
2023-01-19,31.5,31.5,Neutral,27,13.6,45.6,54.3,39.9,28.9
2023-01-20,34.3,34.3,Neutral,30.9,17.3,46.2,55.4,44.4,29.9
2023-01-21,33.8,33.8,Neutral,30.7,17.5,46.4,55.4,39.4,29.9
2023-01-22,34,34,Neutral,30.9,17.4,46.5,55.4,40.1,29.9
2023-01-23,34.3,34.3,Neutral,30.1,17.3,46.3,55.6,45.9,30.3
2023-01-24,33.7,33.7,Neutral,28.4,16.4,46.6,55.1,47.6,30.6
2023-01-25,33.4,33.4,Neutral,29.9,17.3,46.6,54.9,37.1,30.6
2023-01-26,34.2,34.2,Neutral,28.9,16.7,47,55,48.5,31.2
2023-01-27,34,34,Neutral,28.7,16.9,47.2,56.3,45,31.5
2023-01-28,33.8,33.8,Neutral,28.8,16.8,46.9,56.3,43.4,31.5
2023-01-29,34.6,34.6,Neutral,30.6,18.6,47.3,56.3,41.2,31.5
2023-01-30,33.4,33.4,Neutral,28.3,16.5,47.8,55.5,41.4,30.4
2023-01-31,33.9,33.9,Neutral,29.9,17.6,47.1,55.8,39.6,30.9
2023-02-01,34.3,34.3,Neutral,31,19.3,45.6,59.7,34.6,31.9
2023-02-02,34,34,Neutral,28.5,17.9,45.9,62.6,39.4,32.1
2023-02-03,34.4,34.4,Neutral,28.6,18.4,46,62,41.9,32.2
2023-02-04,34,34,Neutral,28.8,18.2,46,62,37.7,32.2
2023-02-05,33.4,33.4,Neutral,28.4,17.2,46,62,36.2,32.2
2023-02-06,35.3,35.3,Neutral,31.4,18,46,61.9,44.3,31.1
2023-02-07,36.9,36.9,Neutral,35.3,19.7,45.8,61.3,45.4,31.9
2023-02-08,35.1,35.1,Neutral,32.4,18.2,46.3,60.8,39.4,31
2023-02-09,33.7,33.7,Neutral,30.8,15.7,46,58.1,39.7,30.5
2023-02-10,34.1,34.1,Neutral,30.7,15.3,45.4,57.6,46.9,30.7
2023-02-11,34.1,34.1,Neutral,31.6,15.8,45.6,57.5,42.4,30.7
2023-02-12,33.7,33.7,Neutral,31.4,15.7,45.7,57.5,39.1,30.7
2023-02-13,34.3,34.3,Neutral,31.4,15.9,45.6,57.5,44.4,31.2
2023-02-14,34.7,34.7,Neutral,32.2,16.6,45.9,58.3,43.1,31.9
2023-02-15,38.1,38.1,Neutral,36.8,21.7,46.3,61,46.7,32.6
2023-02-16,37.6,37.6,Neutral,36,20.5,47.1,59.6,47.2,31.1
2023-02-17,38.8,38.8,Neutral,37.4,23.3,47.1,59.6,48.9,31
2023-02-18,38.6,38.6,Neutral,37.8,23.5,47.1,59.5,45.1,31
2023-02-19,38.4,38.4,Neutral,37.8,22.8,47.2,59.5,44.2,31
2023-02-20,38.7,38.7,Neutral,38,24,47.1,59.5,43.9,30.4
2023-02-21,37.4,37.4,Neutral,37.1,22.9,47.3,58.5,37.9,29.4
2023-02-22,38.1,38.1,Neutral,37.1,22.8,47.3,58.2,44.8,29.7
2023-02-23,37.3,37.3,Neutral,37.2,22.7,47.2,58.5,36.2,30.5
2023-02-24,37.3,37.3,Neutral,36.2,20.9,46.9,57.5,45.8,29.8
2023-02-25,37,37,Neutral,36.2,20.9,46.9,57.5,42.8,29.9
2023-02-26,37.3,37.3,Neutral,37.1,22,46.8,57.5,40.8,29.9
2023-02-27,39.1,39.1,Neutral,37.1,22.5,46.7,57.9,57.4,30.4
2023-02-28,37.8,37.8,Neutral,35.8,21.6,47.1,59.1,48.3,30.3
2023-03-01,38.4,38.4,Neutral,37.1,23,49.4,53.3,48.3,30.1
2023-03-02,39.1,39.1,Neutral,36.7,22.4,49.5,53.1,57.5,30.9
2023-03-03,37,37,Neutral,34.4,19.8,49.5,53.2,49.4,31.7
2023-03-04,37.6,37.6,Neutral,34.2,19.8,49.5,53.1,56.2,31.7
2023-03-05,37.3,37.3,Neutral,34.6,20,49.3,53.1,51.7,31.7
2023-03-06,37.3,37.3,Neutral,33.9,19.8,49.5,52.4,53.9,31.7
2023-03-07,36.2,36.2,Neutral,33.8,19.5,49.6,52.1,44.9,31.2
2023-03-08,37.3,37.3,Neutral,33.4,19.4,49.8,52.6,55.9,31.6
2023-03-09,34.1,34.1,Neutral,30.2,16.1,49.3,50.7,46,29
2023-03-10,32.6,32.6,Neutral,29.8,15.8,47.9,48.5,38.7,27.4
2023-03-11,33,33,Neutral,30.8,16.7,47.9,48.5,38.1,27.4
2023-03-12,36.6,36.6,Neutral,35.4,21,47.9,48.4,49.6,27.4
2023-03-13,39.5,39.5,Neutral,38,25.7,50.1,51.6,51.2,27
2023-03-14,40,40,Neutral,38.6,26.7,50.9,52.3,49.5,28.3
2023-03-15,39.3,39.3,Neutral,38.4,25.7,50.2,52.9,46.2,27.1
2023-03-16,40.6,40.4,Neutral,39.6,27.7,50.6,54.4,46,28.7
2023-03-17,42.6,41.7,Neutral,41.5,31.3,50.5,56.1,43.4,27.5
2023-03-18,43.1,42,Neutral,41,30.6,51.7,56,47.8,27.6
2023-03-19,45.2,43.4,Neutral,42.7,32.2,51.7,56,52.6,27.6
2023-03-20,43.9,42.6,Neutral,41.7,31.7,52,56,47.8,28.2
2023-03-21,45.1,43.4,Neutral,42.5,32.2,52.1,56.7,49.8,29.9
2023-03-22,43.4,42.3,Neutral,41.2,31.1,51.8,56,47,29.1
2023-03-23,47,44.7,Neutral,42.9,32.7,51.6,59.7,58.8,29.4
2023-03-24,46.4,44.2,Neutral,41.4,31.5,51.9,60.3,60.5,29.7
2023-03-25,46.1,44,Neutral,41.5,31.5,52.2,60.3,57.8,29.7
2023-03-26,46,44,Neutral,42.7,32.4,52.2,60.3,51,29.7
2023-03-27,44.4,42.9,Neutral,41.1,31.1,52.3,57.9,50.4,30.5
2023-03-28,45,43.3,Neutral,41.5,31.4,52,58.4,52.6,30.7
2023-03-29,46,44,Neutral,43.3,33.1,52,59.6,47.9,31.5
2023-03-30,46.4,44.3,Neutral,43,32.8,52.2,59,52.1,31.7
2023-03-31,47.9,45.3,Neutral,43.6,33.5,52.5,60.6,56.3,32.2
2023-04-01,46.2,44.1,Neutral,43.5,33.6,52.1,55.8,50.3,32.2
2023-04-02,45.8,43.8,Neutral,43.1,33.2,52.4,55.8,49.5,32.2
2023-04-03,45.8,43.8,Neutral,42.6,33,52.4,54.3,53.1,32.3
2023-04-04,43.5,42.3,Neutral,42.2,32.7,52.5,46.5,47.7,32
2023-04-05,45.3,43.5,Neutral,42.5,33,52.5,46,58.4,31.8
2023-04-06,43.4,42.3,Neutral,42.5,33.2,52.6,46.2,44.7,32.3
2023-04-07,44.9,43.2,Neutral,42.9,33.3,52.7,46.1,52.6,32.2
2023-04-08,43.9,42.6,Neutral,42.9,33.5,52.6,46.1,46,32.2
2023-04-09,44.8,43.2,Neutral,44,34.3,52.6,46.1,47.2,32.2
2023-04-10,46.9,44.6,Neutral,45.4,36.5,52.8,48,48.9,31.7
2023-04-11,46.9,44.6,Neutral,45.7,37.5,53.2,49.6,43.5,31.6
2023-04-12,47.7,45.1,Neutral,45,37.1,53.1,49.1,52.3,31.7
2023-04-13,48.3,45.5,Neutral,44.9,37.6,52.8,49.3,55.3,33.2
2023-04-14,47,44.7,Neutral,44.2,37.2,53.4,49.5,48,33.4
2023-04-15,46.7,44.4,Neutral,44,37,53.5,49.5,46.6,33.4
2023-04-16,47.4,45,Neutral,43.8,37.1,53.6,49.4,52.2,33.4
2023-04-17,45.3,43.5,Neutral,43.1,36.4,53.7,48.8,42.2,33.4
2023-04-18,48.1,45.4,Neutral,44.9,37.9,53,48.7,52.9,33.6
2023-04-19,45.9,43.9,Neutral,42,35.2,53.5,47.2,54.1,33.8
2023-04-20,42.5,41.7,Neutral,40.1,34.3,52.5,45.8,43.7,33.1
2023-04-21,40,40,Neutral,36.9,32,52.3,45.5,42.4,33.4
2023-04-22,41.8,41.2,Neutral,38.2,33.2,52.7,45.5,46.6,33.4
2023-04-23,41.5,41,Neutral,37.6,32.8,53.2,45.5,46.4,33.4
2023-04-24,41.7,41.1,Neutral,38.1,33.1,52.9,44.4,47.2,33.3
2023-04-25,43.4,42.2,Neutral,40.5,34.7,53,44.7,47.7,31.6
2023-04-26,43.5,42.3,Neutral,41.6,35.7,53.4,44.5,42.3,31.8
2023-04-27,46,44,Neutral,43.8,37.6,53.7,44.6,45.6,33.4
2023-04-28,46,44,Neutral,43.3,37.3,54.2,44.6,46.3,34.8
2023-04-29,46.5,44.3,Neutral,42.6,37.3,54.2,44.5,51.6,34.8
2023-04-30,46.1,44.1,Neutral,43.2,37.3,54,44.5,48.1,34.8
2023-05-01,43.9,42.6,Neutral,41,35.3,51.6,43.7,50.9,34.6
2023-05-02,45.6,43.7,Neutral,41.6,36.5,50.9,44.1,58.7,32.8
2023-05-03,44.1,42.7,Neutral,42.2,36.8,51.8,43.4,45.3,32.5
2023-05-04,43.7,42.5,Neutral,42,36.7,51.8,43.5,43.7,31.5
2023-05-05,45.3,43.5,Neutral,43.5,37.5,51.6,45.4,45.5,33.9
2023-05-06,43.6,42.4,Neutral,42,36.3,51.6,45.4,41.8,33.9
2023-05-07,43.7,42.5,Neutral,41,35.5,52,45.4,46.7,33.9
2023-05-08,40.5,40.3,Neutral,37.1,33.3,51.7,45.2,42.8,34.1
2023-05-09,40.1,40.1,Neutral,37,33.1,50.9,45.9,42.8,33.2
2023-05-10,41.5,41,Neutral,37.9,33.1,51.1,46.7,47.2,34.2
2023-05-11,40.8,40.5,Neutral,37.1,31.6,51.1,45.7,50.2,34
2023-05-12,40,40,Neutral,37.2,32,50.9,44.5,45.2,33.6
2023-05-13,39.6,39.6,Neutral,37.2,31.9,50.8,44.5,41.5,33.6
2023-05-14,39.8,39.8,Neutral,37.4,32.4,50.9,44.5,42.2,33.6
2023-05-15,42.1,41.4,Neutral,38.1,33.3,51.1,45.7,51.2,33.9
2023-05-16,39.8,39.8,Neutral,35.8,32.6,51.7,44.7,44,33.1
2023-05-17,41.2,40.8,Neutral,37.8,33.8,51.3,45.9,44,34.1
2023-05-18,40.8,40.5,Neutral,35.2,32.5,51.5,45.7,51.9,35.2
2023-05-19,40.2,40.1,Neutral,35.6,32.9,51.2,44.6,48.3,34.4
2023-05-20,41,40.7,Neutral,36.5,33.5,51.2,44.6,49.5,34.4
2023-05-21,39.7,39.7,Neutral,35.3,32.6,51.8,44.6,44.1,34.4
2023-05-22,40.5,40.4,Neutral,35.5,32.5,51.5,46.1,49.9,34
2023-05-23,41.1,40.7,Neutral,36.9,33.6,51.7,45.6,47.1,32.8
2023-05-24,39.9,39.9,Neutral,35.1,31.6,51.7,45,51,31.6
2023-05-25,40.5,40.3,Neutral,36.5,32.7,52,44.4,47.1,32.5
2023-05-26,42.2,41.4,Neutral,38.1,34,51.7,44.5,50.3,33.7
2023-05-27,42.4,41.6,Neutral,38.4,34.3,51.7,44.5,50.2,33.7
2023-05-28,44.7,43.1,Neutral,41.6,37,52,44.5,48.8,33.7
2023-05-29,44.9,43.2,Neutral,40.9,35.9,52.3,44.5,53.9,34
2023-05-30,44.8,43.2,Neutral,40.1,35.8,52.3,46.2,54.7,33.8
2023-05-31,43.4,42.3,Neutral,38.7,34.8,52.4,46.7,51.7,33.2
2023-06-01,44.1,42.8,Neutral,38.8,33.8,56.2,48.8,47.3,35.8
2023-06-02,44.4,42.9,Neutral,39.2,34.3,56.1,49.2,46.4,37.1
2023-06-03,45.4,43.6,Neutral,38.7,33.7,56.6,49.2,55.1,37.1
2023-06-04,43.9,42.6,Neutral,38.9,33.8,56.6,49.2,44.1,37.1
2023-06-05,41.4,40.9,Neutral,35.5,30.2,56.8,46.5,49,37
2023-06-06,43.6,42.4,Neutral,38.8,33.6,55.9,45.1,48,37.9
2023-06-07,42.8,41.9,Neutral,37,30.7,57.1,45.1,52.4,38
2023-06-08,42.2,41.5,Neutral,37.5,31.3,56.7,45.6,45.6,38.5
2023-06-09,42.6,41.7,Neutral,36.8,30.7,56.8,44.9,52.4,38.2
2023-06-10,41.6,41.1,Neutral,34.8,29.3,56.8,44.9,55.9,38.2
2023-06-11,40.3,40.2,Neutral,33.7,29.4,56.7,44.9,50,38.2
2023-06-12,40.3,40.2,Neutral,33.1,29,56.8,44.3,54.1,37
2023-06-13,40.3,40.2,Neutral,33.4,29,56.8,44.8,51.6,38
2023-06-14,38.8,38.8,Neutral,31.3,27.4,57,45.3,46.5,39
2023-06-15,37.8,37.8,Neutral,30.1,27.9,56.4,45.3,40.5,38.6
2023-06-16,39.4,39.4,Neutral,30.8,28.8,57.3,45.9,49,39.8
2023-06-17,39.5,39.5,Neutral,30.5,29.1,57.3,45.9,49.7,39.8
2023-06-18,38.9,38.9,Neutral,30.4,28.6,57.6,45.9,45.2,39.8
2023-06-19,39.6,39.6,Neutral,31,29.8,57.5,45.9,48.1,38.7
2023-06-20,42.8,41.9,Neutral,35.5,33.4,57.9,46.5,47.1,39.2
2023-06-21,47.4,44.9,Neutral,40.4,38,59.2,47.1,47.3,40.3
2023-06-22,46.8,44.5,Neutral,40.2,37.7,59.7,46.9,43.6,41
2023-06-23,49.7,46.5,Neutral,43.4,39.4,59.9,48.3,48.3,39.7
2023-06-24,48.4,45.6,Neutral,42.2,39.1,59.7,48.3,44.1,39.7
2023-06-25,49.3,46.2,Neutral,42.3,39,60,48.3,49.8,39.7
2023-06-26,49.8,46.5,Neutral,42.6,39.3,59.3,48.2,53.2,38.3
2023-06-27,52.2,48.1,Caution,43.8,40.2,59.7,60,50,39.6
2023-06-28,49.8,46.5,Neutral,41.3,39,60.1,60.2,43.1,39.9
2023-06-29,50.6,47,Caution,43.8,40.4,59.4,60.7,38.7,39.7
2023-06-30,51.3,47.5,Caution,43.3,40.2,59.8,60.6,44.5,39.9
2023-07-01,52.6,48.4,Caution,44,40.5,58.4,66.1,48.1,39.9
2023-07-02,51.5,47.7,Caution,44.1,40.5,58.9,66.1,39.7,39.9
2023-07-03,53.9,49.3,Caution,44.4,41.1,58.8,67.2,51.8,40.1
2023-07-04,51.2,47.4,Caution,42.7,40.1,59.1,67.2,40.7,39.9
2023-07-05,50.7,47.1,Caution,41.8,39.3,58.9,67.1,43.2,39.1
2023-07-06,49.3,46.2,Neutral,39.8,38.5,58.6,67,43.5,37.4
2023-07-07,50.2,46.8,Caution,41.9,39.5,58.6,67.1,40.1,38.2
2023-07-08,51.5,47.6,Caution,41.4,39.4,59,67.1,49.5,38.2
2023-07-09,50.5,47,Caution,40,39.1,58.8,67.1,48.5,38.2
2023-07-10,50,46.7,Caution,39.1,39,59,67.4,47.3,38.1
2023-07-11,50.3,46.9,Caution,40.6,39.4,59.3,67.7,42.8,38.5
2023-07-12,50.1,46.7,Caution,38.6,38.7,59.9,67.6,47,40.8
2023-07-13,52,48,Caution,42.3,40.1,59.5,68.2,45.4,41
2023-07-14,47.1,44.7,Neutral,36,36.6,59.7,68.2,39.4,41.6
2023-07-15,47.8,45.2,Neutral,35.9,36.6,59.5,68.1,45.1,41.6
2023-07-16,47.3,44.9,Neutral,36.1,36.4,59.7,68.1,41.3,41.6
2023-07-17,48.3,45.5,Neutral,35.8,36.6,59.4,68,48.7,41.4
2023-07-18,47.5,45,Neutral,36.5,36.1,59.8,67.9,41.8,41.7
2023-07-19,48.8,45.9,Neutral,37,36.2,59,68.1,50.8,40.6
2023-07-20,49,46,Neutral,38,36.3,60,67.7,47.7,40
2023-07-21,47.8,45.2,Neutral,38,36.4,59.2,67.7,40.4,40.6
2023-07-22,47.9,45.2,Neutral,37.5,36,59.6,67.6,42.9,40.6
2023-07-23,49.1,46.1,Neutral,38.4,36.8,60,67.6,46,40.6
2023-07-24,47.6,45.1,Neutral,36,34.7,60.2,67.5,47.7,40.3
2023-07-25,47.4,44.9,Neutral,35.6,34.7,59.5,67.5,49,40.3
2023-07-26,44.9,43.2,Neutral,34.3,34.3,59.8,67.6,35.7,41.5
2023-07-27,45.1,43.4,Neutral,34.4,34.2,59.9,67.3,38.5,39.7
2023-07-28,45.5,43.6,Neutral,35.2,35,60.1,67.4,34.6,41.6
2023-07-29,45.8,43.8,Neutral,35.3,35.1,60.2,67.4,36.1,41.6
2023-07-30,45.5,43.7,Neutral,36.1,34.7,60.3,67.3,33.1,41.6
2023-07-31,46.9,44.6,Neutral,35.9,35.2,60.1,67.5,42.5,40.8
2023-08-01,45.4,43.6,Neutral,36.9,35.8,58.6,62.1,36.8,40
2023-08-02,44.6,43,Neutral,36.4,35.4,58.7,61.7,35,37.1
2023-08-03,46.3,44.2,Neutral,37.1,36.4,58.6,61.6,42.2,37.3
2023-08-04,45.8,43.9,Neutral,37.2,35.8,59,61.3,40,36.2
2023-08-05,44.6,43,Neutral,37.5,35.6,58.5,61.3,32.8,36.2
2023-08-06,45.8,43.9,Neutral,38.1,35.5,58.4,61.2,39.6,36.2
2023-08-07,46.9,44.6,Neutral,38.4,35.7,58.5,61.2,44.6,37.8
2023-08-08,47.7,45.2,Neutral,40.1,37.4,59.3,61.4,39.3,37.1
2023-08-09,46.8,44.5,Neutral,40.3,37.3,58.8,61.1,34.3,36.9
2023-08-10,48,45.3,Neutral,39.5,36.8,59.3,61,44.4,37.5
2023-08-11,47,44.6,Neutral,39.9,36.9,59.1,60.9,36.2,38.1
2023-08-12,48,45.3,Neutral,39.8,36.8,59.6,60.9,42.8,38.1
2023-08-13,47.8,45.2,Neutral,38.9,36.3,59.7,60.9,45.3,38.1
2023-08-14,47.2,44.8,Neutral,40,36.9,59.1,60.8,37.2,38.2
2023-08-15,47.8,45.2,Neutral,38.6,36.1,59.7,60.6,48.1,36.3
2023-08-16,47,44.7,Neutral,38.1,34.8,59.6,60.5,47.9,35.9
2023-08-17,42.2,41.5,Neutral,32.5,30.6,59.3,60.2,44.4,34.9
2023-08-18,39.9,39.9,Neutral,30.4,29.3,57.6,59.4,42.4,35.3
2023-08-19,39.4,39.4,Neutral,30.8,29.3,58,59.4,35.3,35.3
2023-08-20,39.4,39.4,Neutral,31.1,29.5,57.7,59.3,34.7,35.3
2023-08-21,40.2,40.1,Neutral,30.3,29.2,57.9,60,43.5,35.7
2023-08-22,41.4,40.9,Neutral,30.9,29,57.9,59.7,50.7,35.8
2023-08-23,41.2,40.8,Neutral,31.6,29.7,57.9,60.2,44.7,36.7
2023-08-24,40,40,Neutral,29.5,28.7,58.7,59.4,45.5,34.9
2023-08-25,40.3,40.2,Neutral,29.8,28.9,58.4,59.6,45.4,36.6
2023-08-26,39.5,39.5,Neutral,28.6,28.8,58.3,59.6,42.3,36.6
2023-08-27,39.6,39.6,Neutral,29.2,29,58.3,59.5,41.2,36.6
2023-08-28,39.4,39.4,Neutral,29.3,28.9,58.6,59.4,38.6,37.4
2023-08-29,43.2,42.1,Neutral,34.3,32,58.7,61,40.4,38.6
2023-08-30,44.4,43,Neutral,33.1,30.8,60.1,60.8,52.7,39.4
2023-08-31,39.8,39.8,Neutral,28.5,27.9,60.6,60.4,41.1,40
2023-09-01,40.6,40.4,Neutral,28.2,27.5,57.8,66.9,47.5,41.2
2023-09-02,41,40.7,Neutral,28.4,27.6,57.6,66.8,49.9,41.2
2023-09-03,41.9,41.3,Neutral,30.1,27.8,57.9,66.8,50.1,41.2
2023-09-04,41.4,40.9,Neutral,28.5,27.7,58,66.8,51.9,39.9
2023-09-05,41.3,40.9,Neutral,29.4,27.4,58,66.7,49.5,39.6
2023-09-06,39.7,39.7,Neutral,30,28.1,58.5,66.8,32.9,38.8
2023-09-07,41.2,40.8,Neutral,32.1,29,58.4,67.4,35.5,38.8
2023-09-08,41.4,40.9,Neutral,31.3,28.3,59.1,67.4,39.2,39.5
2023-09-09,40.9,40.6,Neutral,31.2,28.2,58.5,67.3,37.9,39.5
2023-09-10,41.9,41.3,Neutral,31,28,58.3,67.3,46.1,39.5
2023-09-11,39.9,39.9,Neutral,29.1,26.4,58.4,66.9,42.1,40
2023-09-12,41.4,40.9,Neutral,31,27.4,57.2,67.1,47,39.2
2023-09-13,41.8,41.2,Neutral,32.2,28.3,58.7,66.8,40.3,40.6
2023-09-14,43.3,42.2,Neutral,33.3,29,59.4,67.2,42.8,42
2023-09-15,44.1,42.7,Neutral,33.3,29,59.4,67.1,48.9,39.7
2023-09-16,44,42.6,Neutral,33.3,28.9,59.2,67.1,48.9,39.7
2023-09-17,42.5,41.7,Neutral,32.8,28.7,59.6,67,40.4,39.7
2023-09-18,42.1,41.4,Neutral,31.9,29.1,59.6,66.9,39.8,39.1
2023-09-19,43.7,42.5,Neutral,31.4,30,59.7,66.4,50.4,38.9
2023-09-20,42.6,41.7,Neutral,30.9,29.5,59.8,66,46.5,37
2023-09-21,41.6,41.1,Neutral,29.2,28.6,59.9,65.4,49,34.8
2023-09-22,41.4,40.9,Neutral,29.7,28.8,59.5,64.6,46.8,34.9
2023-09-23,41.2,40.8,Neutral,29.8,28.7,60,64.5,45,34.9
2023-09-24,41.1,40.7,Neutral,28.1,27.8,59.7,64.1,52.2,34.9
2023-09-25,40.2,40.1,Neutral,27.4,27.5,60.1,64.4,48.1,35.4
2023-09-26,39.9,39.9,Neutral,27.7,27.4,60.1,63.8,46.3,34
2023-09-27,40.4,40.3,Neutral,28.5,28.1,59.9,64.1,45.4,34.7
2023-09-28,43.7,42.5,Neutral,31.4,29.9,60.2,65.3,52.6,35.7
2023-09-29,42,41.3,Neutral,29.9,29,60.4,65.2,47.5,35.9
2023-09-30,41.9,41.3,Neutral,30,29.1,60.3,65.1,46.6,35.9
2023-10-01,43.2,42.1,Neutral,32.4,31.1,63.2,56.8,45.1,36
2023-10-02,42.6,41.7,Neutral,31.4,30,63.5,57,46.2,36.1
2023-10-03,42.9,41.9,Neutral,32,30.5,63.6,55.8,46.7,34.5
2023-10-04,45,43.3,Neutral,34.5,31.6,63.5,56,49.8,35.6
2023-10-05,42.1,41.4,Neutral,32.3,30.7,63.5,56.5,39,35.6
2023-10-06,43.7,42.5,Neutral,33.2,31.3,63.8,57.6,43.3,36.5
2023-10-07,44.8,43.2,Neutral,33.5,31.3,63.7,57.5,49.8,36.5
2023-10-08,44.6,43.1,Neutral,33.2,31.2,64,57.5,49.4,36.5
2023-10-09,42.8,41.8,Neutral,32,30.5,64,57.6,42.5,36.3
2023-10-10,42.5,41.7,Neutral,31.2,29.5,64.1,57.7,45.1,37
2023-10-11,41.3,40.8,Neutral,29.2,28.1,63.7,57.1,47.1,37.8
2023-10-12,41.3,40.8,Neutral,29.8,27.9,63.6,56.6,47,37.1
2023-10-13,42.5,41.7,Neutral,31.7,29.1,63.6,55.7,49.2,33.9
2023-10-14,40.7,40.4,Neutral,31.6,29,63.9,55.7,36.7,33.9
2023-10-15,41.4,40.9,Neutral,32.3,29.7,63.8,55.7,37.8,33.9
2023-10-16,48.3,45.5,Neutral,38.2,32.5,64,56.6,56.7,36
2023-10-17,46.6,44.4,Neutral,36.9,32.1,64.9,57.1,48.7,35.5
2023-10-18,47,44.7,Neutral,36.2,31.6,64.6,56.1,57.1,33.6
2023-10-19,48,45.3,Neutral,39,32.7,65,56,52.8,32.1
2023-10-20,51,47.3,Caution,43.6,35.1,65.2,56.7,51.9,31.6
2023-10-21,50.8,47.2,Caution,43.6,35.6,66.3,56.7,46.7,31.6
2023-10-22,51.5,47.7,Caution,44.1,35.8,65.3,56.7,51.7,31.6
2023-10-23,56.2,50.8,Caution,46.8,42.4,65.4,57.4,57.3,32.5
2023-10-24,58.4,52.3,Caution,47.5,43.4,66.8,58.7,62.5,33.3
2023-10-25,57.1,51.4,Caution,47.9,44.2,67.2,57.9,51.6,32.1
2023-10-26,57.5,51.6,Caution,47.8,44.1,67,57,56.1,31.5
2023-10-27,56.5,51,Caution,46.1,43.3,66.8,55.8,58.4,31.1
2023-10-28,56.8,51.2,Caution,46.6,43.6,66.5,55.8,58.8,31.1
2023-10-29,57.6,51.7,Caution,47.8,44.3,66.8,55.7,58.3,31.1
2023-10-30,55.8,50.5,Caution,47.1,44.1,66.4,56.6,48.1,32.4
2023-10-31,57,51.3,Caution,46.8,44.1,66.2,57.6,56.1,33.4
2023-11-01,60.2,53.5,Caution,48.3,45.5,67.8,66,57.1,34.9
2023-11-02,59,52.7,Caution,46.2,44,68.1,67.4,56.1,36.7
2023-11-03,58,52,Caution,45.4,43.6,67.5,67.5,53,38.2
2023-11-04,59,52.7,Caution,47.2,44.2,67.6,67.4,53.2,38.2
2023-11-05,59.9,53.3,Caution,46.7,44,67.6,67.4,61.2,38.2
2023-11-06,58.6,52.4,Caution,44.2,43.2,67.9,67.5,60.8,38.4
2023-11-07,57.9,51.9,Caution,46.3,44,67.3,67.8,48.7,38.7
2023-11-08,59.2,52.8,Caution,47.3,45,67.1,67.7,52.2,39.2
2023-11-09,61.4,54.3,Caution,48.8,46.6,67.2,68.1,58.8,37.7
2023-11-10,61.9,54.6,Caution,49.5,47.8,67.1,68.1,55.6,40.1
2023-11-11,62.2,54.8,Caution,49,47.5,67,68.1,59.9,40.1
2023-11-12,62.5,55,Caution,48.4,47.5,67.2,68.1,63.5,40.1
2023-11-13,61.6,54.4,Caution,47.7,46.6,67,68,62.8,39.1
2023-11-14,58.7,52.4,Caution,46.5,45.2,66.7,67.8,50.5,40.7
2023-11-15,61.7,54.5,Caution,49.4,47.5,65.9,68.3,57.1,40.8
2023-11-16,60.7,53.8,Caution,47.6,44.9,66.5,68.1,61.9,40.3
2023-11-17,61.1,54.1,Caution,48.3,45.9,66,68.2,60.5,41
2023-11-18,61.4,54.2,Caution,48.1,45.8,66.3,68.1,62.4,41
2023-11-19,62.2,54.8,Caution,49.3,47,66.1,68.1,61.5,41
2023-11-20,62.7,55.1,Caution,49,46.7,66.1,68.6,65.1,42.3
2023-11-21,59.5,53,Caution,45.5,43.4,66.2,68.4,63.1,42.1
2023-11-22,61,54,Caution,48.3,46.2,65.4,68.6,58.9,43
2023-11-23,60.5,53.7,Caution,48.1,46.1,65.7,68.5,56.1,43.1
2023-11-24,61.3,54.2,Caution,49,46.6,65.5,68.7,56.7,43.8
2023-11-25,62.3,54.8,Caution,49,46.6,66,68.7,62.3,43.8
2023-11-26,61.4,54.3,Caution,47.9,46,65.9,68.7,61.8,43.8
2023-11-27,60,53.3,Caution,46.3,45.4,65.2,68.5,59.9,43.3
2023-11-28,60,53.3,Caution,47.5,46,65.2,68.7,54.6,43.7
2023-11-29,60.9,53.9,Caution,47.5,45.6,65.5,71.9,58.2,43.1
2023-11-30,60.4,53.6,Caution,47.7,45.7,65.6,71.7,54.1,43
2023-12-01,65.9,56.4,Caution,51,47.2,68.1,78.8,55.7,44
2023-12-02,69.6,57.8,Caution,51.9,48.2,68.4,78.8,64.5,44
2023-12-03,67.4,56.9,Caution,52.2,48.8,68.2,78.7,54,44
2023-12-04,72.2,58.9,Distribution,53.1,50.4,68.2,79,67,42.8
2023-12-05,74.5,59.8,Distribution,54.4,53.1,68.2,79,65.4,43
2023-12-06,72.8,59.1,Distribution,54.3,53.2,67.8,78.9,59.7,42.3
2023-12-07,70.9,58.4,Distribution,53.2,52.6,67.7,78.9,56.8,42.6
2023-12-08,71.7,58.7,Distribution,54.5,53.3,67.7,79.2,53.7,43.8
2023-12-09,71,58.4,Distribution,53,52.7,67.7,79.1,56.6,43.8
2023-12-10,71.6,58.6,Distribution,53.3,52.8,67.8,79.1,57.8,43.8
2023-12-11,66.3,56.5,Caution,51,50,67.8,78.7,50.9,43.5
2023-12-12,68.1,57.2,Caution,51.2,50.4,67.3,78.7,57.1,44.5
2023-12-13,68.8,57.5,Caution,51.9,52.1,67.1,79.1,53.5,44.6
2023-12-14,68.7,57.5,Caution,51.5,51.5,67.6,79.1,55.1,44.5
2023-12-15,66.5,56.6,Caution,50,49.8,67.4,78.9,55.4,44.6
2023-12-16,67.7,57.1,Caution,50.6,50.1,67.2,78.9,58.3,44.6
2023-12-17,65.7,56.3,Caution,49.4,49.1,67.6,78.8,55.7,44.6
2023-12-18,67.2,56.9,Caution,50.7,50.6,66.8,79,55.4,44.2
2023-12-19,68.2,57.3,Caution,50.2,50,67.4,79.2,61,44.4
2023-12-20,69.6,57.8,Caution,51.6,51.3,67.4,79.2,60.2,42.2
2023-12-21,68.1,57.2,Caution,51.7,51.7,66.8,79.4,53.7,42.6
2023-12-22,68.2,57.3,Caution,51.4,51.4,67.1,79.7,54.2,44
2023-12-23,70.8,58.3,Distribution,50.8,51,66.6,79.7,68.6,44
2023-12-24,69.8,57.9,Caution,50.2,50.1,66.6,79.6,68.6,44
2023-12-25,70.6,58.2,Distribution,50.6,50.6,66.7,79.6,68.9,44
2023-12-26,65.6,56.3,Caution,48.7,49.3,66.3,79.4,59,44.3
2023-12-27,67.6,57.1,Caution,49.9,50.3,66.5,80.3,59,45.3
2023-12-28,64.7,55.9,Caution,48.2,49,66.4,80.4,56,45.2
2023-12-29,63.1,55.2,Caution,47.7,48.5,65.6,79.6,54.4,45.5
2023-12-30,65.3,56.1,Caution,47.4,48.6,65.7,79.6,64,45.5
2023-12-31,64.8,55.9,Caution,47.7,48.7,65.5,79.6,60.9,45.5
2024-01-01,71.2,58.5,Distribution,51,51.1,68.1,79.6,65.4,45.7
2024-01-02,72.2,58.9,Distribution,51.7,52.2,68.4,79.4,65.2,43.8
2024-01-03,65.9,56.3,Caution,49.1,49.7,68.2,79,55.7,41.8
2024-01-04,71.2,58.5,Distribution,51.4,51.7,68,79.2,65.2,41.6
2024-01-05,72.4,59,Distribution,51.5,52,68.2,79,68.2,43.3
2024-01-06,67.6,57,Caution,51.2,51.6,67.9,78.9,51.3,43.3
2024-01-07,67.7,57.1,Caution,50.9,51.5,67.9,78.9,52.8,43.3
2024-01-08,72.3,58.9,Distribution,55.3,55,67.8,78.6,49.4,44.3
2024-01-09,71.4,58.6,Distribution,54.6,54.1,68.3,78.2,49.7,44.6
2024-01-10,74.2,59.7,Distribution,55.1,54.9,67.8,78,58.4,44.8
2024-01-11,68.8,57.5,Caution,54.2,54.4,68.9,64.6,51.4,45.4
2024-01-12,66.3,56.5,Caution,48.8,49.8,69,72.4,61.6,45
2024-01-13,65.6,56.2,Caution,48.7,49.8,69.2,69.6,61.3,45
2024-01-14,62.1,54.8,Caution,46.1,48.4,69.5,68.1,58.8,45
2024-01-15,61.3,54.2,Caution,47.5,49.4,69.1,67.3,48.6,44.1
2024-01-16,63,55.2,Caution,49.4,50.6,70.9,66.8,47.5,42.5
2024-01-17,65.7,56.3,Caution,49.1,50.5,71.1,78.5,48.2,40.9
2024-01-18,62.3,54.9,Caution,46,48.9,71.9,76.3,47.4,41.9
2024-01-19,63.2,55.3,Caution,46.2,49.1,71.1,76.7,50.6,43.5
2024-01-20,61.9,54.6,Caution,46.2,49.2,71.7,75.4,43.9,43.5
2024-01-21,61.1,54.1,Caution,44,48.9,72.8,74.3,44.7,43.5
2024-01-22,58.2,52.1,Caution,41.2,45.7,73.1,72,43.4,43.7
2024-01-23,59.1,52.7,Caution,41.4,46.4,72.7,71,48.3,44.8
2024-01-24,58.1,52.1,Caution,41.5,46.6,72.8,65.7,46.8,44.1
2024-01-25,56.5,51,Caution,41.6,46.3,73.8,55.2,45.2,43.3
2024-01-26,61.5,54.3,Caution,44.2,49.1,73.7,63.6,55.2,43.8
2024-01-27,60.5,53.7,Caution,44.5,49.5,75,61.1,46.1,43.8
2024-01-28,61.2,54.1,Caution,44.3,49.3,75.2,59.8,53.1,43.8
2024-01-29,66.7,56.7,Caution,47.3,51.2,75.6,75.4,49.2,42.8
2024-01-30,66.5,56.6,Caution,45.6,50.2,76.3,80.4,48.8,43.4
2024-01-31,62,54.7,Caution,45,49.9,76.5,70.5,43.1,41.7
2024-02-01,64.4,55.8,Caution,47.3,50.8,78.6,68.1,42.2,42.5
2024-02-02,68,57.2,Caution,47.1,50.8,78.7,68.3,56.8,42.2
2024-02-03,69.6,57.8,Caution,46.2,50.5,78.5,66.6,68.7,42.2
2024-02-04,65.6,56.2,Caution,45.3,49.9,78.6,65.3,58.2,42.2
2024-02-05,67.8,57.1,Caution,46.5,50.6,78.7,68.3,58.2,42.6
2024-02-06,70.1,58,Distribution,48.2,51.5,79.2,68.4,58.1,43.8
2024-02-07,73.2,59.3,Distribution,49,53,79,68.6,64.6,44.3
2024-02-08,74.1,59.7,Distribution,49.8,54.2,79.5,69.4,61,44.3
2024-02-09,76.3,60.5,Distribution,52.4,56.4,80,70,55,44
2024-02-10,78.5,61.4,Distribution,52.8,57,80.4,68.2,62.2,44
2024-02-11,77.6,61.1,Distribution,53.5,57.4,80.1,67.2,57,44
2024-02-12,79.5,61.8,Distribution,54.9,58.5,80.1,69.9,56,42.3
2024-02-13,81.4,62.5,Distribution,53.6,58.3,81.1,70.2,66.7,39.9
2024-02-14,82.3,62.9,Distribution,56.5,60.4,80.8,71.1,55.2,41.7
2024-02-15,81.5,62.6,Distribution,55.5,60.2,80.6,71,55.6,42.2
2024-02-16,83.1,63.2,Distribution,55.6,60.2,80.7,70.8,62.3,41.7
2024-02-17,80.7,62.3,Distribution,54.3,59.8,81.3,71,55.8,41.7
2024-02-18,82,62.8,Distribution,54.6,60.2,80.8,69.7,61.6,41.7
2024-02-19,79.9,62,Distribution,55,59.8,81.3,69,53,41.1
2024-02-20,81.8,62.7,Distribution,55.5,60.2,80.9,71.1,57,40.3
2024-02-21,80.7,62.3,Distribution,53.6,59.6,81.7,70.6,58.8,40.4
2024-02-22,79.7,61.9,Distribution,53,59.1,81.4,71.1,57.8,41.3
2024-02-23,78.9,61.6,Distribution,52.4,58.7,81.7,70.9,56.3,42.2
2024-02-24,81.3,62.5,Distribution,53.2,59.2,81.3,70.7,63.4,42.2
2024-02-25,78.9,61.6,Distribution,53.4,59.3,81.6,66.4,56.2,42.2
2024-02-26,85.4,64.5,Cycle Top,57.2,61.6,81.4,68.6,67.1,42.2
2024-02-27,85.6,64.8,Cycle Top,58.9,63.3,82.3,68.8,58,42.9
2024-02-28,90,71.1,Cycle Top,77.4,66,82.4,68.8,58.5,42.1
2024-02-29,91,72.4,Cycle Top,76.2,65.6,82.5,80.6,64.7,42.8
2024-03-01,90.6,71.8,Cycle Top,77.1,66.3,85.9,78.3,49.4,43.8
2024-03-02,90.5,71.7,Cycle Top,75.7,66.1,85.9,77.4,53.8,43.8
2024-03-03,90.3,71.4,Cycle Top,76.6,66.8,86,76.5,46.6,43.8
2024-03-04,91.6,73.2,Cycle Top,76.8,69.2,86,78.9,56.5,42.9
2024-03-05,90.1,71.1,Cycle Top,74.2,67.4,86.2,78.5,48.6,41.2
2024-03-06,91.3,72.8,Cycle Top,75.4,68.4,85.5,79.2,60.1,41.4
2024-03-07,90.6,71.9,Cycle Top,75.3,68.5,85.9,79.1,49.8,41.7
2024-03-08,91.5,73.1,Cycle Top,75.8,68.8,85.8,79.5,60.1,41.5
2024-03-09,90.9,72.3,Cycle Top,75.8,68.9,85.8,78.5,52.1,41.5
2024-03-10,91.5,73,Cycle Top,76.7,69.1,85.6,80,55.6,41.5
2024-03-11,91.4,73,Cycle Top,77.8,70.5,85.6,80.7,48.4,40.8
2024-03-12,92,73.8,Cycle Top,76.7,70.3,85.5,81.3,58.3,42.6
2024-03-13,91.6,73.2,Cycle Top,77.8,71.2,85.4,80.9,47.6,42.9
2024-03-14,91.9,73.6,Cycle Top,76,70.1,85.2,79.4,62.1,41.8
2024-03-15,91.1,72.6,Cycle Top,75.2,69.4,84.6,79.3,57.6,41.6
2024-03-16,89.7,70.6,Cycle Top,72.2,67.4,83.9,78.3,54.2,41.6
2024-03-17,90.4,71.6,Cycle Top,73.9,68.9,83.1,77,58.3,41.6
2024-03-18,90.2,71.3,Cycle Top,73.1,68.7,82.3,76.1,60.3,41.7
2024-03-19,88.6,69,Cycle Top,68.9,65.8,81.8,74.5,59.6,42.4
2024-03-20,90.4,71.6,Cycle Top,73.7,68.9,80.7,75.2,63.8,44.1
2024-03-21,89.3,70,Cycle Top,71.1,67.4,80.6,74.6,60.5,44.3
2024-03-22,88.1,68.4,Cycle Top,69.9,66.6,79.7,73.7,52.9,43.8
2024-03-23,88.2,68.4,Cycle Top,70.3,66.6,78.8,72.8,54.4,43.8
2024-03-24,89.3,70,Cycle Top,72.3,68.2,78.3,72,62,43.8
2024-03-25,90.6,71.8,Cycle Top,75.4,69.8,77.8,73.1,66.7,43.9
2024-03-26,89.7,70.5,Cycle Top,74.9,69.6,77.7,74.4,54.8,43.6
2024-03-27,89.5,70.2,Cycle Top,74.7,69.3,77.2,73.1,55.4,44.5
2024-03-28,89.3,70.1,Cycle Top,76.3,70.1,76.5,73,48.6,43.7
2024-03-29,89.6,70.5,Cycle Top,75,69.5,76,78,54.3,43.8
2024-03-30,89.1,69.7,Cycle Top,74.4,69.4,75.2,77.5,50.6,43.8
2024-03-31,89.9,70.9,Cycle Top,76.4,70.2,74.8,77.4,55.2,43.8
2024-04-01,87.9,68,Cycle Top,73.3,69.2,71.7,74.3,48.2,42.5
2024-04-02,87,66.8,Cycle Top,70.3,67.2,71.3,74.1,51.6,41.3
2024-04-03,86.8,66.5,Cycle Top,70,67.3,69.8,74.5,51.6,41.9
2024-04-04,86.9,66.6,Cycle Top,72,68.3,68.9,73.1,48.9,39.7
2024-04-05,86.3,65.9,Cycle Top,70.7,67.8,69.1,72.2,47,40
2024-04-06,86.8,66.5,Cycle Top,72.1,68.3,67.8,71.6,50.2,40
2024-04-07,86.8,66.5,Cycle Top,71.6,68.4,67.2,71.1,53.9,40
2024-04-08,88.1,68.3,Cycle Top,75.1,69.7,66,71.6,59.8,40.9
2024-04-09,86.5,66.1,Cycle Top,71,68,65.4,70.4,56.7,41.1
2024-04-10,86.9,66.6,Cycle Top,72.2,68.7,64.2,70.6,58.8,39.4
2024-04-11,87.4,67.3,Cycle Top,74.3,69,62.9,69.4,62.1,40.7
2024-04-12,85.4,64.6,Cycle Top,69.9,67.2,62.1,67.1,58,37.9
2024-04-13,82.9,63.1,Distribution,68.1,65.3,60.4,66.8,57.4,37.9
2024-04-14,85.2,64.3,Cycle Top,68.8,66.2,59.3,66.6,66.4,37.9
2024-04-15,82.9,63.2,Distribution,67.5,65.1,58.4,64.8,66.3,36.8
2024-04-16,81.2,62.5,Distribution,67.9,65.5,57.5,64.4,59.3,37.2
2024-04-17,81.2,62.5,Distribution,66.6,64.1,57.7,63.8,67.1,37.1
2024-04-18,80.5,62.2,Distribution,68,65.2,56.8,64.3,58.7,37.2
2024-04-19,78.4,61.4,Distribution,68.3,65.5,57.5,65.1,46.4,36.6
2024-04-20,80.2,62.1,Distribution,69.3,66.2,57.5,65,49,36.6
2024-04-21,78.9,61.6,Distribution,69.7,66.1,58,65,42.1,36.6
2024-04-22,82.3,62.9,Distribution,71.5,67.2,58.1,65.9,45.5,37.9
2024-04-23,82.4,63,Distribution,70.4,66.6,57.8,66.7,49.8,39.7
2024-04-24,79.6,61.9,Distribution,68.4,64.9,57.9,64.5,51.5,39.4
2024-04-25,78,61.2,Distribution,68,64.9,57.8,61.6,48.5,39.9
2024-04-26,76,60.4,Distribution,66.9,64.2,57.5,61.5,46.3,40.3
2024-04-27,73.4,59.3,Distribution,66.6,63.9,57.3,61.3,37.9,40.3
2024-04-28,73.3,59.3,Distribution,65.8,63.6,57.1,61.1,41.1,40.3
2024-04-29,73.9,59.6,Distribution,66.5,63.9,57.3,59.8,41.7,40.7
2024-04-30,68.9,57.5,Caution,64.1,61.2,57.2,59.2,36.8,39.3
2024-05-01,64.8,55.9,Caution,62.9,59.9,51.8,57.5,39.9,39.6
2024-05-02,63.8,55.5,Caution,63.1,60.1,50.3,58,36.5,40.9
2024-05-03,69.1,57.6,Caution,65.3,62.6,50.8,58.6,42.4,42.9
2024-05-04,70,58,Distribution,66.2,63.3,53,58.3,37.5,42.9
2024-05-05,71.7,58.7,Distribution,66.2,63.3,53.1,58,44.4,42.9
2024-05-06,68.8,57.5,Caution,64.8,62.2,53.2,59.1,38.4,43.1
2024-05-07,66.1,56.4,Caution,63.5,61.4,52.9,58.3,34.5,43.4
2024-05-08,64.9,56,Caution,62.7,60.7,52.5,58.9,34,43.7
2024-05-09,65.1,56,Caution,63.6,62.2,51.7,58.8,30.1,44.4
2024-05-10,63.3,55.3,Caution,61.1,60,52.7,58,34.1,44.6
2024-05-11,62.2,54.8,Caution,60.9,59.9,51.3,57.3,33.5,44.6
2024-05-12,63.3,55.3,Caution,60.7,60.3,51.7,57.3,37.1,44.6
2024-05-13,63.2,55.3,Caution,62,61.5,51.9,58.3,29.5,42.6
2024-05-14,62.2,54.8,Caution,59.9,60.3,52.6,59.1,32.2,43.2
2024-05-15,66.7,56.7,Caution,64.5,63.9,52.3,61.3,25,45.2
2024-05-16,64.8,55.9,Caution,62.5,62.5,52.8,62.6,24.9,45.1
2024-05-17,68.5,57.4,Caution,64.8,63.9,53.3,64.4,26.4,45.7
2024-05-18,69,57.6,Caution,64.4,63.6,53.1,64.3,30.1,45.7
2024-05-19,65.9,56.4,Caution,63.8,63.1,52.9,63.9,21.7,45.7
2024-05-20,74.8,59.9,Distribution,69.5,66.5,52.6,65.3,31.4,45.6
2024-05-21,74.3,59.7,Distribution,68.4,65.8,53.4,66.1,31.6,45.8
2024-05-22,71.2,58.5,Distribution,67.1,65,53.4,66.5,25.3,45
2024-05-23,72.4,59,Distribution,66.2,64.3,53.3,66,35.5,44.1
2024-05-24,75,60,Distribution,67,64.9,53,67.6,40.7,45.6
2024-05-25,76.2,60.5,Distribution,68.2,65.4,53.2,68.1,39.5,45.6
2024-05-26,73.2,59.3,Distribution,65.7,64.6,53,68.2,37.4,45.6
2024-05-27,74.3,59.7,Distribution,66,65,52.8,68,40.6,44.8
2024-05-28,67,56.8,Caution,62.1,63.8,52.4,68.8,26.5,44.1
2024-05-29,67,56.8,Caution,61.7,63.3,52.3,68.3,30.8,41.6
2024-05-30,68,57.2,Caution,62.6,64,52.5,68.3,30.6,41.3
2024-05-31,68.5,57.4,Caution,61.4,63.1,52.4,74.6,30.3,44
2024-06-01,65.6,56.2,Caution,61.2,63.3,49.7,63.2,35.7,44.2
2024-06-02,63.2,55.3,Caution,59.5,63.2,49.8,62.8,32.1,44.2
2024-06-03,65.7,56.3,Caution,62.1,63.7,49.7,63.3,32.8,43.4
2024-06-04,69.5,57.8,Caution,64,64.6,49.7,64.7,38.8,43
2024-06-05,69.7,57.9,Caution,65.3,65.4,50,65.1,32.3,44.3
2024-06-06,67.7,57.1,Caution,64.1,64.9,50.2,65.5,28.1,44.4
2024-06-07,65.3,56.1,Caution,61.2,63.5,50.1,65,31.2,44.7
2024-06-08,64.9,55.9,Caution,60.9,63.4,49.3,65,32.5,44.7
2024-06-09,67.3,56.9,Caution,60.4,63.5,49.8,64.9,42,44.7
2024-06-10,67.1,56.8,Caution,62.1,64.1,49.2,65,36.6,43.8
2024-06-11,61.1,54.1,Caution,57.2,62,49.5,63.7,29.4,43.5
2024-06-12,61.7,54.5,Caution,59,62.6,49.1,64.2,26.4,44.8
2024-06-13,60.8,53.8,Caution,56.7,60.9,48.8,63.1,32.7,45.1
2024-06-14,60.9,53.9,Caution,57.8,60.5,49.4,62.4,31.6,43.6
2024-06-15,59.6,53.1,Caution,56.7,60.5,49.4,62,26.9,43.6
2024-06-16,59.9,53.3,Caution,57.5,60.8,48.8,61.7,27.1,43.6
2024-06-17,62.1,54.7,Caution,59.7,60.7,48.8,61.3,36,43.4
2024-06-18,58.5,52.3,Caution,55.4,59.5,49.2,60.2,27.4,44.3
2024-06-19,59.1,52.7,Caution,55.9,58.9,48.1,59.9,34.4,43.9
2024-06-20,57.7,51.8,Caution,55.8,58.5,47.7,59.6,28,42.4
2024-06-21,56.9,51.3,Caution,55.3,57.9,47.9,58.7,26.2,42.6
2024-06-22,56.2,50.8,Caution,54.1,57.9,46.8,58.4,27.6,42.6
2024-06-23,55.4,50.3,Caution,52.4,56.9,47.1,57.7,30.6,42.6
2024-06-24,52.2,48.1,Caution,50.6,54.7,46.5,56.6,22.5,42.4
2024-06-25,53.8,49.2,Caution,51.6,55.6,43.8,56.8,31.7,43.6
2024-06-26,52.4,48.3,Caution,50.5,54.8,45.7,56.8,23.7,44.3
2024-06-27,52.6,48.4,Caution,51.3,55.4,44.8,56.8,23,44.6
2024-06-28,52.2,48.1,Caution,50.3,54.2,45.7,57.1,23.8,44.7
2024-06-29,51.8,47.9,Caution,50.3,54.5,43.6,56.4,25.4,44.7
2024-06-30,54.5,49.7,Caution,52.1,55.9,45.6,56.1,31.1,44.7
2024-07-01,56.3,50.9,Caution,52.9,55.8,48.6,67.5,23.2,45.6
2024-07-02,56.6,51,Caution,52.4,55.2,48.7,66.7,28.2,45.9
2024-07-03,54.6,49.8,Caution,50.1,53.4,48.9,65.2,28,45.6
2024-07-04,52.3,48.2,Caution,48.3,50.4,48.6,63.7,27.3,45.3
2024-07-05,50.6,47.1,Caution,47.8,49.9,47.1,63.2,22.4,45.2
2024-07-06,50.7,47.1,Caution,48.5,51.1,47,62.5,18.8,45.2
2024-07-07,50.5,47,Caution,46.5,49,47.9,61.6,27.7,45.2
2024-07-08,50.3,46.9,Caution,47.6,49.6,48.2,62.4,20.8,45.4
2024-07-09,51.8,47.9,Caution,48.1,50.6,48.4,62.6,26.1,45.2
2024-07-10,51.6,47.8,Caution,47.7,50.3,49,62.7,25.6,44.5
2024-07-11,50.9,47.2,Caution,48,49.8,49.6,62.8,19.5,44.6
2024-07-12,51.5,47.7,Caution,49.1,50,49.2,63.1,19.8,45.7
2024-07-13,53,48.6,Caution,49.6,50.9,49.6,63.3,25,45.7
2024-07-14,54.5,49.6,Caution,50.8,52.1,51.2,63.5,25.1,45.7
2024-07-15,59,52.7,Caution,54.1,55.2,53.8,66.2,30.5,44.4
2024-07-16,59.5,53,Caution,55.3,55.4,55.6,67.2,25.3,44.2
2024-07-17,58.4,52.2,Caution,53.7,54.7,56.2,67.3,23.9,42
2024-07-18,59.1,52.7,Caution,53.4,54.4,55.8,66.5,32.9,40.3
2024-07-19,60.8,53.9,Caution,56.6,56.8,56,68.4,26.7,39.5
2024-07-20,62.3,54.9,Caution,57.1,57.1,57.8,68.3,31.2,39.5
2024-07-21,65,56,Caution,57.7,58,58,68.4,37.6,39.5
2024-07-22,65.1,56,Caution,57.3,57.4,57.6,69.1,40,41.3
2024-07-23,64.1,55.6,Caution,56.7,56.3,57.9,68.4,40.4,41.6
2024-07-24,62.1,54.7,Caution,56.1,55.9,57.9,67.7,36.7,38.3
2024-07-25,62.1,54.8,Caution,57.7,56.4,58.1,66.7,31.8,38.2
2024-07-26,68.5,57.4,Caution,61.5,58.5,58.2,67.3,39.5,39.6
2024-07-27,68.9,57.5,Caution,61.5,58.3,58.9,67.1,40.6,39.6
2024-07-28,67.8,57.1,Caution,62.1,58.6,58.9,66.7,34,39.6
2024-07-29,65.6,56.2,Caution,60.3,56.8,59.6,66.4,34.2,39.2
2024-07-30,66.2,56.5,Caution,59.8,56.1,59,65.4,42.6,38.1
2024-07-31,63.9,55.6,Caution,57.6,54.6,58.7,68.6,40.7,39.5
2024-08-01,64,55.6,Caution,57.5,55,56.7,73.9,40,37.8
2024-08-02,60.1,53.4,Caution,52.7,51.9,57.7,72.5,40.7,35.6
2024-08-03,57.7,51.8,Caution,51.7,51.2,55.2,72.1,34.7,35.6
2024-08-04,56.5,51,Caution,49.7,49.1,55.3,71.6,38.1,35.6
2024-08-05,53.3,48.9,Caution,47.2,45,54.4,70.7,38.7,33.3
2024-08-06,55.3,50.2,Caution,48.7,46.8,53.2,70.4,45.4,34.2
2024-08-07,53.7,49.1,Caution,47.4,45.8,55.3,69.2,37.8,34.1
2024-08-08,58,52,Caution,54.2,51.3,53.8,69.4,34.3,35.6
2024-08-09,58.1,52.1,Caution,52.2,49.9,57.8,69.1,35.9,37.3
2024-08-10,57.6,51.7,Caution,52,49.9,57,68.8,35.3,37.3
2024-08-11,55.3,50.2,Caution,49.3,48,56.9,67.8,33.7,37.3
2024-08-12,57.4,51.6,Caution,50.6,48.6,55.3,67.5,46.2,37
2024-08-13,56.8,51.2,Caution,50,49.3,56.5,67.8,38.5,38.7
2024-08-14,54.1,49.4,Caution,48.6,47.2,56.5,66.5,30.5,40.5
2024-08-15,52.2,48.1,Caution,47.5,46.4,56.5,65.6,23.8,41.4
2024-08-16,54.4,49.6,Caution,48.3,47.4,56.3,65.8,32.9,42
2024-08-17,53.5,49,Caution,48.9,47.8,56.1,65.3,25.3,42
2024-08-18,52.6,48.4,Caution,46.9,46.6,57.2,64.1,27.5,42
2024-08-19,53.7,49.2,Caution,47.5,47.1,56.9,64.4,32,42.5
2024-08-20,51.7,47.8,Caution,46.9,45.9,57.4,64.4,22.8,41.2
2024-08-21,53.8,49.2,Caution,48.7,47.7,56.8,63.9,28.7,40.9
2024-08-22,55.1,50.1,Caution,47.7,46.9,58.6,63.8,39.7,39.4
2024-08-23,57.8,51.8,Caution,51.5,50,58.2,64.8,36.9,41.5
2024-08-24,58.8,52.5,Caution,51.9,49.9,61.2,64.5,37.2,41.5
2024-08-25,58.2,52.1,Caution,51.8,49.8,61.1,64.1,34.1,41.5
2024-08-26,55.4,50.2,Caution,49.6,48.1,61.4,64.4,25.9,41
2024-08-27,52.7,48.5,Caution,47,44.9,60.5,63.8,25.8,41.8
2024-08-28,52.5,48.3,Caution,46.2,44.3,58.5,62.5,34.3,40.1
2024-08-29,54,49.4,Caution,46.8,44.6,58.4,62.2,42.2,41.3
2024-08-30,52.3,48.2,Caution,46.3,44,59.2,61.5,32.3,42.1
2024-08-31,52.2,48.1,Caution,46.1,43.7,58.7,61.2,34.2,42.1
2024-09-01,51.5,47.7,Caution,44.8,41.7,55.7,68.5,37.1,42.2
2024-09-02,52.5,48.3,Caution,46,43.7,55.9,68.3,35.2,41.6
2024-09-03,51.6,47.7,Caution,44.4,41.7,56.2,65.9,42.6,37.5
2024-09-04,51.5,47.7,Caution,45.2,42.6,56.6,66,36.9,37.3
2024-09-05,50.8,47.2,Caution,44.3,40.5,57.3,65.5,39.1,38
2024-09-06,48.5,45.7,Neutral,42.7,38.1,56.3,64.6,37.9,36.7
2024-09-07,48,45.4,Neutral,42.8,38.2,56.8,64.2,33.5,36.7
2024-09-08,49.4,46.3,Neutral,43,38.7,58.2,64.1,38,36.7
2024-09-09,52,48,Caution,45.4,41.3,57.9,64.3,41.3,38.1
2024-09-10,51.9,47.9,Caution,45.6,41.9,59.3,64.5,35.3,38.4
2024-09-11,51.5,47.7,Caution,46,41.4,59.9,64.1,31.7,39.3
2024-09-12,52,48,Caution,46.7,41.9,59.6,66.4,29.1,40
2024-09-13,55.6,50.4,Caution,48.3,43.7,60,67.6,41.6,41.1
2024-09-14,54,49.3,Caution,47.7,43.1,62.4,67.3,29.8,41.1
2024-09-15,54.2,49.4,Caution,47,42.1,62.9,67.1,35,41.1
2024-09-16,53.6,49.1,Caution,46.4,41,61.5,67,38.9,40.6
2024-09-17,54,49.4,Caution,48.2,42.6,61.1,68,31.9,40.1
2024-09-18,56.8,51.2,Caution,49.5,43.8,62.9,67.6,40.8,39.8
2024-09-19,57.5,51.7,Caution,51,44.7,63.6,65.5,38.2,41.8
2024-09-20,56.8,51.2,Caution,50.6,44.5,64.6,65.8,32.6,42.4
2024-09-21,57.7,51.8,Caution,51.4,44.5,64.9,65.3,36.6,42.4
2024-09-22,57.6,51.7,Caution,52.8,44.6,64.7,64.5,32.4,42.4
2024-09-23,57.6,51.7,Caution,51.7,44.2,64.6,64.6,36.2,42.7
2024-09-24,59.1,52.8,Caution,52.9,44.7,65.4,65.1,38.9,44.3
2024-09-25,56.3,50.9,Caution,50.4,42.9,66.1,64.7,31.5,44.2
2024-09-26,59.2,52.8,Caution,54.4,45.4,65.1,66.6,32.4,43.7
2024-09-27,58.9,52.6,Caution,54.1,45.2,66.6,68.5,27.6,42.2
2024-09-28,58.9,52.6,Caution,53.6,45.2,67.1,68.6,28.4,42.2
2024-09-29,58,52,Caution,52.9,44.9,67.2,68.6,24.9,42.2
2024-09-30,57.3,51.6,Caution,50,42.4,67.2,71.2,33.3,41.6
2024-10-01,54.9,49.9,Caution,48.4,39.8,68.5,71.4,26.4,39.5
2024-10-02,56.5,51,Caution,50,39.9,67.8,70.9,33.3,40
2024-10-03,56.2,50.8,Caution,50.2,39.8,67.1,71.3,32.8,38.9
2024-10-04,57.8,51.9,Caution,51.3,41.4,68,71.6,34,39.2
2024-10-05,59.2,52.8,Caution,52,41.3,69.2,71.6,39.4,39.2
2024-10-06,58.9,52.6,Caution,52.5,41.9,69.5,72,33,39.2
2024-10-07,58.7,52.5,Caution,51.8,41.7,69.7,72.4,34.6,37.2
2024-10-08,58.6,52.4,Caution,52.3,41.9,69.7,72.1,31.4,37.8
2024-10-09,58.7,52.5,Caution,50.8,40.5,69.8,71.8,40.6,38.1
2024-10-10,56.5,51,Caution,50.5,40.3,68.7,70.9,30.5,38.1
2024-10-11,60,53.4,Caution,52.4,42.3,68.1,72.1,43,38.5
2024-10-12,60.7,53.8,Caution,52.8,42.9,70.3,71.9,40.3,38.5
2024-10-13,59.4,52.9,Caution,50.7,42.5,70.6,71,39.3,38.5
2024-10-14,62.6,55,Caution,55.1,45.4,70.4,72.9,38.3,38.9
2024-10-15,65.6,56.2,Caution,56.7,46.1,72.6,73.4,39.3,37.9
2024-10-16,69.9,57.9,Caution,58.3,46.8,73.5,74,47.6,38.2
2024-10-17,67.8,57.1,Caution,57,46.6,73.3,74.3,43.3,38.6
2024-10-18,69.8,57.9,Caution,57.9,47.1,73.7,74.9,45.8,39.3
2024-10-19,66.7,56.7,Caution,57.3,46.9,73.6,74.6,36.2,39.3
2024-10-20,69.9,58,Caution,58.1,47.2,73.9,74.4,45.3,39.3
2024-10-21,68.7,57.5,Caution,57,46.4,73.8,74.4,46,39.4
2024-10-22,68.1,57.2,Caution,56.4,46.1,73.7,74.1,46.5,39.5
2024-10-23,64.8,55.9,Caution,55.8,45.9,73.9,73.9,36.2,38.7
2024-10-24,68.9,57.5,Caution,57.2,46.9,73.8,74.1,45.4,38.6
2024-10-25,65.4,56.2,Caution,54.9,45.8,74.2,74.4,40.5,37.9
2024-10-26,66.3,56.5,Caution,55.7,46.2,74.4,73.6,41.3,37.9
2024-10-27,67.5,57,Caution,58.2,47,74.8,72.8,36.2,37.9
2024-10-28,73.3,59.3,Distribution,62.5,48.6,74.5,73.7,42.1,38.3
2024-10-29,79.8,61.9,Distribution,67.6,50.9,74.6,74.6,45.9,38.8
2024-10-30,78.5,61.4,Distribution,66.8,50.3,75.5,74.6,43,37.9
2024-10-31,77.3,60.9,Distribution,64.3,48.7,75.5,74.8,50.7,36.2
2024-11-01,80.9,62.4,Distribution,63.3,48.3,85.7,83.1,39.8,37.4
2024-11-02,80.4,62.1,Distribution,63.6,47.9,85.2,83,38.6,37.4
2024-11-03,77.7,61.1,Distribution,63.2,47,85.7,82.9,30.7,37.4
2024-11-04,75.4,60.1,Distribution,61,46.4,85.1,82.5,31.1,37.2
2024-11-05,79.8,61.9,Distribution,63.3,47.1,85.2,82.6,39.6,37.9
2024-11-06,87.8,68,Cycle Top,77.2,52.6,85.3,85.5,40.2,41.2
2024-11-07,88.1,68.4,Cycle Top,76.8,51.8,86.4,86.5,43.8,42.1
2024-11-08,88.8,69.4,Cycle Top,78,53,86.2,87.1,46.7,42.1
2024-11-09,88.8,69.3,Cycle Top,78.7,53.1,86.2,87,43.7,42.1
2024-11-10,89.8,70.7,Cycle Top,79.2,55.8,86.5,90.1,45.7,42.1
2024-11-11,91.4,72.9,Cycle Top,80.4,60.7,86.4,91,51.3,42.2
2024-11-12,91.3,72.9,Cycle Top,81,60.7,86.8,90.9,48.1,42.7
2024-11-13,92.2,74.1,Cycle Top,81.6,62.2,87,90.5,53.9,44.1
2024-11-14,91,72.4,Cycle Top,79.9,60.7,87.1,90.1,46.7,43.1
2024-11-15,91.5,73.1,Cycle Top,81.4,62.5,86.9,89.9,46.7,41.1
2024-11-16,91.8,73.5,Cycle Top,80.8,62.1,87.1,89.4,53.4,41.1
2024-11-17,91.5,73.1,Cycle Top,79.8,61.7,87.2,89.7,52.5,41.1
2024-11-18,91.2,72.7,Cycle Top,80.1,61.8,87.1,89.9,47.3,41.8
2024-11-19,91.8,73.6,Cycle Top,81.4,62.5,87.3,90.4,49.9,40.9
2024-11-20,92.2,74,Cycle Top,81.9,63.6,87.2,90.4,50.9,40
2024-11-21,91.9,73.6,Cycle Top,81.7,65.7,87.2,90.2,42.5,40.2
2024-11-22,91.9,73.7,Cycle Top,81.7,65.9,87.6,90.3,40.8,41.6
2024-11-23,91.5,73,Cycle Top,80.3,65.3,87.6,90.1,40.3,41.6
2024-11-24,91,72.5,Cycle Top,80.3,65,87.2,89.9,36,41.6
2024-11-25,90.6,71.8,Cycle Top,79.4,63.2,87.3,89.7,36,42.7
2024-11-26,91.2,72.6,Cycle Top,78.9,62.4,87.1,89.2,48.5,43.4
2024-11-27,90.9,72.3,Cycle Top,80.3,64.4,86.8,89.2,36.6,43.3
2024-11-28,90.8,72.2,Cycle Top,80,64.1,87,88.6,36.8,43.6
2024-11-29,91.4,72.9,Cycle Top,81,64.9,87.1,89.1,38.7,44.3
2024-11-30,90.9,72.2,Cycle Top,80.5,64.3,87.5,88.9,34.1,44.3
2024-12-01,91.8,73.5,Cycle Top,80.9,64.8,86.7,86.9,48.1,44.4
2024-12-02,91.4,73,Cycle Top,80,64.1,86.6,87.2,46.4,44.7
2024-12-03,90.7,72,Cycle Top,79.8,64.1,86.2,87.6,37.2,44.9
2024-12-04,92.3,74.2,Cycle Top,83.3,65.9,86.4,88.2,44.6,44.6
2024-12-05,91.7,73.4,Cycle Top,81.9,64.9,86.8,88.2,42.5,44.3
2024-12-06,92.7,74.7,Cycle Top,83.7,67,85.5,88.3,46,45.9
2024-12-07,92.3,74.2,Cycle Top,83.7,67.1,86,87.6,40.8,45.9
2024-12-08,92.5,74.5,Cycle Top,83.4,67.6,86.5,87.8,41.8,45.9
2024-12-09,91.3,72.9,Cycle Top,80.5,65.2,86.3,87.7,42,43.3
2024-12-10,91.9,73.6,Cycle Top,80.6,65.1,86.3,87.6,50.2,43.2
2024-12-11,92.6,74.7,Cycle Top,83.4,67.7,85.7,87.2,46.8,44.4
2024-12-12,92,73.8,Cycle Top,82,67,86.6,86.9,42.9,44
2024-12-13,92.4,74.4,Cycle Top,83.3,67.8,86,86.7,43.2,44.3
2024-12-14,92.9,75,Cycle Top,82.9,67.7,86.5,86.8,50.4,44.3
2024-12-15,93,75.2,Cycle Top,83.7,69.1,86.3,86.5,47.3,44.3
2024-12-16,92.9,75,Cycle Top,83.6,69.9,86.4,86.8,43.6,43
2024-12-17,93.3,75.6,Cycle Top,83.5,70.1,86.5,86.7,49.2,41.7
2024-12-18,91.8,73.6,Cycle Top,81.3,68.3,86.1,86.1,44.8,35.9
2024-12-19,91.4,72.9,Cycle Top,79.2,66.6,85.2,85.1,50.4,38.1
2024-12-20,91.1,72.5,Cycle Top,79.3,66.7,84.8,84.2,46.5,40.6
2024-12-21,90.9,72.2,Cycle Top,78.4,66.3,84.3,83.4,49.2,40.6
2024-12-22,89.9,70.8,Cycle Top,77.5,64.9,84.1,79.4,45.5,40.6
2024-12-23,90,70.9,Cycle Top,77.1,64.6,83.3,79,49.5,42.5
2024-12-24,90.8,72.1,Cycle Top,80.1,67.2,83.6,78.7,44.7,45.4
2024-12-25,90.6,71.9,Cycle Top,80.4,67.5,83.3,78.9,40.6,45.4
2024-12-26,90.1,71.2,Cycle Top,77.3,65.3,83.9,79.3,47.2,44.6
2024-12-27,88.9,69.5,Cycle Top,76.4,64.5,83,78.6,37.9,43.5
2024-12-28,89.7,70.6,Cycle Top,77.1,65,82.4,78.5,47.3,43.5
2024-12-29,88.5,68.8,Cycle Top,75.8,64,82.4,76.2,38.2,43.5
2024-12-30,88.5,68.9,Cycle Top,75.5,63.5,81.2,75.1,45.1,42
2024-12-31,88.8,69.3,Cycle Top,76.6,64.1,80.9,75.8,44.3,42
2025-01-01,88.3,68.6,Cycle Top,77.5,64.6,80.4,78.4,31.9,41.9
2025-01-02,89,69.6,Cycle Top,78.3,65.9,80.4,77.8,37.3,41.4
2025-01-03,90.2,71.3,Cycle Top,79.3,66.5,80.9,78.9,46.3,43.1
2025-01-04,89.4,70.1,Cycle Top,79.2,66.5,80.4,77.7,37.5,43.1
2025-01-05,89.6,70.5,Cycle Top,79.5,66.5,80,76.9,41.4,43.1
2025-01-06,91,72.4,Cycle Top,81.9,68.7,80.5,78.6,45.1,43.4
2025-01-07,88.6,69.1,Cycle Top,77.5,65.5,80.5,78,35.1,41.7
2025-01-08,88,68.2,Cycle Top,76.6,64.5,78.9,76.4,36.3,41.8
2025-01-09,87,66.8,Cycle Top,74.3,63.1,78.7,75.8,33.4,41.5
2025-01-10,88,68.2,Cycle Top,76.5,64.8,76.4,75,42.3,40.3
2025-01-11,87.6,67.7,Cycle Top,76.2,64.4,78.1,74,36.6,40.3
2025-01-12,87,66.8,Cycle Top,75.1,64.1,77.3,73.9,34,40.3
2025-01-13,87.6,67.7,Cycle Top,74.4,63.9,76.9,72.8,47,40.7
2025-01-14,87.2,67,Cycle Top,76,65.2,76.9,72.4,32.8,41
2025-01-15,89.2,69.9,Cycle Top,79.5,67.1,77.2,73.7,43.3,43.2
2025-01-16,88.9,69.5,Cycle Top,79.4,67.1,77.9,74.4,37.3,42.5
2025-01-17,90.3,71.5,Cycle Top,83.4,69.8,77.6,76,36.9,43.3
2025-01-18,90.7,72,Cycle Top,83.4,70,77.7,77.1,40.6,43.3
2025-01-19,89.2,69.9,Cycle Top,80.6,67.9,77.4,77.2,34.3,43.3
2025-01-20,90,70.9,Cycle Top,80.3,67.6,77,80.2,43.5,43.4
2025-01-21,91.3,72.8,Cycle Top,83.7,70.1,76.8,81.1,45.4,43.9
2025-01-22,89.9,70.9,Cycle Top,81,68.6,77,81.7,36.3,44.2
2025-01-23,90.4,71.5,Cycle Top,81.3,68.6,76,82.4,43.1,44.5
2025-01-24,89.8,70.7,Cycle Top,81.2,68.6,75.7,82.6,35,44.8
2025-01-25,89.7,70.6,Cycle Top,81,68.6,75.3,82.2,36.3,44.8
2025-01-26,88.5,68.9,Cycle Top,78.9,67.4,74.6,82.3,30,44.8
2025-01-27,88.2,68.5,Cycle Top,78,67.2,74,81.3,32.7,41.7
2025-01-28,88.4,68.7,Cycle Top,77.7,66.8,73.8,81.3,36.8,42.9
2025-01-29,89.3,70.1,Cycle Top,80.9,68.6,73.6,81.8,36,42.6
2025-01-30,89.7,70.6,Cycle Top,82.4,69.5,73,82.5,35.3,43.5
2025-01-31,88.7,69.2,Cycle Top,79.2,67.8,73.7,83.3,32.9,42.8
2025-02-01,86.7,66.4,Cycle Top,77.9,66.6,68.2,78,27.5,42.7
2025-02-02,85.9,65.2,Cycle Top,76.5,65.3,67.2,69.1,34.9,42.7
2025-02-03,86.6,66.3,Cycle Top,79,67.3,65.1,68.8,38.4,40.4
2025-02-04,84.1,63.6,Distribution,73.7,64.4,67.9,69.1,28.6,41.8
2025-02-05,79.9,61.9,Distribution,72.6,63.3,65.9,67.9,22.3,42.9
2025-02-06,78.7,61.5,Distribution,72.1,63.2,64.8,67.4,22.4,42.9
2025-02-07,78.9,61.5,Distribution,72.1,63.2,64.1,68.3,24.2,41.2
2025-02-08,80.6,62.2,Distribution,71.1,63,63.8,68.2,35,41.2
2025-02-09,81.6,62.6,Distribution,69.4,63,63.7,75.6,37.1,41.2
2025-02-10,81.5,62.6,Distribution,69.8,63.5,63.1,75.4,35.1,42.4
2025-02-11,79,61.6,Distribution,67.6,62.2,63.1,74.8,35.6,42.4
2025-02-12,80.3,62.1,Distribution,70,63.7,62.5,74.9,30.8,42.7
2025-02-13,78.9,61.6,Distribution,67.7,62.5,62.5,75.4,34.1,43.1
2025-02-14,80.2,62.1,Distribution,68,62.6,61.8,73.9,40.8,43.7
2025-02-15,79.2,61.7,Distribution,68.2,62.6,61.6,72.9,37.8,43.7
2025-02-16,78.2,61.3,Distribution,66.8,61.7,61.7,71.7,41.2,43.7
2025-02-17,74.9,59.9,Distribution,66,61.4,60.6,64.2,41,43
2025-02-18,71.3,58.5,Distribution,65.3,61.1,59.3,63.7,32.8,43.6
2025-02-19,71.9,58.7,Distribution,65.4,61.9,58.3,63.1,35,43.4
2025-02-20,71.3,58.5,Distribution,66.3,62.3,58.1,60.7,32.4,42.8
2025-02-21,68.8,57.5,Caution,64.6,61.2,58.5,58.9,32.4,40.4
2025-02-22,69,57.6,Caution,65.2,61.5,56.9,58.5,34,40.4
2025-02-23,70.5,58.2,Distribution,65.5,61.1,56.5,67.9,31.7,40.4
2025-02-24,65.5,56.2,Caution,63,58.4,55.8,66.7,29,40.2
2025-02-25,60.8,53.9,Caution,60.4,56.5,52.2,65.7,26.9,39.3
2025-02-26,59.2,52.8,Caution,58.6,53.7,50.9,65.6,30.6,39.2
2025-02-27,59.7,53.1,Caution,59.1,54.8,49.4,65.3,33.7,38.1
2025-02-28,59,52.7,Caution,59.2,54.6,49.4,63.7,30.4,39.3
2025-03-01,58.9,52.6,Caution,59.8,55.9,47.3,63.1,29,39.8
2025-03-02,61.5,54.3,Caution,65.3,60.9,47.8,52.6,26.9,39.8
2025-03-03,56.4,50.9,Caution,59.8,55.7,48.2,52.2,23.1,37.5
2025-03-04,56.1,50.7,Caution,59.5,55.9,45,52.3,27.6,37.8
2025-03-05,56.9,51.3,Caution,61,57.4,44.7,52.6,24.9,39.2
2025-03-06,56,50.7,Caution,60,56.9,45,52.2,23.2,38.3
2025-03-07,56.5,51,Caution,58.4,54.9,45.7,51.9,34.6,38.8
2025-03-08,54,49.4,Caution,58,54.5,44.5,51.9,23.3,38.8
2025-03-09,52.6,48.4,Caution,56.3,51,43.8,51.8,28.9,38.8
2025-03-10,52.1,48.1,Caution,55.4,49.4,42.2,50.3,37.5,37.2
2025-03-11,53.7,49.1,Caution,56.3,52.2,42.6,50.3,37.7,37.5
2025-03-12,52.4,48.3,Caution,56.6,52.5,43.7,50.3,25,38.1
2025-03-13,52.8,48.5,Caution,55.5,51,44.5,49.7,33.8,37.8
2025-03-14,53.2,48.8,Caution,56.5,52.5,41.7,50,34.8,38.8
2025-03-15,52.9,48.6,Caution,56.3,52.6,43.7,50,28.8,38.8
2025-03-16,50.6,47,Caution,55.1,51.2,41.5,50.1,24.7,38.8
2025-03-17,51.6,47.7,Caution,55.4,51.7,41.5,50.4,29.1,39.1
2025-03-18,50.7,47.1,Caution,55.4,50.9,41.6,50.4,25.2,38.2
2025-03-19,53.1,48.7,Caution,58,53.5,41.2,50.7,26.4,39.5
2025-03-20,53.3,48.8,Caution,56.9,52.3,43.1,50.9,30.1,39.8
2025-03-21,52.3,48.2,Caution,57,52.4,41,50.9,26.5,40.3
2025-03-22,53.2,48.8,Caution,57.3,52.1,41.2,50.9,32.4,40.4
2025-03-23,55,50,Caution,58.6,53.5,40.9,57.6,30.8,40.4
2025-03-24,57.1,51.4,Caution,58.7,54.3,42.9,58.2,37.1,41.7
2025-03-25,57.4,51.6,Caution,58.4,54,43.2,58.3,39.9,42.3
2025-03-26,57,51.4,Caution,58.6,53.7,43.6,58.1,37.7,41.4
2025-03-27,56.3,50.9,Caution,58.9,53.6,42.8,57.9,34.3,41.1
2025-03-28,54.7,49.8,Caution,57.1,51.8,43.5,57.3,33.3,39
2025-03-29,53.1,48.7,Caution,56.2,50.5,41.2,57.5,32.9,39
2025-03-30,52.7,48.5,Caution,56.2,50,42.2,61,26.7,39
2025-03-31,53.2,48.8,Caution,56.3,50.4,42.4,60.7,28.1,38.6
2025-04-01,55.3,50.2,Caution,57.6,51.9,43.9,59.8,31.8,39.4
2025-04-02,53.3,48.8,Caution,55.4,50,45.2,60.8,26,39.6
2025-04-03,54.2,49.5,Caution,55.1,49.8,42.8,60.1,40.5,37.4
2025-04-04,55.9,50.6,Caution,58.2,52.9,43.5,59.7,34.7,35.9
2025-04-05,57.2,51.5,Caution,57.7,52.5,43.9,59.8,44.7,35.9
2025-04-06,51.2,47.5,Caution,53,47.4,44.4,49.8,40.5,35.9
2025-04-07,52.3,48.2,Caution,55.2,49.4,42.9,49.1,40,36.2
2025-04-08,51.5,47.7,Caution,54.3,47.8,43.1,48.3,41.3,36.9
2025-04-09,53.7,49.1,Caution,57.3,50.5,42.2,49.3,40.7,37.3
2025-04-10,50.8,47.2,Caution,54.1,47.5,45.1,49.3,32.7,37.9
2025-04-11,53,48.7,Caution,55.9,49.4,43.3,49.4,40.8,38
2025-04-12,54.9,49.9,Caution,57.5,50.8,45.6,49.7,39.9,38
2025-04-13,54,49.4,Caution,56.2,49.4,45.8,54.6,36.2,38
2025-04-14,55.3,50.2,Caution,56.2,49.6,44,54.8,47.4,38.7
2025-04-15,53.4,48.9,Caution,54.8,48.6,44.6,55,39.9,38.5
2025-04-16,52.4,48.2,Caution,54.6,48.4,43.6,53.5,37.7,38.3
2025-04-17,52.9,48.6,Caution,54.5,48.8,43.7,53.6,39.8,38.8
2025-04-18,52.8,48.5,Caution,54.2,48.4,44,53.5,40.4,38.9
2025-04-19,51.9,47.9,Caution,55.3,48.8,43.9,53.3,30.8,38.9
2025-04-20,51.8,47.9,Caution,55,48.4,44.2,54.9,30.1,38.9
2025-04-21,52.9,48.6,Caution,56,49.9,44.4,55.9,28.7,39.2
2025-04-22,57.8,51.9,Caution,60,54,45.4,59.4,33.5,39.7
2025-04-23,60.9,53.9,Caution,60.1,54.1,48,61.2,46.6,39.7
2025-04-24,58.8,52.5,Caution,60,53.8,47.1,62.2,34.6,40.2
2025-04-25,59.8,53.2,Caution,60.6,54.2,46.7,62.8,37.8,40.7
2025-04-26,59.5,53,Caution,60.7,53.9,47.1,62.6,36,40.7
2025-04-27,59,52.7,Caution,60.2,53.3,46.6,65.7,33.6,40.7
2025-04-28,59.5,53,Caution,60.7,53.6,45.8,66.2,35.4,40.8
2025-04-29,59.8,53.2,Caution,60.3,53.5,46.3,66.4,37.6,41
2025-04-30,60,53.3,Caution,59.5,52.9,46,69.2,40.9,41.1
2025-05-01,60.8,53.9,Caution,61.9,54.5,45.6,72,33.2,40.8
2025-05-02,61.6,54.4,Caution,61.9,54.1,47,73.1,35.4,41.5
2025-05-03,61.4,54.3,Caution,61.4,53.5,46.7,73.1,37.2,41.5
2025-05-04,59.1,52.8,Caution,59.7,52.2,46.6,67.2,37,41.5
2025-05-05,58.2,52.1,Caution,60.6,52.2,45.3,67.7,29.8,41.5
2025-05-06,60.8,53.9,Caution,61.9,52.9,46,67.4,40.9,41.1
2025-05-07,60.6,53.8,Caution,63.2,53.6,46.7,67.7,32.3,41.1
2025-05-08,68.5,57.4,Caution,70.4,57.4,46.5,68.4,37.2,41.3
2025-05-09,69.3,57.7,Caution,69.7,57,47.4,68.4,41.8,41.7
2025-05-10,68.1,57.2,Caution,71.4,57.8,46.9,68.4,30.7,41.7
2025-05-11,68.9,57.6,Caution,70.2,57.2,46.9,73.7,33.8,41.7
2025-05-12,70.8,58.3,Distribution,70.4,56.8,46.9,74,40.4,43.6
2025-05-13,69.4,57.8,Caution,69.5,56.6,46.9,76.2,35.6,44.1
2025-05-14,68.9,57.6,Caution,69.7,56.4,47.5,76.7,31.8,44.1
2025-05-15,69.6,57.8,Caution,70.5,56.6,46.9,75.7,33.5,44.6
2025-05-16,69.6,57.8,Caution,70.1,56.3,47.2,77,33.4,44.7
2025-05-17,69.1,57.6,Caution,69.7,56,47.7,76.8,32.5,44.7
2025-05-18,73.6,59.4,Distribution,74.2,58,47.8,74.3,34.3,44.7
2025-05-19,73.6,59.5,Distribution,72.3,56.8,47.8,74.6,42.7,44.8
2025-05-20,73.4,59.4,Distribution,73.8,57.7,47.3,74.7,36.2,44.9
2025-05-21,79.8,61.9,Distribution,80.6,59.1,47.3,74.6,38.8,43.9
2025-05-22,81.9,62.8,Distribution,81.2,60.4,47.7,75,41,43.8
2025-05-23,75,60,Distribution,75.8,56.8,48.7,74,37.8,42.7
2025-05-24,75.3,60.1,Distribution,76.4,57,47.3,73.7,39.8,42.7
2025-05-25,76.3,60.5,Distribution,78.6,57.6,48.3,73.4,33.7,42.7
2025-05-26,79.2,61.7,Distribution,80.1,58.1,48.3,73.3,39.6,43.6
2025-05-27,80.6,62.2,Distribution,81.1,58,48.6,73.7,40.7,44.6
2025-05-28,77.9,61.2,Distribution,79.3,57.3,48.3,72.8,39.1,44.3
2025-05-29,75.7,60.3,Distribution,76.3,55.4,49.1,72.1,42.8,44.5
2025-05-30,73,59.2,Distribution,74.2,54.5,47.7,72.7,42.4,45
2025-05-31,71.4,58.6,Distribution,73.4,54.8,46.7,72.3,40.3,45
2025-06-01,75.1,60,Distribution,75.9,55.1,48,72,44,45.8
2025-06-02,72,58.8,Distribution,74.7,54.6,48.9,71.6,35.1,46.3
2025-06-03,72.7,59.1,Distribution,74.6,54.6,49.1,72.8,36.3,46.5
2025-06-04,71.4,58.6,Distribution,73.2,53.8,49.1,72.2,38,46.8
2025-06-05,66.7,56.7,Caution,71,51.8,48.9,70.9,32.2,46.1
2025-06-06,69.7,57.9,Caution,73.6,53.4,47.5,71,34.7,47.4
2025-06-07,72.2,58.9,Distribution,76.1,54,48.6,70.8,33.7,47.4
2025-06-08,73.3,59.3,Distribution,76.5,54,49.9,67.9,37.6,47.4
2025-06-09,80.1,62,Distribution,81,56.5,50.1,69,43.5,47.3
2025-06-10,79.4,61.8,Distribution,80.4,56.3,51.1,69.4,40.6,47.3
2025-06-11,79.5,61.8,Distribution,79.3,55.3,51.4,69.4,46.1,47.3
2025-06-12,72.4,58.9,Distribution,74.6,53.2,51.4,68.9,37.6,47
2025-06-13,74.4,59.7,Distribution,75.6,53.7,50.5,68.9,44,44.9
2025-06-14,70.4,58.2,Distribution,75,53.1,50.9,68.7,31,44.9
2025-06-15,72.1,58.8,Distribution,74.9,53,50.8,73.1,33.7,44.9
2025-06-16,73.7,59.5,Distribution,76.7,53.6,51.1,74.9,30.4,46.5
2025-06-17,71.6,58.6,Distribution,73.1,52.3,51.9,74.5,35.6,44.4
2025-06-18,69.1,57.6,Caution,72.9,52,50.5,75.4,28.6,45
2025-06-19,70.3,58.1,Distribution,73.3,52.1,51.4,74.9,31.5,44
2025-06-20,68,57.2,Caution,72.2,51.5,51.2,74.4,27.3,44.8
2025-06-21,67.7,57.1,Caution,71.1,50.9,50.6,73.2,33.7,44.8
2025-06-22,63.8,55.5,Caution,70,50.2,50.1,65.8,31.6,44.8
2025-06-23,68.1,57.2,Caution,74.1,52.4,50.9,66.2,28.3,45.5
2025-06-24,70.4,58.2,Distribution,74.3,52.3,53.3,67.2,30.2,48.3
2025-06-25,71.9,58.8,Distribution,75.5,52.9,53.7,67.9,29.1,49
2025-06-26,73.2,59.3,Distribution,75.1,52.2,54.9,67.7,34.7,49.5
2025-06-27,73.4,59.4,Distribution,76.1,52.3,54.1,67.7,33.7,49.9
2025-06-28,70.8,58.3,Distribution,76.3,52.4,54.4,68.1,21.6,49.9
2025-06-29,74.6,59.8,Distribution,77,52.9,54.9,73.7,26.7,49.9
2025-06-30,72.1,58.9,Distribution,73.3,51.5,55,74.6,30.6,49.3
2025-07-01,71.6,58.6,Distribution,72,50.7,58.6,79.7,22.2,49.2
2025-07-02,76.3,60.5,Distribution,76.6,52.4,58.7,80.8,21.2,49.7
2025-07-03,78.8,61.5,Distribution,77.2,53,60,80.9,25.1,49.6
2025-07-04,76.5,60.6,Distribution,75.4,52.1,60.1,80.8,24.3,48.5
2025-07-05,78.2,61.3,Distribution,77.2,52.2,59.5,80.9,26.8,48.5
2025-07-06,78.2,61.3,Distribution,78.4,52.9,59.6,75.2,26.7,48.5
2025-07-07,78.7,61.5,Distribution,78.2,52.5,60.6,75.2,28.3,48.4
2025-07-08,77.9,61.2,Distribution,78.2,52.9,59.7,75.3,25.4,49.3
2025-07-09,81.4,62.6,Distribution,82,54.2,60,75.1,23.9,49.9
2025-07-10,85.8,65.1,Cycle Top,84.9,56.5,60.6,75.7,32.5,50.2
2025-07-11,86.2,65.6,Cycle Top,84.8,57.6,60.8,76.3,35.2,49.7
2025-07-12,86.5,66,Cycle Top,84.5,57.4,62.2,76.1,38.2,49.7
2025-07-13,87.3,67.2,Cycle Top,85.3,58.2,61.6,81.5,40.6,49.7
2025-07-14,87.5,67.5,Cycle Top,85.6,59,61.8,81.7,41.1,48.8
2025-07-15,87.1,66.9,Cycle Top,84.7,58.1,61.7,82,39.9,48.6
2025-07-16,87.7,67.8,Cycle Top,84.8,58.6,61.3,82.2,47.7,49.1
2025-07-17,87.4,67.4,Cycle Top,85.7,58.9,62.2,82.3,38.4,49.5
2025-07-18,86.9,66.7,Cycle Top,83.9,58.1,62.1,82.2,38.3,49.8
2025-07-19,86.9,66.7,Cycle Top,83.7,57.8,62.4,82.1,39.7,49.8
2025-07-20,86.5,66.1,Cycle Top,82.5,57.5,62.1,83,37.6,49.8
2025-07-21,86.4,66,Cycle Top,80.9,57.4,62.1,82.9,42,49.4
2025-07-22,87.3,67.2,Cycle Top,83.3,58.6,62.4,82.8,43,49.5
2025-07-23,86.6,66.2,Cycle Top,80.7,57.3,62.9,82.4,43,50.9
2025-07-24,86.3,65.8,Cycle Top,80.1,57.1,62.5,82.1,42.3,50.9
2025-07-25,86.3,65.8,Cycle Top,79.8,56.8,62.4,81.7,44.1,51
2025-07-26,86.2,65.7,Cycle Top,80.1,57,62.8,81.5,41.5,51
2025-07-27,86.6,66.2,Cycle Top,82,57.8,63.2,81.1,39.2,51
2025-07-28,86,65.4,Cycle Top,81.3,57.3,63.7,81.1,32.8,50.7
2025-07-29,86.5,66,Cycle Top,81.7,57.4,63.4,81,39.4,49.2
2025-07-30,85.8,65.1,Cycle Top,81.9,58,63.8,81,27.6,49.1
2025-07-31,85.4,64.6,Cycle Top,79.5,56.7,63.4,81.7,33.6,47.5
2025-08-01,83.5,63.4,Distribution,77.3,54.6,60.2,83.1,39.4,45.7
2025-08-02,82.2,62.9,Distribution,77.3,54.1,59.4,82.5,37.3,45.7
2025-08-03,83.8,63.5,Distribution,78.1,55.3,59.3,86.1,34.9,45.7
2025-08-04,85.1,64.1,Cycle Top,78,55.6,60.5,85.7,37.8,47.7
2025-08-05,84.6,63.8,Distribution,77.2,54.8,60.2,85.1,40.6,47.2
2025-08-06,82,62.8,Distribution,76.2,55,59.8,84.9,33.1,48.7
2025-08-07,85.1,64.1,Cycle Top,78.2,56.4,60.8,85.5,34.5,48.7
2025-08-08,85.5,64.7,Cycle Top,76.8,55.7,62.4,85.7,42.2,50.4
2025-08-09,82.7,63.1,Distribution,76.4,55.3,61.6,83.9,30.9,50.4
2025-08-10,83.1,63.2,Distribution,80.3,57.3,61.9,72.7,26.5,50.4
2025-08-11,84.1,63.6,Distribution,80.1,57.1,62.1,73.2,31.6,48.9
2025-08-12,85.9,65.3,Cycle Top,83,57.8,62.1,73.2,36.7,51.6
2025-08-13,86.1,65.5,Cycle Top,83.2,59.3,62.9,73,32.4,52
2025-08-14,85.4,64.5,Cycle Top,79.7,56.7,63.5,72.7,39.3,51.1
2025-08-15,84,63.6,Distribution,78.5,56.1,61.7,71.5,40,51.2
2025-08-16,80.6,62.2,Distribution,78,56,61.6,70.7,29,51.2
2025-08-17,82.7,63.1,Distribution,77.8,55.8,62.4,72.1,35.5,51.2
2025-08-18,80.5,62.2,Distribution,75.8,54.9,62.2,71.9,35.7,51.1
2025-08-19,77.3,60.9,Distribution,73.5,53.2,62,70.1,36.3,50.2
2025-08-20,75.5,60.2,Distribution,73.9,54.2,60.6,70,29,49.9
2025-08-21,75.3,60.1,Distribution,74.1,53.1,61.4,69.5,29.7,48.5
2025-08-22,80.3,62.1,Distribution,76.1,54.9,61.6,70,36.7,52.2
2025-08-23,78.6,61.4,Distribution,74.5,53.7,62.9,69.7,34.9,52.2
2025-08-24,77.6,61,Distribution,73.2,52.6,62.4,72.2,36.2,52.2
2025-08-25,75.7,60.3,Distribution,71.6,50.8,61.6,72.2,39.9,51.2
2025-08-26,75.3,60.1,Distribution,72.5,51.5,61.9,72.3,32.5,51.9
2025-08-27,76.3,60.5,Distribution,72.7,50.9,62.6,72.2,37,51.4
2025-08-28,76.6,60.6,Distribution,73.3,51.4,62.2,72.2,35.2,52.2
2025-08-29,73.5,59.4,Distribution,70.1,48.9,62.7,71.8,38.9,51.2
2025-08-30,73.5,59.4,Distribution,70.4,49,61.4,71.9,40,51.2
2025-08-31,73.1,59.2,Distribution,69.5,48.5,62.7,73.1,38.4,51.2
2025-09-01,73.3,59.3,Distribution,70.6,48.9,61.4,75.6,35.7,50.3
2025-09-02,77.5,61,Distribution,72.8,50.3,61.9,76.5,41.1,48.6
2025-09-03,79.7,61.9,Distribution,73.5,50.3,63,77.4,44.5,49.6
2025-09-04,75.3,60.1,Distribution,72.2,49.9,62.6,77.1,32.3,50.5
2025-09-05,76.2,60.5,Distribution,71.4,49.4,62.2,76.5,40.7,51.2
2025-09-06,75.6,60.2,Distribution,71,49.1,62.3,76.1,40.4,51.2
2025-09-07,75,60,Distribution,70.8,49.6,62,74.5,39.7,51.2
2025-09-08,77.4,61,Distribution,70.9,49.6,63.1,75.5,45.6,51.1
2025-09-09,77.6,61.1,Distribution,70.9,49.3,62.7,75.9,47.9,50.9
2025-09-10,79.8,61.9,Distribution,72.9,50.3,63,76.7,47.2,50.2
2025-09-11,80.9,62.4,Distribution,73.1,50.6,63.9,77.3,47.2,51
2025-09-12,81.3,62.5,Distribution,73.8,51.1,64.5,78.1,43.4,50.9
2025-09-13,78,61.2,Distribution,73.4,50.8,63.9,77.7,33.7,50.9
2025-09-14,77.8,61.1,Distribution,72.7,50.3,64.5,76.3,36.6,50.9
2025-09-15,79.6,61.8,Distribution,73,50.1,64.3,76.6,43.9,50.2
2025-09-16,81.3,62.5,Distribution,73.7,50.7,64.3,77,46.5,50
2025-09-17,81.7,62.7,Distribution,73.9,50.8,64.6,76.9,46.5,50.8
2025-09-18,79.6,61.8,Distribution,74.7,51.4,64.5,77.9,33.6,50.5
2025-09-19,82,62.8,Distribution,74.3,50.7,64.8,78.4,44.9,51
2025-09-20,82.2,62.9,Distribution,74.5,50.7,64.1,78.6,46.1,51
2025-09-21,80.3,62.1,Distribution,73.3,50.3,64.4,79.1,42,51
2025-09-22,77.8,61.1,Distribution,71.4,48.4,64.1,78.3,44.7,49.9
2025-09-23,75.3,60.1,Distribution,70.3,47.9,64,77.8,40.1,49.9
2025-09-24,76.4,60.6,Distribution,71.6,48.8,64.2,77.8,37.7,50
2025-09-25,73.2,59.3,Distribution,68.4,46.6,64.3,76.8,41.2,48.7
2025-09-26,72.1,58.8,Distribution,68.8,46.8,62.5,76.4,37.9,50.7
2025-09-27,70.8,58.3,Distribution,68.4,46.7,63.3,76.2,33.2,50.7
2025-09-28,75.3,60.1,Distribution,71.3,48,63.7,73.3,41.2,50.7
2025-09-29,78.9,61.6,Distribution,72.6,49,65.5,74.4,45.2,49.5
2025-09-30,75.8,60.3,Distribution,71.4,48.3,65.7,75.8,36.7,49.7
2025-10-01,84.3,63.7,Distribution,74.9,51,70.1,73.1,46.8,50
2025-10-02,86.1,65.6,Cycle Top,78.9,52.4,72,73.7,45.7,49.2
2025-10-03,86.5,66.1,Cycle Top,80.8,53.1,71.9,74.3,43,49.4
2025-10-04,85.9,65.3,Cycle Top,80.2,52.9,72.8,74.4,35.9,49.4
2025-10-05,86.5,66.1,Cycle Top,80.9,53.3,73.4,74.4,39.5,49.4
2025-10-06,87.3,67.3,Cycle Top,81.2,54,72.8,75.4,48.1,49.9
2025-10-07,85.8,65.2,Cycle Top,79.2,52.6,72.7,75.7,37,48.7
2025-10-08,86.4,66,Cycle Top,79.7,53.5,71.8,75.8,43.3,49.3
2025-10-09,86.3,65.8,Cycle Top,78.3,52.6,72.8,75.7,45.8,48.7
2025-10-10,77.9,61.2,Distribution,70.7,48.9,72.3,75.1,35.4,44.9
2025-10-11,72.7,59.1,Distribution,67.7,46.9,67.8,74.6,37.8,44.9
2025-10-12,77.3,60.9,Distribution,70.5,49.1,67.4,74,43.8,44.9
2025-10-13,78.2,61.3,Distribution,70.7,48.8,69.2,73.6,43.6,46.4
2025-10-14,75.9,60.4,Distribution,68.3,47.5,69.2,73.4,45.2,45.7
2025-10-15,73.3,59.3,Distribution,66.3,45.8,69,72.9,46.1,46.1
2025-10-16,66,56.4,Caution,64.6,44.6,68.2,72.1,27.5,44.7
2025-10-17,64.3,55.7,Caution,62.5,43.6,67.3,71.6,31.2,46.2
2025-10-18,65.2,56.1,Caution,63.1,43.8,67.5,71.4,32.2,46.2
2025-10-19,68.4,57.4,Caution,64.8,44.5,68.6,73.2,34.6,46.2
2025-10-20,67.5,57,Caution,65.7,45.3,68.6,73.3,25.4,47.6
2025-10-21,67.5,57,Caution,64.7,44.3,69.2,74.1,28.7,47.6
2025-10-22,65.6,56.2,Caution,63.5,43.7,68,74,29,46.9
2025-10-23,68.6,57.4,Caution,65.6,44.7,68.4,74.1,30.8,47.9
2025-10-24,68.8,57.5,Caution,66.5,45.1,68.9,74.4,26,49
2025-10-25,72.1,58.9,Distribution,66.7,45.3,69.6,74.6,36.9,49
2025-10-26,73.6,59.5,Distribution,68.9,46.5,70.1,74.9,32,49
2025-10-27,72.4,59,Distribution,67.8,46,71.7,75.2,28,49.7
2025-10-28,70.5,58.2,Distribution,66.4,45,71.5,75.1,27.4,48.9
2025-10-29,71.3,58.5,Distribution,64.3,43.6,71.8,74,41.8,48.2
2025-10-30,65.2,56.1,Caution,62.7,42.6,69.6,72.1,31.4,47.6
2025-10-31,70.2,58.1,Distribution,64.9,43.5,69.1,71.2,44.7,47.2
2025-11-01,68.5,57.4,Caution,64.9,43.6,72.1,66.3,36.7,45.9
2025-11-02,68.5,57.4,Caution,65.2,43.8,72.4,65.2,35.7,45.9
2025-11-03,65.5,56.2,Caution,60.8,41.3,73.3,64.6,42.1,46.3
2025-11-04,60.3,53.5,Caution,57.9,38.8,70.4,63.3,38,44.7
2025-11-05,60.5,53.7,Caution,58.9,39.9,70.7,61.5,34.8,45.6
2025-11-06,59.6,53.1,Caution,57.7,38.7,71.5,60.7,35,44.6
2025-11-07,60.5,53.7,Caution,58.6,39.4,71,60.9,36.9,45.3
2025-11-08,59.5,53,Caution,57.6,38.8,70.3,60.8,36.2,45.3
2025-11-09,59.9,53.3,Caution,58.8,39.9,70.8,61.4,31,45.3
2025-11-10,61.8,54.5,Caution,59.4,40.4,72,61.6,37.3,46.3
2025-11-11,59.7,53.1,Caution,57.1,38.7,71.5,61.4,35.6,46.6
2025-11-12,58.6,52.4,Caution,56.8,38.1,71.2,61.3,31.6,46.1
2025-11-13,56.4,51,Caution,55.8,37.1,70.2,60.5,26.4,44.9
2025-11-14,54.6,49.7,Caution,53.1,34.4,70.3,60.4,28.7,44.7
2025-11-15,54.4,49.6,Caution,53.3,34.8,69.9,60.4,26.5,44.7
2025-11-16,54.4,49.6,Caution,52.9,34.2,70,65.1,24.3,44.7
2025-11-17,55.1,50.1,Caution,52.5,33.3,70.3,64.5,33.3,43.3
2025-11-18,53.5,49,Caution,52.7,33.8,70.1,64.3,21.7,42.5
2025-11-19,53.3,48.8,Caution,52.2,33.1,70.4,64,22.8,42.7
2025-11-20,50.8,47.2,Caution,49.8,30.6,70.2,62.5,22.3,41.8
2025-11-21,49.9,46.6,Neutral,48.7,29.6,70.4,62.6,21.4,42.5
2025-11-22,50.7,47.2,Caution,48.6,29.4,70.3,62.5,27.8,42.5
2025-11-23,51.6,47.8,Caution,50.8,30.6,70.4,62.5,24,42.5
2025-11-24,52.5,48.3,Caution,51.3,31.3,70.9,63.3,24,44.4
2025-11-25,52.3,48.2,Caution,50.8,30.7,71.1,63.1,25,45.7
2025-11-26,51.7,47.8,Caution,51.9,32,70.7,63.7,13.8,46.7
2025-11-27,54.5,49.7,Caution,52.9,32.3,71.5,63.6,27.4,46.6
2025-11-28,52.9,48.6,Caution,52.5,32,72.1,62.6,18.1,47.8
2025-11-29,53.9,49.3,Caution,52.6,31.9,72.6,62.6,23.2,47.8
2025-11-30,51.4,47.6,Caution,52.2,31.6,72.6,55.4,16.1,47.8
2025-12-01,50.2,46.8,Caution,49.3,29.3,70.9,53.6,27.4,47.7
2025-12-02,50.8,47.2,Caution,52,31.7,70.8,53.8,16.8,48.6
2025-12-03,51.9,47.9,Caution,53.1,32.7,71.7,54.2,16,49.5
2025-12-04,51.4,47.6,Caution,52.6,32,71.4,53.9,16.1,50.1
2025-12-05,49.8,46.6,Neutral,50.7,30,71.8,53.9,15.8,50.4
2025-12-06,49.1,46.1,Neutral,50.6,30,70.9,53.8,13.3,50.4
2025-12-07,52.6,48.4,Caution,51.1,30.6,70.5,62,25.8,50.4
2025-12-08,52.3,48.2,Caution,51.4,30.7,70.5,62,23.5,49
2025-12-09,52.9,48.6,Caution,52.3,31.8,70.9,62.4,21.1,48.5
2025-12-10,51.5,47.7,Caution,51.4,30.9,71.6,62.4,14.7,50.2
2025-12-11,53.4,49,Caution,51.8,31.3,72.2,62.1,23.4,51.9
2025-12-12,52.5,48.3,Caution,50.4,30,72.2,62,25.1,50.8
2025-12-13,51.3,47.5,Caution,50.5,30,71.2,62.1,18.9,50.8
2025-12-14,49.8,46.6,Neutral,49,28.7,70.9,62.2,17.4,50.8
2025-12-15,48.1,45.4,Neutral,47.8,27.8,70.5,60.6,14.7,50
2025-12-16,48.9,45.9,Neutral,48.8,28.5,70.1,60.6,15.8,50
2025-12-17,48.8,45.9,Neutral,47.8,27.8,70.5,60.7,19.8,48.5
2025-12-18,48,45.3,Neutral,47.5,27.3,70.6,60.5,16.3,49.4
2025-12-19,49.8,46.6,Neutral,49.2,28.7,70.6,60.4,18.9,51.8
2025-12-20,50.2,46.8,Caution,49.4,28.8,70.9,61.6,18.6,51.8
2025-12-21,50.5,47,Caution,50,29,71,61.2,18.8,51.8
2025-12-22,50.1,46.7,Caution,49.4,28.4,71.9,61,16.8,53.2
2025-12-23,48.9,46,Neutral,47.9,27.5,71.8,60.3,16.8,53.5
2025-12-24,49.5,46.3,Neutral,48.4,27.5,71.8,60.1,18.4,54.5
2025-12-25,50,46.6,Caution,47.9,27.2,71.6,59.8,24.3,54.5
2025-12-26,48.6,45.7,Neutral,47.9,27.2,71.1,59.2,17.2,54.2
2025-12-27,50,46.7,Caution,48.2,27.4,71.7,59.1,23.9,54.2
2025-12-28,48.2,45.5,Neutral,48,27.4,71.9,54.7,16.5,54.2
2025-12-29,48.9,45.9,Neutral,47.7,27.1,72,54.5,23.8,53.1
2025-12-30,49.5,46.4,Neutral,48.5,27.8,71.8,55,23.4,53.1
2025-12-31,46.9,44.6,Neutral,47.8,27.4,71.5,49.9,15.4,52.1
2026-01-01,47.2,44.8,Neutral,48.7,28,69.8,50,16.4,52.2
2026-01-02,49.3,46.2,Neutral,49.5,28.5,70.9,51.3,22.5,52.9
2026-01-03,49.2,46.2,Neutral,49.8,28.9,70.7,51.6,20.3,52.9
2026-01-04,50.2,46.8,Caution,50.2,29.5,69.7,55.3,22.3,52.9
2026-01-05,51.6,47.7,Caution,51.3,30.6,69.5,58,23.5,52.4
2026-01-06,50.9,47.2,Caution,50.9,30.3,71.5,56.8,17.8,52.6
2026-01-07,49.3,46.2,Neutral,49.9,28.8,71,55.8,16.5,51.6
2026-01-08,49.2,46.1,Neutral,50.5,28.9,68.9,54.8,19.5,51.4
2026-01-09,48.4,45.6,Neutral,50.6,28.5,68.4,54.1,15.6,52.3
2026-01-10,48.1,45.4,Neutral,50,28.3,67.8,54.1,17.6,52.3
2026-01-11,50.4,46.9,Caution,50.4,28.6,68.2,59.5,24.5,52.3
2026-01-12,48.8,45.9,Neutral,50.7,28.7,67.5,59.8,14.4,51.7
2026-01-13,51.8,47.9,Caution,53.3,31.4,67,61.7,19.5,50.6
2026-01-14,53.4,48.9,Caution,54.3,32.3,69.4,64.2,17.5,49.7
2026-01-15,53,48.7,Caution,53.9,31.2,70.8,63.6,16.2,50.6
2026-01-16,52.8,48.5,Caution,53.9,31.4,69,62.5,19.3,50.7
2026-01-17,51.9,47.9,Caution,53.4,31,68.8,62.7,15.9,50.7
2026-01-18,51.5,47.7,Caution,52.4,30,68.4,63,19.4,50.7
2026-01-19,50.3,46.9,Caution,51.8,29.1,67.5,63.9,17.7,48
2026-01-20,45.9,43.9,Neutral,48.5,26.1,61.7,61.6,19.5,47.6
2026-01-21,45,43.4,Neutral,48.8,26.4,59.9,60.5,15.7,50
2026-01-22,43.9,42.6,Neutral,47.7,25.7,59.1,60.3,14,51.6
2026-01-23,44.5,43,Neutral,46.8,25.3,59.3,60.1,21.8,51.2
2026-01-24,43,42,Neutral,46.5,25.1,59.2,60.1,13.5,51.2
2026-01-25,40.6,40.4,Neutral,45.3,23.7,58.9,54.9,10.7,51.2
2026-01-26,41.1,40.7,Neutral,46.2,24.4,57.7,54.8,11.5,51.6
2026-01-27,41.6,41.1,Neutral,46.4,24.3,59.3,54.4,11.9,51.8
2026-01-28,41.4,40.9,Neutral,46.4,24.1,59,54.3,12.1,51.8
2026-01-29,39.4,39.4,Neutral,44.6,21.7,58.3,52.4,11.1,51.2
2026-01-30,39.2,39.2,Neutral,44.9,22,56.3,52.2,12.8,50.4
2026-01-31,38.1,38.1,Neutral,43.2,19.3,56.8,52.1,11.6,50.4
2026-02-01,38.3,38.3,Neutral,43,18.2,59.4,52.2,11.7,51.4
2026-02-02,38.8,38.8,Neutral,44.1,19.3,58.9,52,11.5,52.5
2026-02-03,37.5,37.5,Neutral,42.5,16.9,59.1,51.6,10.6,50.8
2026-02-04,36.8,36.8,Neutral,42,15.4,58.8,50.5,10.7,50.2
2026-02-05,34.9,34.9,Neutral,39.6,10.1,58.4,49.5,14.4,48.2
2026-02-06,36.4,36.4,Neutral,41.4,13.8,57,50.6,14.6,50.9
2026-02-07,35.6,35.6,Neutral,41,13.1,56.8,50.7,10.5,50.9
2026-02-08,36.3,36.3,Neutral,41.1,13.4,57.1,51.3,14.9,50.9
2026-02-09,35.9,35.9,Neutral,40.9,13,57.2,51.7,12.4,51.5
2026-02-10,35.3,35.3,Neutral,40.6,12.3,56.3,51.7,10.8,51.1
2026-02-11,34.5,34.5,Neutral,40.1,11,56.6,50.9,8,51
2026-02-12,34.4,34.4,Neutral,40.2,10.8,56.4,49.9,9.2,48.6
2026-02-13,35.5,35.5,Neutral,41,12.2,56.4,50.2,14.3,48.8
2026-02-14,35.1,35.1,Neutral,41.3,12.8,56,50.2,8.5,48.8
2026-02-15,35.1,35.1,Neutral,41.1,12.2,55.8,50.3,10.6,48.8
2026-02-16,36,36,Neutral,41,12.2,55.4,50.8,20.8,48.5
2026-02-17,34.9,34.9,Neutral,40.5,11.3,55.7,50.6,13.3,48.8
2026-02-18,34.5,34.5,Neutral,40.7,10.9,55.3,50.3,10.6,49.2
2026-02-19,35.8,35.8,Neutral,41,11.1,54.6,50.6,23,48.7
2026-02-20,36.3,36.3,Neutral,41.3,11.6,54.6,51.1,24.9,49.4
2026-02-21,36.1,36.1,Neutral,41,11.6,54.4,51.1,24.1,49.4
2026-02-22,35.3,35.3,Neutral,40.6,11.2,54.1,49.6,21.2,49.4
2026-02-23,35.4,35.4,Neutral,39.5,9.6,53.8,48.8,31.5,48.1
2026-02-24,34.8,34.8,Neutral,39.1,9.4,53.4,49.2,26.8,49.1
2026-02-25,36.4,36.4,Neutral,40.3,11.2,53.1,50.8,32.7,50.5
2026-02-26,36,36,Neutral,40.1,11,53,51,30.7,49.8
2026-02-27,34.5,34.5,Neutral,39.4,9.9,52.6,49.3,23.1,48.9
2026-02-28,35.3,35.3,Neutral,39.9,10.7,52.4,50,27.3,48.9
2026-03-01,35.2,35.2,Neutral,39.8,10.1,49.8,55.4,27.6,48.9
2026-03-02,36,36,Neutral,40.7,11.7,49.2,56.9,29.3,47.6
2026-03-03,35.7,35.7,Neutral,40.5,11.7,49.7,57.2,26.5,45.7
2026-03-04,37,37,Neutral,42.2,14.2,49.3,58.2,27.3,47.3
2026-03-05,35.9,35.9,Neutral,42.1,13.4,50.7,58.1,16.4,45.8
2026-03-06,35.8,35.8,Neutral,40.8,11.6,49.8,57.8,26.3,44.7
2026-03-07,34.6,34.6,Neutral,40.2,11.2,49.1,58.4,18.7,44.7
2026-03-08,34.4,34.4,Neutral,39.6,10.6,49.3,63,14.9,44.7
2026-03-09,35,35,Neutral,40.3,11.5,48.9,63.5,16.2,45.3
2026-03-10,35.6,35.6,Neutral,40.9,12.1,49.5,63.7,17.3,46.1
2026-03-11,35.6,35.6,Neutral,40.8,12.2,49.1,63.7,17.9,45.9
2026-03-12,35.7,35.7,Neutral,41.4,12.6,49.3,63.3,17.2,43.8
2026-03-13,36.2,36.2,Neutral,41.9,13.5,49.7,63.8,17.2,43.7
2026-03-14,36.1,36.1,Neutral,42.2,13.6,49.5,64.2,15.1,43.7
2026-03-15,36.7,36.7,Neutral,43.1,14.3,49.9,64.4,16,43.7
2026-03-16,37.4,37.4,Neutral,43.4,15.3,51,65.1,16.6,45.1
2026-03-17,37.3,37.3,Neutral,43,14.3,51.4,65.8,16.9,45.4
2026-03-18,36.4,36.4,Neutral,42.1,13.1,50.9,65,15.9,44.1
2026-03-19,35.8,35.8,Neutral,40.8,11.9,50.6,64.9,18.1,43.8
2026-03-20,35.3,35.3,Neutral,41.2,12.6,49.4,64.8,12.5,43.4
2026-03-21,34.8,34.8,Neutral,40.3,11.5,49.6,64.9,12.3,43.4
2026-03-22,33.5,33.5,Neutral,39.8,11,49,57.7,10.8,43.4
2026-03-23,35.1,35.1,Neutral,41.7,12.8,49,58,16.1,43.9
2026-03-24,35,35,Neutral,41.5,12.6,49.7,57.1,15.6,43.4
2026-03-25,35.1,35.1,Neutral,42.3,13.5,49.8,57.4,11.6,43.8
2026-03-26,34.3,34.3,Neutral,41,12.1,49.3,56.2,13.2,42.7
2026-03-27,33.7,33.7,Neutral,39.5,10.7,49.2,54.8,16.9,42.7
2026-03-28,32.9,32.9,Neutral,39.5,10.7,49,54.6,10.5,42.7
2026-03-29,33.1,33.1,Neutral,39.4,10.6,49.1,51.1,15.4,42.7
2026-03-30,32.7,32.7,Neutral,39.9,11,49.2,51.2,9.4,41.8
2026-03-31,33.7,33.7,Neutral,40.2,11.5,49.2,58.7,8.8,43
2026-04-01,33.2,33.2,Neutral,39.9,11.4,47.8,57.3,8.8,44.4
2026-04-02,33.2,33.2,Neutral,38.9,10.6,48.1,57,13.8,44.2
2026-04-03,33.4,33.4,Neutral,39.1,10.7,47,56.2,17.5,43.9
2026-04-04,33.6,33.6,Neutral,39.2,11.1,48.1,56.5,16,43.9
2026-04-05,34,34,Neutral,40,12.2,47.7,57,15.2,43.9
2026-04-06,35,35,Neutral,39.7,11.9,48.8,58.3,23.3,44
2026-04-07,34.6,34.6,Neutral,40.8,12.9,47,57.8,16.9,43.9
2026-04-08,35.1,35.1,Neutral,40.5,12.5,49.7,57.4,17.8,46.7
2026-04-09,35.1,35.1,Neutral,40.6,12.8,48,57.6,19.8,47.9
2026-04-10,35.4,35.4,Neutral,41.3,13.6,47.4,57.9,19.6,48
2026-04-11,34.9,34.9,Neutral,41.2,13.6,46.1,57.8,16.9,48
2026-04-12,34.7,34.7,Neutral,40.1,12.3,47.6,61.1,15.6,48
2026-04-13,36.3,36.3,Neutral,41,14.2,48.5,60.7,22.3,48.5
2026-04-14,35.7,35.7,Neutral,40.4,13.8,46.9,62.3,20.6,49.3
2026-04-15,36.5,36.5,Neutral,40.7,14,47.3,62.8,25.7,49.9
2026-04-16,36.1,36.1,Neutral,40.8,14.3,48.6,62.8,17.7,50.1
2026-04-17,36.8,36.8,Neutral,41.4,15.7,48.7,65,17,50.7
2026-04-18,36.1,36.1,Neutral,41.1,14.7,48.9,65,12.4,50.7
2026-04-19,36,36,Neutral,40.5,13.6,49.5,66.3,13.7,50.7
2026-04-20,37,37,Neutral,42.1,14.7,49.5,66.8,16.6,49.5
2026-04-21,36.6,36.6,Neutral,42.1,15.2,49.8,66.1,11.7,48.8
2026-04-22,37.4,37.4,Neutral,42.9,16.5,49.7,67.1,13.5,48.9
2026-04-23,37.7,37.7,Neutral,43.2,16.8,50.8,67,12.7,48.7
2026-04-24,37.4,37.4,Neutral,42.7,16,51,67.1,11.7,49.4
2026-04-25,37.5,37.5,Neutral,43.4,16.2,49.4,67.2,14.1,49.4
2026-04-26,37.2,37.2,Neutral,43.4,16.9,50.5,61.8,12.4,49.4
2026-04-27,37.2,37.2,Neutral,42.6,15.6,51.9,61.3,14.3,50.5
2026-04-28,36.3,36.3,Neutral,42.2,14.9,50.5,61,12.6,49.9
2026-04-29,36.4,36.4,Neutral,43.2,14.9,49.7,60.1,13,48.7
2026-04-30,36.6,36.6,Neutral,42.9,14.7,50.5,61.4,13.3,50.7
2026-05-01,37.4,37.4,Neutral,44.9,16.1,47.7,64,14,51.6
2026-05-02,38.1,38.1,Neutral,45.7,16.4,47.9,63.9,17.3,51.6
2026-05-03,37.8,37.8,Neutral,44.9,16.2,50.7,63.9,12.1,51.6
2026-05-04,39.1,39.1,Neutral,47.1,17.5,50.2,65,15.3,50.2
2026-05-05,39.5,39.5,Neutral,48,17.8,50.5,65.4,15.1,51
2026-05-06,40.2,40.2,Neutral,50.6,18,49.7,64.9,15.1,51
2026-05-07,39.3,39.3,Neutral,48.1,17.3,50.8,64.4,14.1,51.4
2026-05-08,39.1,39.1,Neutral,48.2,17.1,49.6,64.8,13.7,51.2
2026-05-09,39.8,39.8,Neutral,48.3,17.4,49.3,64.3,20.9,51.2
2026-05-10,40.2,40.2,Neutral,49.1,18.5,50.5,61.8,19.6,51.2
2026-05-11,39.7,39.7,Neutral,49,18.1,51.7,62.5,13.3,50.2
2026-05-12,40.3,40.2,Neutral,49,17.2,51.1,61.8,22.7,50.1
2026-05-13,38.8,38.8,Neutral,48.4,16.2,50.5,60.8,15.1,50.4
2026-05-14,39.1,39.1,Neutral,48.7,17.9,49.9,60.9,13.6,50.7
2026-05-15,39.1,39.1,Neutral,47.8,16.9,49.9,59.5,20.9,49.9
2026-05-16,38.4,38.4,Neutral,47.6,16.2,48.3,59.5,19.3,49.9
2026-05-17,39.1,39.1,Neutral,47.2,15.8,49,66.1,20.9,49.9
2026-05-18,38.5,38.5,Neutral,47,15.1,48.5,64.4,19,51.1
2026-05-19,38.7,38.7,Neutral,47.4,15.4,49.4,63.6,18.7,50.5
2026-05-20,38.9,38.9,Neutral,47.3,15.6,50,63,19.2,51.2
2026-05-21,38.8,38.8,Neutral,47.1,15.7,48.7,62.8,22.2,51.1
2026-05-22,37.6,37.6,Neutral,46.1,14.4,48.4,61.9,17.6,50.8
2026-05-23,38.2,38.2,Neutral,46.8,15.2,47.1,61.8,22.6,50.8
2026-05-24,38.3,38.3,Neutral,47.3,15.1,46.4,61.7,23.2,50.8
2026-05-25,37.5,37.5,Neutral,47.6,15.3,48.2,51.1,21,50.9
2026-05-26,37.6,37.6,Neutral,45.9,14.4,48.6,50.6,29.5,51.1
2026-05-27,36.2,36.2,Neutral,45.3,13.7,47.5,49.4,21.3,51.8
2026-05-28,36.3,36.3,Neutral,45,13,49.1,49.5,21.9,52.5
2026-05-29,36.5,36.5,Neutral,44.4,12.7,48.8,49.5,26.4,52.9
2026-05-30,35.8,35.8,Neutral,44.9,13.1,47.3,49.4,19.9,52.9
2026-05-31,35.7,35.7,Neutral,44,13,48.2,49.1,20.1,52.9
2026-06-01,35,35,Neutral,42.2,11.6,49.1,48.4,21.5,51.7
2026-06-02,32.3,32.3,Neutral,36.6,8.6,49.6,47.3,18.8,52.1
2026-06-03,31,31,Neutral,35.5,6.8,48.7,46.1,17.9,51.4
2026-06-04,31.3,31.3,Neutral,36.1,6.7,49,46.1,17.6,52.2
2026-06-05,30.6,30.6,Neutral,35.3,5.6,49,45.3,19.6,46.6
2026-06-06,29.6,29.6,Accumulation,35.4,5.5,45.3,45.3,16.9,46.6
2026-06-07,30.6,30.6,Neutral,36.4,6.9,45.4,49.5,15.7,46.6
2026-06-08,30.4,30.4,Neutral,35.9,6.8,44.5,49.8,16.2,48.3
2026-06-09,29.8,29.8,Accumulation,35.2,6.1,44.6,49.5,14.5,47.7
2026-06-10,29.9,29.9,Accumulation,35,6.1,46,49.3,14,46.6
2026-06-11,30.4,30.4,Neutral,35.6,7.2,45.4,49.5,14.9,48
2026-06-12,30.5,30.5,Neutral,35.4,7.2,45,49.6,16,49.6
2026-06-13,30.8,30.8,Neutral,35.6,7.9,44.7,49.6,17.7,49.6
2026-06-14,30.1,30.1,Neutral,35.8,8.8,44.4,49.6,8.4,49.6
2026-06-15,31,31,Neutral,36.5,9.4,45.5,50.2,10.5,51.4
2026-06-16,30.7,30.7,Neutral,36.5,8.8,44.8,50,10,51
2026-06-17,30.8,30.8,Neutral,36.5,8.2,46,49.9,11.8,48.5
2026-06-18,29.8,29.8,Accumulation,35,7.1,46.2,49.9,8.8,49.4
2026-06-19,30.4,30.4,Neutral,35.9,7.6,45.7,49.9,11.9,49
2026-06-20,30.3,30.3,Neutral,36.6,8.2,44.5,49.9,9.3,49
2026-06-21,29.8,29.8,Accumulation,35.1,7.5,45.8,48.6,9.4,49
2026-06-22,29.8,29.8,Accumulation,35.7,8.2,44.5,48.6,8.6,48.3
2026-06-23,29.9,29.9,Accumulation,34.9,7.7,46.3,48.2,10.5,46.7
2026-06-24,29.6,29.6,Accumulation,34.1,6.7,45.7,47.8,14.6,46.8
2026-06-25,28.5,28.5,Accumulation,33.8,6,43.6,47.5,10,46.9
2026-06-26,29.2,29.2,Accumulation,34.1,6.2,44.6,47.7,13.2,47.5
2026-06-27,29.9,29.9,Accumulation,34,6.2,44.5,47.8,21,47.5
2026-06-28,30.2,30.2,Neutral,33.1,6,45.2,47.8,25.7,47.4
2026-06-29,30,30,Neutral,33.8,6.5,45.1,47.7,20.3,47.8
2026-06-30,29,29,Accumulation,32.2,5.6,46.1,41.9,20.7,49.3
2026-07-01,29.1,29.1,Accumulation,33.9,6.5,41.2,44.3,22.4,49.1
2026-07-02,30,30,Neutral,34.7,7.4,42.4,45,22.6,50.2
2026-07-03,30.4,30.4,Neutral,35.3,8,43.2,45.2,20.9,50.7
2026-07-04,30.2,30.2,Neutral,35.3,8.5,41.1,45.1,22.4,50.7
2026-07-05,30.3,30.3,Neutral,35.7,8.9,40.1,45.2,23.2,50.7
2026-07-06,30.2,30.2,Neutral,35.4,9.1,40.1,45.6,21.5,50.9
2026-07-07,30.1,30.1,Neutral,35.2,8.8,40.8,45.4,21.1,50.2
2026-07-08,28.8,28.8,Accumulation,33.8,8,38.4,45.1,20.6,48.9
2026-07-09,29.6,29.6,Accumulation,34.4,8.7,39.8,45,20.7,50.8
2026-07-10,29.9,29.9,Accumulation,35.1,9.3,39.3,45.2,20.7,51.9
2026-07-11,29,29,Accumulation,35.4,9.2,40.3,45.2,9.3,51.9
2026-07-12,28.7,28.7,Accumulation,34.5,9.3,39.8,45.1,9.7,51.9
2026-07-13,28.1,28.1,Accumulation,33.2,8.3,40.6,44.7,10,49.2
2026-07-14,29.2,29.2,Accumulation,35.3,10,39.7,45.1,11,50.4
2026-07-15,29.5,29.5,Accumulation,34.6,9.6,40.7,45.5,14.3,51.7
2026-07-16,28.3,28.3,Accumulation,33.2,9,40.4,45.2,10.3,50.3
2026-07-17,28.5,28.5,Accumulation,33.6,9.2,40.9,45.2,10.4,48
2026-07-18,28.7,28.7,Accumulation,35,10,39.1,45.3,9.6,48
2026-07-19,29.1,29.1,Accumulation,34.4,9.9,39.9,45.2,13.5,48
2026-07-20,29.7,29.7,Accumulation,34.5,10.2,41.4,45.5,15.4,48.2
2026-07-21,29.6,29.6,Accumulation,34.8,11.2,40.4,46.4,11.6,49.4
2026-07-22,29.4,29.4,Accumulation,34.4,11,41.7,46.1,9.1,49.7
2026-07-23,29,29,Accumulation,34,10.5,41.3,45.6,10,47.5
2026-07-24,28.4,28.4,Accumulation,32.9,9.6,40.4,45.6,10.5,47.8
2026-07-25,28.5,28.5,Accumulation,32.9,9.8,39.2,46.1,13.7,47.8
2026-07-26,29,29,Accumulation,34,10.6,39.2,46.7,12.4,47.8
2026-07-27,28.7,28.7,Accumulation,32.5,9.4,40.9,47.2,13.3,47.6
2026-07-28,28.8,28.8,Accumulation,32.8,9.6,40.6,47.1,13,48.2
2026-07-29,29.2,29.2,Accumulation,33.2,9.8,42.3,47.1,13.1,46.8
2026-07-30,29.2,29.2,Accumulation,32.9,10.1,40.6,48.2,13.6,50.4
2026-07-31,28,28,Accumulation,30.4,8.6,37.8,47.7,17.7,51.9
2026-08-01,27.2,27.2,Accumulation,30.3,8.7,36.1,45.4,15.5,52.7
2026-08-02,27.7,27.7,Accumulation,30.7,9.1,37.2,45.4,16.1,52.7
2026-08-03,27.8,27.8,Accumulation,30.9,9.4,37.4,46,14.4,52.9
2026-08-04,28.3,28.3,Accumulation,30.9,9.6,39.5,46.4,14.4,52
2026-08-05,28.5,28.5,Accumulation,31.7,9.9,38.8,46.4,14.2,53.1
2026-08-06,28.4,28.4,Accumulation,31.4,9.9,38.5,46.4,14.4,53.7
2026-08-07,28.8,28.8,Accumulation,31.9,10.2,39.1,47,14.1,54.5
2026-08-08,29.1,29.1,Accumulation,31.6,10.3,39.4,47,17.2,54.5
2026-08-09,29,29,Accumulation,31.6,10.2,40,46.9,15,54.5
2026-08-10,28.6,28.6,Accumulation,30.4,9.7,40.6,46.6,15.6,53.8
2026-08-11,28.2,28.2,Accumulation,30.2,9.4,39.9,46.6,15.1,54.1
2026-08-12,28.2,28.2,Accumulation,29.4,9.3,39.1,47,17.6,55.1
2026-08-13,28.3,28.3,Accumulation,29.7,9.4,40.2,46.7,15.6,55.1
2026-08-14,28,28,Accumulation,29.1,9,40.2,46.1,15.9,56
2026-08-15,28.1,28.1,Accumulation,29.3,9.1,40.5,45.9,15.2,56
2026-08-16,27.9,27.9,Accumulation,29.2,9,40.3,45.8,14.6,56
2026-08-17,29,29,Accumulation,30.9,9.9,39.7,46.5,18.6,55.1
2026-08-18,29.1,29.1,Accumulation,31.4,10.3,39.5,46.6,18.1,54.1
2026-08-19,31.3,31.3,Neutral,34.9,13.4,40.9,47.7,18.1,54.7
2026-08-20,33.5,33.5,Neutral,37.9,15.9,43.6,48.8,18.9,53.7
2026-08-21,35.8,35.8,Neutral,40.5,19.2,44.8,49.8,21.3,54.7
2026-08-22,35.3,35.3,Neutral,39.6,18.3,46.2,50.1,18.8,54.7
2026-08-23,35.3,35.3,Neutral,40.1,18.8,45.8,50.3,16.7,54.7
2026-08-24,36.2,36.2,Neutral,41.6,19.8,46.7,50.7,16.7,53.3
2026-08-25,36.2,36.2,Neutral,41.5,19.4,46.9,51.6,16.9,53.9
2026-08-26,36.3,36.3,Neutral,42.1,19.8,45.6,51.7,16.9,54.1
2026-08-27,37,37,Neutral,42.8,20.5,46.2,52.9,17.1,55.2
2026-08-28,36.3,36.3,Neutral,41.2,18.9,46.6,51.7,20,54.7
2026-08-29,36.2,36.2,Neutral,41.5,19.3,46.1,51.4,18,54.7
2026-08-30,36.6,36.6,Neutral,41.6,18.9,46.2,56,18.4,54.7
2026-08-31,38.1,38.1,Neutral,43.4,19.5,45.5,60.6,23.6,54.3
2026-09-01,37.1,37.1,Neutral,43.2,18.9,41.2,65.6,19.7,52.4
2026-09-02,36.8,36.8,Neutral,42.9,18.6,40.6,65.4,19.3,53.8
2026-09-03,38.8,38.8,Neutral,46.1,21.2,40.9,67.6,20,55.4
2026-09-04,38.8,38.8,Neutral,45.2,20.2,42.5,67.1,22.2,55.1
2026-09-05,38.2,38.2,Neutral,44.6,20.3,40.3,66.9,22.4,55.1
2026-09-06,38.5,38.5,Neutral,45,20.6,41.1,66.7,22.2,55.1
2026-09-07,37.8,37.8,Neutral,44.3,19.4,40.7,62.8,25.6,54.1
2026-09-08,37,37,Neutral,43.5,19,40.5,62.4,22.2,53.7
2026-09-09,36.7,36.7,Neutral,42.6,18.9,40.6,62,22.5,52.6
2026-09-10,36.4,36.4,Neutral,41.9,18.2,40.4,61.4,24.9,51
2026-09-11,36,36,Neutral,41.9,18.5,39,61.6,21.9,52.9
2026-09-12,36.2,36.2,Neutral,41.8,18.7,38.8,61.7,24.5,52.9
2026-09-13,35.8,35.8,Neutral,41.2,18.4,38.9,61.7,22.9,52.9
2026-09-14,36.6,36.6,Neutral,42.8,19.5,38.5,63,23.6,51
2026-09-15,35.6,35.6,Neutral,40.9,17.8,39.6,61,23,50.8
2026-09-16,35.6,35.6,Neutral,41.7,18.3,37.8,59.6,25.1,49.7
2026-09-17,35.4,35.4,Neutral,41.5,18.3,37.7,60.4,21.9,52.1
2026-09-18,37.6,37.6,Neutral,45.1,21.6,37.5,61.9,23.6,52.5
2026-09-19,38.7,38.7,Neutral,45.6,21.9,40.8,61.1,26.8,52.5
2026-09-20,38.7,38.7,Neutral,45.3,21.9,40.7,64.1,24.9,52.5
2026-09-21,42.1,41.4,Neutral,47.5,25.8,41.7,66.5,30.7,52.3
2026-09-22,42.3,41.5,Neutral,47.7,25.5,42.5,67.7,29.1,53.5
2026-09-23,41,40.7,Neutral,47.5,24.8,40.5,67.7,27.5,52
2026-09-24,40.7,40.4,Neutral,47.5,25.1,39.2,67.6,27.6,51.5
2026-09-25,41,40.7,Neutral,47.2,24.7,38.7,67.3,32.1,53
2026-09-26,41,40.7,Neutral,47.6,25.1,39.2,67.1,29.6,53
2026-09-27,42.3,41.5,Neutral,47.5,25.2,41.5,68.1,32.2,53
2026-09-28,39.4,39.4,Neutral,47.2,24.4,32.9,67.9,32.1,50.9
2026-09-29,40.4,40.2,Neutral,47.1,24.8,34.6,68,36.5,50.9
2026-09-30,39.9,39.9,Neutral,47,25,35.4,63.9,35.8,50.7
2026-10-01,42.6,41.8,Neutral,47.5,26.3,43.6,64,32.9,50.4
2026-10-02,40.2,40.1,Neutral,47.1,25.8,36.8,63.7,32,52
2026-10-03,39,39,Neutral,47.2,26.1,33.7,62.9,26.8,52
2026-10-04,39,39,Neutral,47.7,27.3,31.7,64.7,25,52
2026-10-05,40.6,40.4,Neutral,47.4,26.7,39,64.8,26.5,52
2026-10-06,41.9,41.3,Neutral,47.5,26.4,38.7,65,35.6,52.7
2026-10-07,38.6,38.6,Neutral,45.9,24.7,34.5,63.3,28.2,53.1
2026-10-08,38.3,38.3,Neutral,45.3,24.4,34,63.3,28,53.1
