date,smm,raw_smm,zone,tier_timing,tier_valuation,tier_sentiment,tier_rotation,tier_miner,tier_macro
2016-01-01,38.3,38.3,Neutral,98.3,0,0,50,,0
2016-01-02,29.3,29.3,Accumulation,71.2,0,0,50,,0
2016-01-03,76.4,60.6,Distribution,98.3,66.7,0,83.3,,0
2016-01-04,37.5,37.5,Neutral,79.1,0,0,75,,50
2016-01-05,37,37,Neutral,81.4,0,0,70,,37.5
2016-01-06,38.3,38.3,Neutral,82.9,0,0,83.3,,25
2016-01-07,34.5,34.5,Neutral,83.8,0,0,50,,18.8
2016-01-08,70.8,58.3,Distribution,98.3,62.5,0,68.8,,10
2016-01-09,63.3,55.3,Caution,98.3,44.4,0,83.3,,16.7
2016-01-10,58.5,52.3,Caution,98.3,30,0,90,,21.4
2016-01-11,89.9,70.9,Cycle Top,98.3,90.9,0,95.5,,40.6
2016-01-12,89.3,70,Cycle Top,98.3,91.7,0,95.8,,19.4
2016-01-13,84.8,63.9,Distribution,88,84.6,0,92.3,,15
2016-01-14,90,71.1,Cycle Top,98.3,92.9,0,96.4,,31.8
2016-01-15,87.8,67.9,Cycle Top,98.3,86.7,0,96.7,,6.3
2016-01-16,86.6,66.3,Cycle Top,98.3,81.3,0,93.8,,9.6
2016-01-17,89.6,70.4,Cycle Top,98.3,94.1,0,97.1,,12.5
2016-01-18,89.7,70.6,Cycle Top,98.3,94.4,0,97.2,,15
2016-01-19,86.4,65.9,Cycle Top,89,89.5,0,94.7,,15.6
2016-01-20,89.2,69.9,Cycle Top,98.3,95,0,95,,2.9
2016-01-21,90.1,71.1,Cycle Top,98.3,95.2,0,97.6,,18.1
2016-01-22,85.1,64.1,Cycle Top,85.8,81.8,0,97.7,,35.5
2016-01-23,90.9,72.2,Cycle Top,98.3,95.7,0,97.8,,36.3
2016-01-24,90.9,72.3,Cycle Top,98.3,95.8,0,97.9,,36.9
2016-01-25,90.4,71.6,Cycle Top,98.3,96,0,98,,22.7
2016-01-26,87.4,67.4,Cycle Top,88.9,92.3,0,96.2,,26.1
2016-01-27,88.1,68.4,Cycle Top,90.1,92.6,0,96.3,,34.4
2016-01-28,90.4,71.6,Cycle Top,98.3,92.9,0,98.2,,38
2016-01-29,87.4,67.4,Cycle Top,88.3,89.7,0,96.6,,41.3
2016-01-30,83.5,63.4,Distribution,84.9,80,0,95,,41.7
2016-01-31,73.5,59.4,Distribution,78.8,74.2,0,91.9,,42
2016-02-01,66.7,56.7,Caution,76.4,68.8,0,89.1,,40.5
2016-02-02,80.2,62.1,Distribution,83.3,78.8,0,95.5,,32.5
2016-02-03,88,68.2,Cycle Top,98.3,79.4,0,98.5,,44.4
2016-02-04,87.5,67.5,Cycle Top,98.3,77.1,0,95.7,,48.4
2016-02-05,75.4,60.2,Distribution,85.3,69.4,0,94.4,,34.8
2016-02-06,73.9,59.5,Distribution,84,67.6,0,97.3,,35.3
2016-02-07,90.7,72,Cycle Top,98.3,94.7,0,98.7,,35.7
2016-02-08,91,72.4,Cycle Top,98.3,97.4,0,98.7,,28.5
2016-02-09,91.1,72.6,Cycle Top,98.3,97.5,0,98.8,,31.1
2016-02-10,91.1,72.5,Cycle Top,98.3,97.6,0,98.8,,29.6
2016-02-11,90.9,72.2,Cycle Top,98.3,97.6,0,98.8,,23.7
2016-02-12,88.6,69.1,Cycle Top,90.3,95.3,0,97.7,,30
2016-02-13,87.4,67.4,Cycle Top,87.3,93.2,0,96.6,,30.5
2016-02-14,86.3,65.8,Cycle Top,84.6,91.1,0,95.6,,31
2016-02-15,86,65.4,Cycle Top,84.8,89.1,0,95.7,,31.4
2016-02-16,75.2,60.1,Distribution,75.1,83,0,91.5,,33.5
2016-02-17,71.8,58.7,Distribution,70.2,81.3,0,90.6,,48.3
2016-02-18,76.4,60.6,Distribution,75.3,81.6,0,90.8,,48.4
2016-02-19,82.1,62.8,Distribution,78.1,86,0,93,,46.3
2016-02-20,71.7,58.7,Distribution,73.2,78.4,0,89.2,,46.4
2016-02-21,78.1,61.2,Distribution,76.6,82.7,0,91.3,,46.4
2016-02-22,87.6,67.6,Cycle Top,89.2,88.7,0,94.3,,49
2016-02-23,86.1,65.6,Cycle Top,85.5,87,0,96.3,,40.2
2016-02-24,90.9,72.3,Cycle Top,98.3,94.5,0,98.2,,41.8
2016-02-25,89,69.6,Cycle Top,92.6,91.1,0,96.4,,48.6
2016-02-26,86.1,65.5,Cycle Top,88.4,84.2,0,94.7,,38.4
2016-02-27,90.5,71.7,Cycle Top,98.3,93.1,0,98.3,,38.6
2016-02-28,89.9,70.8,Cycle Top,98.3,89.8,0,98.3,,38.8
2016-02-29,88.2,68.4,Cycle Top,93.3,88.3,0,95.8,,38.6
2016-03-01,93,75.2,Cycle Top,98.3,98.4,0,99.2,,74.2
2016-03-02,93.1,75.4,Cycle Top,98.3,98.4,0,99.2,,76.3
2016-03-03,93.1,75.3,Cycle Top,98.3,98.4,0,99.2,,75.5
2016-03-04,93.2,75.5,Cycle Top,98.3,98.4,0,99.2,,77.5
2016-03-05,93.2,75.4,Cycle Top,98.3,98.5,0,99.2,,77.1
2016-03-06,93.2,75.4,Cycle Top,98.3,98.5,0,99.2,,76.7
2016-03-07,88.7,69.2,Cycle Top,85.5,92.5,0,97,,74.7
2016-03-08,88.6,69,Cycle Top,86.1,92.6,0,97.1,,67.8
2016-03-09,93.1,75.3,Cycle Top,98.3,98.6,0,99.3,,73.6
2016-03-10,90.2,71.3,Cycle Top,90.6,94.3,0,97.1,,73.3
2016-03-11,89.1,69.8,Cycle Top,87.6,91.5,0,96.5,,79.6
2016-03-12,93.3,75.6,Cycle Top,98.3,98.6,0,99.3,,79.2
2016-03-13,93.3,75.6,Cycle Top,98.3,98.6,0,99.3,,78.8
2016-03-14,89.2,69.9,Cycle Top,87.5,93.2,0,98,,71
2016-03-15,90,71,Cycle Top,88.8,96,0,98,,69.3
2016-03-16,88.8,69.3,Cycle Top,86.7,90.8,0,97.4,,78
2016-03-17,83.6,63.5,Distribution,76.5,83.1,0,93.5,,80.3
2016-03-18,80.1,62,Distribution,75.4,79.5,0,93.6,,79.9
2016-03-19,76.1,60.4,Distribution,73.1,77.2,0,91.8,,79.5
2016-03-20,74.1,59.6,Distribution,72,76.3,0,90.6,,79.1
2016-03-21,86.3,65.8,Cycle Top,81,85.2,0,96.3,,79.4
2016-03-22,79.1,61.7,Distribution,76.4,78,0,93.3,,74.3
2016-03-23,86.5,66.1,Cycle Top,83,85.5,0,96.4,,72.1
2016-03-24,76.6,60.7,Distribution,75.7,76.2,0,92.3,,71.9
2016-03-25,70.5,58.2,Distribution,71.9,72.9,0,90,,71.6
2016-03-26,71.6,58.6,Distribution,72.9,73.3,0,90.1,,71.4
2016-03-27,65,56,Caution,69.5,69,0,87.4,,71.1
2016-03-28,79.2,61.7,Distribution,78.3,77.3,0,94.3,,65.6
2016-03-29,76.9,60.8,Distribution,76.6,74.2,0,94.4,,74.4
2016-03-30,81.4,62.6,Distribution,79.2,75.6,0,96.1,,80.5
2016-03-31,69.7,57.9,Caution,73,68.1,0,92.3,,78.7
2016-04-01,69,57.6,Caution,74.9,69.6,0,77.7,,83.7
2016-04-02,65.5,56.2,Caution,73.7,66.7,0,76.3,,83.4
2016-04-03,65.4,56.2,Caution,74.1,66,0,76.6,,83
2016-04-04,58.7,52.4,Caution,68.4,62.1,0,72.1,,79.1
2016-04-05,55.3,50.2,Caution,64.7,61.5,0,68.2,,72.1
2016-04-06,56.9,51.3,Caution,66.4,61.9,0,69.1,,77.4
2016-04-07,52,48,Caution,62.7,57.1,0,67.3,,67.4
2016-04-08,49.8,46.6,Neutral,61.5,52.5,0,66.7,,73.5
2016-04-09,46.2,44.1,Neutral,59.1,47,0,65.5,,73.3
2016-04-10,45.5,43.7,Neutral,58.2,46.5,0,65.3,,73
2016-04-11,44.3,42.9,Neutral,56.7,45.1,0,65.2,,75.3
2016-04-12,40.3,40.2,Neutral,53.2,38.8,0,64.1,,81.8
2016-04-13,41.3,40.9,Neutral,54.4,40.4,0,64.9,,77.6
2016-04-14,43.1,42.1,Neutral,55.5,42.9,0,65.2,,79.5
2016-04-15,41.5,41,Neutral,54.7,40.6,0,65.1,,77
2016-04-16,43.6,42.4,Neutral,55.8,43.9,0,65.9,,76.8
2016-04-17,46.8,44.5,Neutral,58.2,48.1,0,67.6,,76.5
2016-04-18,45.5,43.6,Neutral,57.1,45.9,0,67,,79.6
2016-04-19,41.7,41.1,Neutral,55.1,40,0,66.4,,77.5
2016-04-20,39.9,39.9,Neutral,53.5,36.9,0,64.4,,84.2
2016-04-21,38.7,38.7,Neutral,51.5,35.7,0,63.8,,82.2
2016-04-22,38.2,38.2,Neutral,50.6,35.4,0,62.8,,81
2016-04-23,39.5,39.5,Neutral,52.8,36.8,0,64.5,,80.8
2016-04-24,38.2,38.2,Neutral,50.7,35.7,0,62.6,,80.5
2016-04-25,37,37,Neutral,49.2,33.6,0,62.5,,78.7
2016-04-26,36.5,36.5,Neutral,48.2,32.5,0,62,,81.7
2016-04-27,37.5,37.5,Neutral,49.5,34.7,0,63.6,,78
2016-04-28,35.6,35.6,Neutral,47.3,31.1,0,62.6,,77.1
2016-04-29,36.3,36.3,Neutral,48.1,32.5,0,62.9,,75.6
2016-04-30,42.4,41.6,Neutral,55.3,41.3,0,67.8,,75.4
2016-05-01,59.3,52.9,Caution,55.3,41,49.6,67.6,,81.3
2016-05-02,70.7,58.3,Distribution,60.9,51.2,49.2,72.4,,85.6
2016-05-03,60.8,53.9,Caution,56.9,42.7,48.8,70.2,,79.4
2016-05-04,61.2,54.1,Caution,57.8,44,48.4,70.4,,73.4
2016-05-05,65.4,56.1,Caution,59.5,49.2,48,72.2,,71
2016-05-06,59.9,53.3,Caution,57,42.5,47.6,69.3,,75.2
2016-05-07,59,52.7,Caution,56.9,40.6,47.3,69.5,,75
2016-05-08,60.1,53.4,Caution,57.4,42.6,46.9,70.5,,74.8
2016-05-09,58.1,52.1,Caution,56.9,40,46.5,68.8,,71.9
2016-05-10,59.2,52.8,Caution,57.6,40.5,46.2,71,,75
2016-05-11,64,55.6,Caution,60.8,48.5,45.8,73.5,,63
2016-05-12,63.3,55.3,Caution,60.9,48.1,45.5,73.7,,60.4
2016-05-13,69.7,57.9,Caution,64.1,54.5,45.1,74.6,,54.6
2016-05-14,64.4,55.7,Caution,62.2,49.6,44.8,74.1,,54.6
2016-05-15,59.7,53.1,Caution,60,44.1,44.5,71.7,,54.6
2016-05-16,77.8,61.1,Distribution,70.7,57.7,44.2,77,,57.5
2016-05-17,85.4,64.5,Cycle Top,77.9,60.9,43.8,80.8,,52.7
2016-05-18,87.3,67.2,Cycle Top,81.3,64.7,43.5,86.3,,52.1
2016-05-19,93.1,75.3,Cycle Top,98.3,73.6,43.2,88.2,,48.6
2016-05-20,91.3,72.9,Cycle Top,93.2,70.9,42.9,87.6,,51.5
2016-05-23,89.1,69.8,Cycle Top,90,64.8,42.6,87,,48.1
2016-05-24,87,66.8,Cycle Top,86.3,58.7,42.3,84.3,,53.5
2016-05-25,86.7,66.4,Cycle Top,85.3,58.3,42,84,,56.1
2016-05-26,86.2,65.6,Cycle Top,84.3,57.2,41.7,81.7,,59.1
2016-05-27,69.4,57.8,Caution,74.6,43.8,41.4,74,,59
2016-05-28,81.5,62.6,Distribution,80.6,54.4,41.2,73.8,,58.9
2016-05-29,84.6,63.9,Distribution,82.3,56.8,40.9,74.7,,58.9
2016-05-30,86.1,65.5,Cycle Top,85.8,58.4,40.6,75.5,,58.8
2016-05-31,88.7,69.2,Cycle Top,91.8,64,40.3,79.3,,54.2
2016-06-01,94.6,77.5,Cycle Top,88.7,62.3,89.7,68.5,,55.4
2016-06-02,94.6,77.4,Cycle Top,88.8,61.8,89.1,68.8,,58.2
2016-06-03,94.2,76.9,Cycle Top,88,61.4,88.6,65.7,,62.8
2016-06-04,93.6,76,Cycle Top,87.3,59.7,88,65.3,,62.8
2016-06-05,93.8,76.4,Cycle Top,88.9,59.4,87.4,65.8,,62.7
2016-06-06,93,75.2,Cycle Top,87.6,57.7,86.9,65.4,,61.9
2016-06-07,94.1,76.8,Cycle Top,90.7,59.2,86.3,67.8,,61.4
2016-06-08,93.4,75.8,Cycle Top,88.9,57.6,85.8,67.7,,64.9
2016-06-09,92.7,74.8,Cycle Top,88.1,56,85.2,68.9,,58.8
2016-06-10,89.8,70.7,Cycle Top,81.4,53.1,84.7,64.7,,50
2016-06-11,89.8,70.7,Cycle Top,82.2,53.4,84.2,62.7,,50
2016-06-12,96.2,79.2,Cycle Top,98.3,64.8,83.6,63.3,,50
2016-06-13,99.5,82.5,Cycle Top,98.3,76.1,83.1,69,,43.8
2016-06-14,100,83.3,Cycle Top,98.3,77.4,82.6,74.1,,43.4
2016-06-15,98.4,81.4,Cycle Top,94.3,76.4,82.1,71.8,,44.9
2016-06-16,100,84.5,Cycle Top,98.3,82.5,81.6,74.1,,43.1
2016-06-17,90.4,71.6,Cycle Top,84.5,58.7,81.1,58.1,,47
2016-06-18,63.7,55.5,Caution,66.5,26.2,80.7,49.7,,47
2016-06-19,67.5,57,Caution,68.5,29,80.2,50.9,,47
2016-06-20,63.6,55.5,Caution,66.2,25.9,79.7,50.9,,51.3
2016-06-21,82.8,63.1,Distribution,73.1,42.1,79.2,58.8,,52.1
2016-06-22,74.2,59.7,Distribution,70.9,32.6,78.8,61.3,,48.6
2016-06-23,80.2,62.1,Distribution,72.3,37.6,78.3,62.1,,58.3
2016-06-24,84.9,64,Distribution,74.9,46,77.9,61.5,,37.2
2016-06-25,80.7,62.3,Distribution,73.6,42.3,77.4,60.3,,37.3
2016-06-26,75.5,60.2,Distribution,71.7,36.4,77,63.1,,37.3
2016-06-27,76.6,60.6,Distribution,72.8,39,76.6,59.9,,34
2016-06-28,60.6,53.7,Caution,65.1,24.7,76.1,53.9,,40.2
2016-06-29,64.5,55.8,Caution,66.9,27.9,75.7,56.7,,46.9
2016-06-30,60.9,53.9,Caution,65.3,24.4,75.3,53.9,,47.8
2016-07-01,37.2,37.2,Neutral,64,24.3,0,53.6,,56
2016-07-02,36.1,36.1,Neutral,62.8,22.5,0,51.9,,56
2016-07-03,36.1,36.1,Neutral,62.4,22.4,0,53.8,,56
2016-07-04,34.2,34.2,Neutral,59.8,19.6,0,51.9,,55.9
2016-07-05,30.8,30.8,Neutral,54.5,15.7,0,50.3,,48.9
2016-07-06,31.3,31.3,Neutral,55,16.7,0,50,,49.9
2016-07-07,29.2,29.2,Accumulation,51.8,12.8,0,50.3,,50.7
2016-07-08,34.4,34.4,Neutral,58.8,20.2,0,53.2,,58.5
2016-07-09,32.7,32.7,Neutral,56.1,17.5,0,52.9,,58.5
2016-07-10,32.6,32.6,Neutral,56,17.4,0,52.9,,58.4
2016-07-11,30.8,30.8,Neutral,53.7,14.1,0,52.6,,55.9
2016-07-12,30.2,30.2,Neutral,52.8,13,0,51.3,,58.9
2016-07-13,29.9,29.9,Accumulation,51.9,12.4,0,51.8,,61.7
2016-07-14,34.7,34.7,Neutral,58.2,20.1,0,55.7,,63.2
2016-07-15,35.6,35.6,Neutral,59.8,21.5,0,56.4,,61.5
2016-07-16,34.8,34.8,Neutral,58.7,19.9,0,56.1,,61.4
2016-07-17,32.1,32.1,Neutral,55.2,15.7,0,53.3,,61.4
2016-07-18,30.9,30.9,Neutral,53.7,13.1,0,53,,61.8
2016-07-19,34,34,Neutral,58.4,18.6,0,55.5,,57.8
2016-07-20,35.7,35.7,Neutral,62.4,18.8,0,58.5,,57.3
2016-07-21,39.9,39.9,Neutral,63.9,31.5,0,59.7,,57.2
2016-07-22,51.5,47.7,Caution,76,41.9,0,68.1,,56.3
2016-07-23,46.8,44.5,Neutral,71.3,36.5,0,67.5,,56.3
2016-07-24,35.7,35.7,Neutral,62.6,18.4,0,59.8,,56.3
2016-07-25,43,42,Neutral,67.1,34.1,0,64.4,,54.6
2016-07-26,32.4,32.4,Neutral,58.3,12.7,0,58,,53.9
2016-07-27,38.1,38.1,Neutral,63.5,25.5,0,61.6,,53.4
2016-07-28,36.2,36.2,Neutral,62.5,20.1,0,60.8,,54.8
2016-07-29,36.1,36.1,Neutral,61.8,19.4,0,60.3,,60.9
2016-07-30,33.9,33.9,Neutral,59,15.5,0,59,,60.8
2016-07-31,31.8,31.8,Neutral,56.7,10.3,0,60,,60.8
2016-08-01,37.4,37.4,Neutral,49.7,7.8,35.8,63.9,,64.2
2016-08-02,33.9,33.9,Neutral,42.2,6.3,35.7,59.2,,64.5
2016-08-03,37.4,37.4,Neutral,47.7,9.7,35.5,65.9,,64.9
2016-08-04,40,40,Neutral,51.7,13.4,35.3,68.1,,65.2
2016-08-05,38.6,38.6,Neutral,49.9,11.3,35.2,67.6,,63.2
2016-08-06,37.8,37.8,Neutral,48.7,11.1,35,65,,63.1
2016-08-07,37.5,37.5,Neutral,48.4,10.5,34.9,64.9,,63
2016-08-08,39.8,39.8,Neutral,50.9,15.2,34.7,66.9,,63
2016-08-09,45.4,43.6,Neutral,55.8,20.1,34.5,72.7,,65.7
2016-08-10,44.5,43,Neutral,55.1,19.3,34.4,71.7,,66.1
2016-08-11,41.7,41.1,Neutral,51.7,17.1,34.2,70,,67.4
2016-08-12,42.4,41.6,Neutral,52.2,18.1,34.1,70.6,,67.1
2016-08-13,39.3,39.3,Neutral,50.5,12.7,33.9,69.2,,67
2016-08-14,37.3,37.3,Neutral,48.1,8.6,33.8,69.1,,66.9
2016-08-15,37.9,37.9,Neutral,48.5,9.8,33.6,69.5,,68.3
2016-08-16,36.8,36.8,Neutral,47.3,8.5,33.5,67.4,,67.5
2016-08-17,35.6,35.6,Neutral,44.8,8.4,33.3,65.4,,66.8
2016-08-18,35.8,35.8,Neutral,44.8,8.4,33.2,65.1,,71
2016-08-19,35.6,35.6,Neutral,44.5,8.3,33,65,,69.2
2016-08-20,38.1,38.1,Neutral,48.5,11.6,32.9,68.4,,69.1
2016-08-21,37.7,37.7,Neutral,47.5,11.4,32.8,67.7,,69
2016-08-22,37.1,37.1,Neutral,47.4,11.3,32.6,66.1,,63.6
2016-08-23,36.5,36.5,Neutral,46.4,10.5,32.5,65.8,,65
2016-08-24,36.3,36.3,Neutral,46.6,10.4,32.3,66.4,,58.5
2016-08-25,38.8,38.8,Neutral,49.7,14.6,32.2,69.7,,58.3
2016-08-26,37.6,37.6,Neutral,48.8,12.5,32.1,68.4,,56.9
2016-08-27,36.8,36.8,Neutral,47.8,10.5,31.9,69.7,,56.8
2016-08-28,35.1,35.1,Neutral,46.2,7.2,31.8,67.2,,56.8
2016-08-29,35.2,35.2,Neutral,46.4,7.8,31.7,66.7,,55.7
2016-08-30,37.1,37.1,Neutral,48.9,11.9,31.5,68.5,,52.6
2016-08-31,42.2,41.5,Neutral,53.4,20.5,31.4,73.8,,50.5
2016-09-01,36.4,36.4,Neutral,55,24.5,0,75.5,,52
2016-09-02,37,37,Neutral,55.5,24.5,0,76,,58.8
2016-09-03,34.6,34.6,Neutral,53.6,20,0,71,,58.7
2016-09-04,33.5,33.5,Neutral,53.1,18,0,68.5,,58.7
2016-09-05,33.1,33.1,Neutral,52.9,16.6,0,68.6,,58.7
2016-09-06,32.3,32.3,Neutral,52,13.9,0,67.3,,65.2
2016-09-07,29.6,29.6,Accumulation,49.7,8.5,0,64.1,,64.4
2016-09-08,28.3,28.3,Accumulation,48.3,6.5,0,62.2,,63.2
2016-09-09,29.6,29.6,Accumulation,50.8,10.6,0,63.7,,48
2016-09-10,34.3,34.3,Neutral,54.6,20.2,0,70.2,,48
2016-09-11,29.6,29.6,Accumulation,50.8,9,0,67.2,,48
2016-09-12,32.7,32.7,Neutral,53.5,15.6,0,69.3,,50.7
2016-09-13,32.5,32.5,Neutral,53.8,15.4,0,70.2,,45.4
2016-09-14,33.6,33.6,Neutral,54.4,18.6,0,69.9,,45.2
2016-09-15,33.9,33.9,Neutral,54.7,17.8,0,71.4,,50.9
2016-09-16,38.5,38.5,Neutral,58.5,28.8,0,75.8,,46.6
2016-09-17,39.3,39.3,Neutral,59.2,30.1,0,77,,46.6
2016-09-18,38,38,Neutral,58.6,26.9,0,75.8,,46.7
2016-09-19,41.9,41.2,Neutral,61.4,34.5,0,78,,45.7
2016-09-20,47.8,45.2,Neutral,67.4,39.7,0,83.2,,43.8
2016-09-21,43.9,42.6,Neutral,62.8,35.3,0,81.4,,51.2
2016-09-22,40.7,40.4,Neutral,60.1,30,0,80.1,,57.5
2016-09-23,41.2,40.8,Neutral,60.6,31.4,0,80.2,,53.9
2016-09-24,37.1,37.1,Neutral,58,22.2,0,77.6,,53.9
2016-09-25,38.2,38.2,Neutral,59.1,24.3,0,78.5,,53.8
2016-09-26,35.6,35.6,Neutral,57.6,19.3,0,76.5,,45.4
2016-09-27,37.7,37.7,Neutral,59.1,23.6,0,77.7,,50.9
2016-09-28,39,39,Neutral,60.1,26,0,79.3,,52.7
2016-09-29,36.2,36.2,Neutral,58,19.8,0,77.5,,49.5
2016-09-30,38.1,38.1,Neutral,59.8,23.8,0,77.8,,52.9
2016-10-01,43.8,42.6,Neutral,59.6,23.6,33.3,49.3,,58.4
2016-10-02,44.8,43.2,Neutral,60.2,24.8,33.2,50.9,,58.4
2016-10-03,46.6,44.4,Neutral,61.1,28,33.1,52.7,,54.6
2016-10-04,42.7,41.8,Neutral,59.3,21.2,33,51.8,,55.2
2016-10-05,41.3,40.8,Neutral,58.5,19.2,32.9,49.3,,57.9
2016-10-06,38.9,38.9,Neutral,56.2,15.3,32.7,47.8,,59.4
2016-10-07,38,38,Neutral,55.4,14.6,32.6,46.1,,55.7
2016-10-08,35.5,35.5,Neutral,53.1,9.5,32.5,43.6,,55.7
2016-10-09,34.7,34.7,Neutral,51.9,8.5,32.4,42.9,,55.7
2016-10-10,31.9,31.9,Neutral,49.2,3.8,32.3,37.8,,56.2
2016-10-11,31,31,Neutral,49,3.5,32.2,34.8,,48.8
2016-10-12,32.6,32.6,Neutral,51,6.6,32,36.1,,48.3
2016-10-13,32,32,Neutral,50.2,5.7,31.9,36,,45.9
2016-10-14,32.5,32.5,Neutral,51,6,31.8,35.7,,51
2016-10-15,32.9,32.9,Neutral,51.1,6.8,31.7,36.8,,51
2016-10-16,32.8,32.8,Neutral,51.1,6.8,31.6,36.1,,51
2016-10-17,32.2,32.2,Neutral,50.5,5.3,31.5,36.9,,50.8
2016-10-18,36.7,36.7,Neutral,53.7,14.7,31.4,44.3,,51.5
2016-10-19,32.2,32.2,Neutral,49.6,4.5,31.3,39.5,,56.3
2016-10-20,32,32,Neutral,49.3,4.2,31.2,40.2,,54.4
2016-10-21,33.1,33.1,Neutral,50.8,6.5,31.1,40.1,,54.5
2016-10-22,32.2,32.2,Neutral,50.6,5.4,31,35.4,,54.5
2016-10-23,31.4,31.4,Neutral,49.2,4.1,30.8,35.6,,54.5
2016-10-24,31.9,31.9,Neutral,49.4,4.9,30.7,35.5,,58.6
2016-10-25,28.7,28.7,Accumulation,44.9,0.8,30.6,33,,55.1
2016-10-26,28.8,28.8,Accumulation,45.1,1.5,30.5,32.7,,52.1
2016-10-27,28.5,28.5,Accumulation,45,1,30.4,32.3,,51.8
2016-10-28,27.5,27.5,Accumulation,43.1,0.2,30.3,31.3,,50.9
2016-10-29,26.2,26.2,Accumulation,40.3,0,30.2,29.1,,50.9
2016-10-30,27.7,27.7,Accumulation,43.4,1,30.1,31.3,,50.9
2016-10-31,26.9,26.9,Accumulation,42.1,0.7,30,30.2,,48.2
2016-11-01,24.8,24.8,Accumulation,41.4,0.7,29.9,15,,45.5
2016-11-02,24.6,24.6,Accumulation,41.1,0.5,29.8,14.6,,45.6
2016-11-03,24.9,24.9,Accumulation,41.2,0.7,29.7,16.7,,45.4
2016-11-04,25.6,25.6,Accumulation,42.3,2.4,29.6,16.9,,43.2
2016-11-05,25.6,25.6,Accumulation,42.3,2.1,29.5,17,,43.3
2016-11-06,24.9,24.9,Accumulation,41.4,1.1,29.4,16.2,,43.3
2016-11-07,24.8,24.8,Accumulation,41.1,0.2,29.4,16.5,,49
2016-11-08,24.6,24.6,Accumulation,40.4,0.2,29.3,16.2,,49.1
2016-11-09,24.7,24.7,Accumulation,39.5,0,29.2,15.7,,58.6
2016-11-10,24.7,24.7,Accumulation,39.6,0.2,29.1,15.7,,57.9
2016-11-11,24.4,24.4,Accumulation,39,0,29,15.1,,59.3
2016-11-12,24.1,24.1,Accumulation,38.2,0,28.9,15.2,,59.3
2016-11-13,24.5,24.5,Accumulation,38.6,0.5,28.8,16,,59.2
2016-11-14,24.3,24.3,Accumulation,38.5,0.4,28.7,15.6,,57.4
2016-11-15,25,25,Accumulation,39.2,1.3,28.6,16.2,,61.9
2016-11-16,24.2,24.2,Accumulation,38.4,0.2,28.5,15.4,,59.6
2016-11-17,24.3,24.3,Accumulation,38.3,0.2,28.4,15.5,,62.5
2016-11-18,24.1,24.1,Accumulation,37.5,0,28.3,15,,64.8
2016-11-19,24.4,24.4,Accumulation,38,0.4,28.3,15.4,,64.8
2016-11-20,24.3,24.3,Accumulation,37.8,0.4,28.2,15.8,,64.7
2016-11-21,24.4,24.4,Accumulation,37.8,0.4,28.1,15.9,,65.6
2016-11-22,25.3,25.3,Accumulation,38.8,2.5,28,16.2,,65.6
2016-11-23,24.9,24.9,Accumulation,38.3,1.7,27.9,16.7,,64.9
2016-11-24,23.7,23.7,Accumulation,36.5,0,27.8,15.6,,64.9
2016-11-25,24,24,Accumulation,36.9,0.4,27.7,16,,65.2
2016-11-26,23.9,23.9,Accumulation,36.7,0.4,27.7,16.3,,65.2
2016-11-27,23.5,23.5,Accumulation,35.8,0,27.6,15.9,,65.1
2016-11-28,23,23,Accumulation,35,0,27.5,16,,61.2
2016-11-29,22.5,22.5,Accumulation,33.7,0,27.4,15.8,,62.2
2016-11-30,23,23,Accumulation,34.7,0.4,27.3,16.2,,61.4
2016-12-01,21.7,21.7,Accumulation,34.6,0.4,27.2,11.7,,48.9
2016-12-02,20.9,20.9,Accumulation,32.8,0,27.2,11,,49.1
2016-12-03,21.2,21.2,Accumulation,33.1,0.4,27.1,11.3,,49.1
2016-12-04,20.6,20.6,Accumulation,32,0,27,11.1,,49.1
2016-12-05,20.6,20.6,Accumulation,30.7,0,26.9,11.1,,57.5
2016-12-06,21.8,21.8,Accumulation,33,1,26.8,11.9,,58.8
2016-12-07,22.5,22.5,Accumulation,34.1,2.2,26.8,12.9,,56.8
2016-12-08,22.4,22.4,Accumulation,33.8,2.2,26.7,12.9,,56.2
2016-12-09,23.1,23.1,Accumulation,34.5,3.3,26.6,13.5,,59.1
2016-12-10,22.4,22.4,Accumulation,33.7,2.1,26.5,12.8,,59.1
2016-12-11,22.7,22.7,Accumulation,33.9,2.7,26.5,13.5,,59.1
2016-12-12,23.2,23.2,Accumulation,34.6,4.1,26.4,14.1,,56.6
2016-12-13,23,23,Accumulation,34.3,3.8,26.3,14,,56
2016-12-14,22.2,22.2,Accumulation,33.8,2.2,26.2,13.5,,53.5
2016-12-15,21.6,21.6,Accumulation,32.8,1.4,26.1,12.9,,53.7
2016-12-16,21.8,21.8,Accumulation,32.9,1.8,26.1,12.9,,55.8
2016-12-17,21.8,21.8,Accumulation,33,1.8,26,12.9,,55.8
2016-12-18,22.2,22.2,Accumulation,33.2,2.9,25.9,13.5,,55.8
2016-12-19,21.6,21.6,Accumulation,32.5,1.4,25.9,12.9,,57
2016-12-20,21.8,21.8,Accumulation,32.6,1.9,25.8,13,,57.6
2016-12-21,22.7,22.7,Accumulation,33.5,4,25.7,13.1,,58.6
2016-12-22,21.5,21.5,Accumulation,32.3,1.5,25.6,13,,57.9
2016-12-23,20.9,20.9,Accumulation,31.3,0.5,25.6,12.8,,57.8
2016-12-24,21.1,21.1,Accumulation,31.5,1.1,25.5,13.2,,57.8
2016-12-25,21.1,21.1,Accumulation,31.4,1,25.4,13.3,,57.7
2016-12-26,21.5,21.5,Accumulation,31.8,2.1,25.3,13.5,,57.7
2016-12-27,20.9,20.9,Accumulation,31.4,1.2,25.3,13.2,,54.4
2016-12-28,22.2,22.2,Accumulation,32.8,4.8,25.2,13.6,,50.1
2016-12-29,23.8,23.8,Accumulation,35,8.2,25.1,14.4,,48.6
2016-12-30,23.5,23.5,Accumulation,34.5,8.2,25.1,14.6,,45.6
2016-12-31,23.1,23.1,Accumulation,34.4,7.1,25,14.6,,45.6
2017-01-01,39.3,39.3,Neutral,34.4,7.4,95.6,18.8,,43.5
2017-01-02,40.2,40.2,Neutral,35.2,9.7,95.4,19,,43.5
2017-01-03,45.2,43.4,Neutral,38.7,16.3,95.1,20.2,,47.3
2017-01-04,54.1,49.4,Caution,48.3,25.4,94.8,21.2,,50.8
2017-01-05,47.3,44.9,Neutral,40.4,18.1,94.6,22,,52.5
2017-01-06,47.1,44.8,Neutral,39.9,17.4,94.3,24.5,,53
2017-01-07,46.1,44.1,Neutral,39.1,16.4,94.1,24,,53
2017-01-08,48.4,45.6,Neutral,41.4,18.9,93.8,24.9,,53
2017-01-09,47.8,45.2,Neutral,41,18.6,93.6,25.1,,49.7
2017-01-10,49.1,46,Neutral,42.4,19.9,93.3,25.5,,50.9
2017-01-11,46,44,Neutral,38.9,16.4,93.1,26.5,,50.6
2017-01-12,44.7,43.2,Neutral,37.8,15.1,92.8,25.9,,51.2
2017-01-13,44.6,43.1,Neutral,37.7,14.8,92.6,26,,53.3
2017-01-14,44.7,43.2,Neutral,37.9,15,92.3,26.2,,53.3
2017-01-15,45,43.3,Neutral,38,15.5,92.1,26.3,,53.3
2017-01-16,43.2,42.1,Neutral,37,12.8,91.8,25.8,,53.3
2017-01-17,46.6,44.4,Neutral,39.8,18.6,91.6,25.5,,50.3
2017-01-18,45.5,43.7,Neutral,38.9,17.5,91.4,25.7,,48.2
2017-01-19,46.5,44.4,Neutral,39.9,18.9,91.1,26,,48.2
2017-01-20,47.5,45,Neutral,40.2,19.5,90.9,26.8,,54.7
2017-01-21,50,46.6,Caution,42.5,22.7,90.6,26.9,,54.7
2017-01-22,48.1,45.4,Neutral,41,20.4,90.4,26.7,,54.7
2017-01-23,48.3,45.5,Neutral,41.2,20.4,90.2,27.1,,54.5
2017-01-24,47,44.7,Neutral,39.7,18.5,89.9,27.8,,57.7
2017-01-25,46.5,44.3,Neutral,39.7,17.6,89.7,27.2,,58.8
2017-01-26,46.8,44.5,Neutral,39.9,18.5,89.5,26.5,,58.4
2017-01-27,46.3,44.2,Neutral,39.8,18,89.3,26.2,,57.7
2017-01-28,46.4,44.3,Neutral,40.1,18,89,26.4,,57.7
2017-01-29,45.5,43.7,Neutral,39.5,16.7,88.8,26.5,,57.6
2017-01-30,45.9,43.9,Neutral,40,17.6,88.6,26.8,,54.8
2017-01-31,46,44,Neutral,40.4,18.1,88.4,25.8,,54.3
2017-02-01,37.9,37.9,Neutral,40.4,17.9,65.2,17.7,,55
2017-02-02,38.8,38.8,Neutral,41.5,19.8,65,17.5,,55.5
2017-02-03,39.4,39.4,Neutral,41.8,20.8,64.8,17.7,,59.8
2017-02-04,43.8,42.5,Neutral,45.8,26.8,64.7,18.8,,59.7
2017-02-05,42.6,41.7,Neutral,44.4,25.8,64.5,19.1,,59.7
2017-02-06,42.5,41.7,Neutral,44.7,25.9,64.3,19.1,,56.5
2017-02-07,44,42.7,Neutral,46.3,28.1,64.2,18.5,,55.7
2017-02-08,43.3,42.2,Neutral,46,27.7,64,18.5,,52.6
2017-02-09,39.5,39.5,Neutral,42.3,21.1,63.9,20,,55.1
2017-02-10,43.8,42.5,Neutral,46,27.5,63.7,20.7,,55.6
2017-02-11,44.5,43,Neutral,46.6,28.7,63.5,20.7,,55.5
2017-02-12,43.9,42.6,Neutral,46.4,27.4,63.4,21.3,,55.5
2017-02-13,41.8,41.2,Neutral,45.2,24,63.2,21.1,,55.5
2017-02-14,54.2,49.5,Caution,57.3,37.6,63.1,25.7,,55.5
2017-02-15,53.1,48.7,Caution,55.9,37.3,62.9,25.4,,52.5
2017-02-16,51.9,47.9,Caution,54.5,36.4,62.8,24.7,,53.1
2017-02-17,51.1,47.4,Caution,53.7,35.8,62.6,24.5,,52.6
2017-02-18,52,48,Caution,55,36.3,62.5,24.8,,52.6
2017-02-19,51.9,48,Caution,55.1,36.1,62.3,25,,52.6
2017-02-20,50.1,46.7,Caution,53.1,35,62.2,23.3,,52.6
2017-02-21,50.4,47,Caution,54.2,35.4,62,21.5,,51.5
2017-02-22,49.9,46.6,Neutral,53.5,35.2,61.9,21.2,,51.5
2017-02-23,52.6,48.4,Caution,57,37.5,61.7,20.8,,52.9
2017-02-24,52.2,48.1,Caution,56.6,37,61.6,21.4,,52.7
2017-02-25,55.3,50.2,Caution,60.2,39,61.4,24.8,,52.7
2017-02-26,58.3,52.2,Caution,64.4,40.4,61.3,26.6,,52.7
2017-02-27,61.3,54.2,Caution,69.1,42.3,61.1,28,,48.4
2017-02-28,62.9,55.2,Caution,71.6,43.3,61,29.1,,44.4
2017-03-01,86.4,66,Cycle Top,73.2,44.5,85.6,68.6,,46.6
2017-03-02,87.7,67.8,Cycle Top,76,46.6,85.4,70.7,,49
2017-03-03,88.2,68.5,Cycle Top,76.9,47.1,85.2,70.7,,53
2017-03-04,87.2,67.1,Cycle Top,74.3,45.6,85,70.1,,53
2017-03-05,87.9,68.1,Cycle Top,76.5,46.7,84.8,70.6,,53
2017-03-06,88,68.2,Cycle Top,76.8,46.8,84.6,71,,52.9
2017-03-07,87.2,67.1,Cycle Top,74.3,45.7,84.4,70.9,,53.6
2017-03-08,85.2,64.3,Cycle Top,69.9,42.2,84.2,69.3,,51.1
2017-03-09,86.1,65.5,Cycle Top,72.1,43.9,84,70.4,,50
2017-03-10,88,68.2,Cycle Top,76.3,46.3,83.8,74.7,,53.4
2017-03-11,94.2,76.9,Cycle Top,98.3,50.3,83.6,77.1,,53.4
2017-03-12,95,77.9,Cycle Top,98.3,53.2,83.4,79.9,,53.4
2017-03-13,98.6,81.6,Cycle Top,98.3,61.2,83.3,92,,55.7
2017-03-14,96.7,79.7,Cycle Top,94.8,60.1,83.1,91.9,,49
2017-03-15,100,83.7,Cycle Top,98.3,67.7,82.9,98.3,,50.9
2017-03-16,100,86.3,Cycle Top,98.3,75.3,82.7,99.9,,55.9
2017-03-17,100,84.5,Cycle Top,94,74.4,82.5,99.9,,55
2017-03-18,96.3,79.3,Cycle Top,85.8,65.7,82.3,99.5,,55
2017-03-19,100,83.6,Cycle Top,92.7,73.2,82.1,99.9,,55
2017-03-20,99.9,82.9,Cycle Top,91.7,72.2,81.9,99.7,,54.7
2017-03-21,99.4,82.4,Cycle Top,91.5,72,81.8,99.4,,48.7
2017-03-22,98.5,81.5,Cycle Top,89.9,71.1,81.6,99.6,,47.7
2017-03-23,99.6,82.6,Cycle Top,91.8,72.7,81.4,99.8,,46.6
2017-03-24,100,86.3,Cycle Top,98.3,78.4,81.2,99.9,,47.1
2017-03-25,100,84.1,Cycle Top,93.3,76.8,81,99.8,,47.1
2017-03-26,100,84.1,Cycle Top,93.3,76.7,80.8,99.8,,47.2
2017-03-27,100,83.4,Cycle Top,92,75.6,80.7,99.6,,49.3
2017-03-28,100,83.9,Cycle Top,92.7,76.1,80.5,99.6,,53
2017-03-29,100,86.3,Cycle Top,98.3,78,80.3,99.6,,53.7
2017-03-30,100,84.4,Cycle Top,94,76.7,80.1,99.4,,53.1
2017-03-31,99.9,82.9,Cycle Top,91.7,75,80,99.1,,48.6
2017-04-01,100,83.1,Cycle Top,93,74.9,79.8,99,,45.3
2017-04-02,98.5,81.5,Cycle Top,89.9,73.3,79.6,98.9,,45.3
2017-04-03,96.3,79.3,Cycle Top,86.5,69.9,79.4,98.1,,44.6
2017-04-04,96.5,79.5,Cycle Top,86.8,70.1,79.3,98.1,,47.1
2017-04-05,96.5,79.5,Cycle Top,86.9,70.8,79.1,98.3,,42.6
2017-04-06,95.2,78.2,Cycle Top,85.1,68.2,78.9,97.7,,44.1
2017-04-07,94.4,77.2,Cycle Top,84.1,66.6,78.7,97.6,,42.1
2017-04-08,95.6,78.6,Cycle Top,86.1,69.2,78.6,97.7,,42.1
2017-04-09,95,78,Cycle Top,85.3,68.2,78.4,97.6,,42.2
2017-04-10,94.8,77.7,Cycle Top,85.4,68.2,78.2,97.4,,36.7
2017-04-11,94.4,77.2,Cycle Top,84.9,67.6,78.1,97.3,,34.6
2017-04-12,95.9,78.9,Cycle Top,87.3,71.4,77.9,97.9,,31.8
2017-04-13,97.3,80.3,Cycle Top,89.8,73.2,77.7,98.7,,31.6
2017-04-14,95.6,78.6,Cycle Top,87,70.9,77.6,98.3,,31.5
2017-04-15,96.3,79.3,Cycle Top,88.3,72,77.4,98.5,,31.6
2017-04-16,95.6,78.6,Cycle Top,87.1,71.2,77.2,98.3,,31.6
2017-04-17,95.5,78.5,Cycle Top,86.6,70.7,77.1,98.1,,36.4
2017-04-18,96.4,79.4,Cycle Top,88.4,72.1,76.9,98.2,,33.6
2017-04-19,94.7,77.5,Cycle Top,85.9,69.1,76.7,97.7,,32.2
2017-04-20,96.1,79.1,Cycle Top,88.2,71.3,76.6,97.8,,35.1
2017-04-21,95,78,Cycle Top,86.6,69.9,76.4,97.2,,34.5
2017-04-22,95,78,Cycle Top,86.6,69.9,76.3,97.4,,34.5
2017-04-23,95,78,Cycle Top,86.9,70,76.1,97.4,,34.6
2017-04-24,96.8,79.8,Cycle Top,89.2,70.5,75.9,97.7,,50.1
2017-04-25,96.8,79.8,Cycle Top,89.1,70.2,75.8,97.4,,52.2
2017-04-26,100,83.8,Cycle Top,98.3,73.9,75.6,98.3,,49.3
2017-04-27,100,86.1,Cycle Top,98.3,81.9,75.5,99.3,,50.3
2017-04-28,100,87.5,Cycle Top,98.3,87.3,75.3,99.8,,47.8
2017-04-29,100,85.4,Cycle Top,93.6,85.6,75.2,99.5,,47.8
2017-04-30,100,88.4,Cycle Top,98.3,90.8,75,99.9,,47.8
2017-05-01,100,92.4,Cycle Top,94.1,90,99.8,99.8,,50.1
2017-05-02,100,91.1,Cycle Top,93,87.5,99.6,99.5,,47
2017-05-03,100,92.3,Cycle Top,94.3,90.1,99.4,99.5,,47.6
2017-05-04,100,94.7,Cycle Top,98.3,94.1,99.2,99.9,,48
2017-05-05,100,92.9,Cycle Top,93.5,93.2,99,99.8,,48.7
2017-05-06,100,94.6,Cycle Top,98.3,93.7,98.8,99.8,,48.7
2017-05-07,100,92.9,Cycle Top,94.1,92.9,98.6,99.6,,48.7
2017-05-08,100,91.9,Cycle Top,92.4,91.8,98.4,99.1,,48.9
2017-05-09,100,90.7,Cycle Top,90.5,90.4,98.2,98.4,,47.5
2017-05-10,100,91.4,Cycle Top,92,91.2,98,98.2,,48.7
2017-05-11,100,90.6,Cycle Top,90.7,90.4,97.8,98.1,,46.5
2017-05-12,100,89.6,Cycle Top,89.1,88.5,97.6,98.4,,48.6
2017-05-13,100,90.1,Cycle Top,90.2,89.4,97.4,98,,48.6
2017-05-14,100,90.7,Cycle Top,91.6,89.9,97.2,98.1,,48.6
2017-05-15,100,91,Cycle Top,91.9,90.3,97,98.8,,48.7
2017-05-16,100,89.3,Cycle Top,88.9,87.8,96.8,98.4,,50.4
2017-05-17,100,87.4,Cycle Top,88,86.9,96.6,97.6,,29.1
2017-05-18,100,92.1,Cycle Top,98.3,91.1,96.4,98.2,,29.6
2017-05-19,100,94.7,Cycle Top,98.3,97.8,96.2,99.9,,40
2017-05-20,100,93.1,Cycle Top,94.4,97.2,96,99.6,,40.1
2017-05-21,100,95,Cycle Top,98.3,99.3,95.8,99.9,,40.1
2017-05-22,100,95.3,Cycle Top,98.3,99.5,95.7,99.9,,46.4
2017-05-23,100,95.4,Cycle Top,98.3,99.6,95.5,99.8,,47.5
2017-05-24,100,95.5,Cycle Top,98.3,99.8,95.3,99.9,,48.4
2017-05-25,100,93.3,Cycle Top,92.3,99.5,95.1,99.8,,47.4
2017-05-26,100,91.9,Cycle Top,89.2,98.6,94.9,99.4,,47.3
2017-05-27,100,91.5,Cycle Top,88.4,98.3,94.7,99.7,,47.3
2017-05-28,100,92.5,Cycle Top,90.9,98.9,94.5,99.8,,47.3
2017-05-29,100,93.7,Cycle Top,94.1,99.4,94.3,99.9,,47.3
2017-05-30,100,95,Cycle Top,98.3,99.8,94.2,99.9,,45.3
2017-05-31,100,93.7,Cycle Top,94.8,99.5,94,99.8,,45.7
2017-06-01,100,93.9,Cycle Top,93.7,99.2,96.8,99.7,,44.7
2017-06-02,100,93.7,Cycle Top,93.8,99.2,96.6,99.6,,42.9
2017-06-03,100,93.7,Cycle Top,94.1,98.9,96.4,99.5,,42.9
2017-06-04,100,95.3,Cycle Top,98.3,99.5,96.2,99.7,,42.9
2017-06-05,100,95.2,Cycle Top,98.3,99.4,96.1,99.5,,42.7
2017-06-06,100,95.1,Cycle Top,98.3,99.5,95.9,99.4,,42.2
2017-06-07,100,93.4,Cycle Top,93.7,98.8,95.7,99.6,,42.6
2017-06-08,100,93.3,Cycle Top,93.7,98.6,95.5,99.5,,42.7
2017-06-09,100,94.9,Cycle Top,98.3,99.2,95.3,99.7,,41.5
2017-06-10,100,95,Cycle Top,98.3,99.8,95.1,99.9,,41.5
2017-06-11,100,95,Cycle Top,98.3,99.7,95,99.8,,41.5
2017-06-12,100,94.8,Cycle Top,98.3,99.8,94.8,99.9,,38.5
2017-06-13,100,93.4,Cycle Top,94,99.6,94.6,99.8,,42.2
2017-06-14,100,91.8,Cycle Top,90,98.7,94.4,99.7,,42.8
2017-06-15,100,91.4,Cycle Top,89.8,98.2,94.2,99.7,,39
2017-06-16,100,92,Cycle Top,90.5,98.7,94.1,99.7,,43.1
2017-06-17,100,92.3,Cycle Top,91.6,98.8,93.9,99.5,,43.1
2017-06-18,100,91.2,Cycle Top,90,97.1,93.7,99.4,,43.1
2017-06-19,100,91.3,Cycle Top,90.2,97.4,93.5,99.3,,41.8
2017-06-20,100,90.2,Cycle Top,88.6,96.5,93.4,99.2,,36.9
2017-06-21,100,89,Cycle Top,85.6,95.9,93.2,99.1,,37.1
2017-06-22,100,88.7,Cycle Top,84.9,95.6,93,99,,39.5
2017-06-23,100,89,Cycle Top,85.5,95.7,92.8,99,,41.2
2017-06-24,100,87.9,Cycle Top,83,94.9,92.7,98.9,,41.2
2017-06-25,100,86.5,Cycle Top,80.4,93.4,92.5,98.5,,41.2
2017-06-26,100,84.8,Cycle Top,77.4,91,92.3,98.4,,40.3
2017-06-27,100,86.5,Cycle Top,80.8,93.3,92.2,98.5,,40.6
2017-06-28,100,88.1,Cycle Top,83.1,94.7,92,99.1,,48.1
2017-06-29,100,86.4,Cycle Top,80.6,92.7,91.8,98.4,,44.6
2017-06-30,100,85.5,Cycle Top,78.6,91.2,91.7,98.3,,47.4
2017-07-01,100,83.3,Cycle Top,76.6,90.2,88.6,92.5,,48.7
2017-07-02,100,84.3,Cycle Top,78.9,91.1,88.5,92.8,,48.8
2017-07-03,100,83.4,Cycle Top,77.5,90.2,88.3,92.3,,47.4
2017-07-04,99.9,82.9,Cycle Top,76.5,89.8,88.2,92.1,,47.4
2017-07-05,99.5,82.5,Cycle Top,76.1,89.6,88,92,,45.1
2017-07-06,99.3,82.3,Cycle Top,76,89.3,87.8,92,,43.1
2017-07-07,97.7,80.7,Cycle Top,72.6,86.6,87.7,91.6,,50.3
2017-07-08,97.8,80.8,Cycle Top,72.9,86.6,87.5,91.6,,50.3
2017-07-09,97.2,80.2,Cycle Top,71.8,86.2,87.4,91.4,,50.3
2017-07-10,95.5,78.5,Cycle Top,67.7,85.1,87.2,90.7,,51
2017-07-11,94.9,77.8,Cycle Top,66.1,84.4,87.1,90.6,,52.6
2017-07-12,96.4,79.4,Cycle Top,69.1,85.7,86.9,91.3,,55.9
2017-07-13,95.4,78.4,Cycle Top,67.1,84.7,86.7,90.7,,56.4
2017-07-14,94.9,77.8,Cycle Top,65.6,84.1,86.6,90.8,,58.6
2017-07-15,93.5,75.9,Cycle Top,62.1,81.7,86.4,90.4,,58.6
2017-07-16,92.8,75,Cycle Top,60.5,80.5,86.3,90.2,,58.6
2017-07-17,94.2,76.9,Cycle Top,64.1,83.5,86.1,90.5,,56.1
2017-07-18,95.8,78.8,Cycle Top,67.9,85.7,86,91.8,,54.7
2017-07-19,94,76.6,Cycle Top,63.8,83.5,85.8,90.4,,54.5
2017-07-20,95.1,78.1,Cycle Top,66.9,85.2,85.7,89.6,,55.4
2017-07-21,94.6,77.5,Cycle Top,65.9,84.3,85.5,89.9,,55.3
2017-07-22,95.1,78.1,Cycle Top,67,85.4,85.4,90,,55.3
2017-07-23,94.9,77.8,Cycle Top,66.5,85.1,85.2,90.1,,55.3
2017-07-24,94.6,77.5,Cycle Top,66.1,84.6,85.1,90,,55.3
2017-07-25,93.5,75.9,Cycle Top,63.1,82.5,84.9,89.5,,56.5
2017-07-26,93.3,75.7,Cycle Top,62.8,82.3,84.8,89.5,,55.9
2017-07-27,93.2,75.4,Cycle Top,62.2,82,84.6,89,,57.9
2017-07-28,92.4,74.4,Cycle Top,60.5,80.4,84.5,88.7,,58.3
2017-07-29,93.3,75.6,Cycle Top,62.6,82.1,84.3,89.1,,58.3
2017-07-30,92.5,74.5,Cycle Top,60.9,80.7,84.2,88.6,,58.3
2017-07-31,92.6,74.7,Cycle Top,61.1,81.1,84,88.5,,58.4
2017-08-01,97.3,80.3,Cycle Top,64.4,83.8,99.8,92.9,,54.6
2017-08-02,96.7,79.7,Cycle Top,63.5,83.1,99.7,92.3,,54
2017-08-03,96.8,79.8,Cycle Top,63.9,83.6,99.5,92.1,,52.6
2017-08-04,96.4,79.4,Cycle Top,63.3,83.1,99.3,91.6,,52.9
2017-08-05,98.5,81.5,Cycle Top,67.6,85.8,99.1,91.6,,52.9
2017-08-06,99.2,82.2,Cycle Top,68.7,86.4,99,92.8,,52.9
2017-08-07,99.3,82.3,Cycle Top,69.5,86.6,98.8,91.9,,52.2
2017-08-08,100,83.7,Cycle Top,73.2,87.3,98.6,93.4,,50.4
2017-08-09,100,83.5,Cycle Top,73,87,98.5,93.6,,49.2
2017-08-10,99.8,82.8,Cycle Top,73.5,87.4,98.3,93.5,,33
2017-08-11,100,83.4,Cycle Top,74.3,88.3,98.1,92.8,,35.1
2017-08-12,100,83,Cycle Top,74,88,98,91.7,,35.2
2017-08-13,98.9,81.9,Cycle Top,72.5,86.3,97.8,90.6,,35.2
2017-08-14,99.3,82.3,Cycle Top,72.5,86.3,97.6,90.3,,44
2017-08-15,98.5,81.5,Cycle Top,70.7,85.6,97.5,90.2,,44.5
2017-08-16,99.6,82.6,Cycle Top,73.2,86.7,97.3,90,,44.7
2017-08-17,98.5,81.5,Cycle Top,72.5,85.7,97.1,90.3,,33.6
2017-08-18,98,81,Cycle Top,71.2,85.1,97,90.4,,35.7
2017-08-19,97.9,80.9,Cycle Top,71.2,85,96.8,90.4,,35.8
2017-08-20,98.2,81.2,Cycle Top,72,85.1,96.6,90.7,,35.8
2017-08-21,100,83.4,Cycle Top,75,88.2,96.5,92.1,,40.1
2017-08-22,100,83,Cycle Top,74,86.7,96.3,91.1,,48.9
2017-08-23,99.7,82.7,Cycle Top,74.3,86.7,96.2,91.2,,42.9
2017-08-24,100,83.3,Cycle Top,75.2,88,96,90.7,,43.2
2017-08-25,100,83.7,Cycle Top,75.7,88.2,95.8,90.7,,46.4
2017-08-26,100,83.8,Cycle Top,76,88.2,95.7,90.9,,46.4
2017-08-27,100,84.6,Cycle Top,77.6,89.1,95.5,91.9,,46.4
2017-08-28,100,84.3,Cycle Top,77.2,88.5,95.4,91.5,,46.6
2017-08-29,100,85.9,Cycle Top,80.9,90.3,95.2,92.5,,42.8
2017-08-30,100,86.4,Cycle Top,81.7,90.4,95,93,,46.5
2017-08-31,100,86.6,Cycle Top,82.2,90.5,94.9,92.7,,47.1
2017-09-01,100,86.6,Cycle Top,82.4,90.5,97.3,86.3,,49.7
2017-09-02,100,83.9,Cycle Top,77.3,87.5,97.1,85.6,,49.7
2017-09-03,100,83.5,Cycle Top,77,86.6,97,85.2,,49.7
2017-09-04,97.7,80.7,Cycle Top,72.2,82.4,96.8,84.8,,49.7
2017-09-05,97.2,80.2,Cycle Top,72.6,82.6,96.7,84.5,,40.1
2017-09-06,98.7,81.7,Cycle Top,74.9,84.7,96.5,84.7,,43.2
2017-09-07,98.2,81.2,Cycle Top,74.1,83.8,96.3,84.4,,42.9
2017-09-08,95.6,78.6,Cycle Top,69.9,80.3,96.2,84,,40.8
2017-09-09,95.2,78.2,Cycle Top,69.1,79.9,96,83.9,,40.8
2017-09-10,94.7,77.5,Cycle Top,67.8,79.3,95.9,84,,40.8
2017-09-11,94.7,77.6,Cycle Top,67.1,79.1,95.7,83.9,,48.7
2017-09-12,94.6,77.4,Cycle Top,66.6,78.6,95.6,83.8,,50.2
2017-09-13,93.8,76.3,Cycle Top,64.1,77.7,95.4,84,,50.6
2017-09-14,91.2,72.7,Cycle Top,58.2,72.4,95.2,83.4,,50
2017-09-15,93,75.1,Cycle Top,62.3,76.3,95.1,83.7,,49.7
2017-09-16,92.7,74.7,Cycle Top,61.7,75.6,94.9,83.5,,49.7
2017-09-17,92.8,74.9,Cycle Top,62,75.8,94.8,83.9,,49.7
2017-09-18,94.7,77.6,Cycle Top,67.5,78.6,94.6,84.6,,50.8
2017-09-19,94,76.6,Cycle Top,65,77.9,94.5,84.7,,51.2
2017-09-20,93.9,76.5,Cycle Top,64.9,77.7,94.3,84.8,,52
2017-09-21,92.4,74.4,Cycle Top,61.5,74.8,94.2,84,,51.2
2017-09-22,92.8,75,Cycle Top,62.5,75.8,94,84.7,,49.9
2017-09-23,94,76.6,Cycle Top,65.5,78,93.9,85.4,,49.9
2017-09-24,93.8,76.3,Cycle Top,65,77.4,93.7,86.2,,49.9
2017-09-25,94.1,76.8,Cycle Top,66.6,78.3,93.6,85.2,,46.9
2017-09-26,93.8,76.3,Cycle Top,65.5,77.8,93.4,85.1,,46.8
2017-09-27,95.6,78.6,Cycle Top,70.7,79.6,93.3,84.9,,50.1
2017-09-28,95,78,Cycle Top,69.9,78.8,93.1,84.1,,50.8
2017-09-29,94,76.6,Cycle Top,66.9,77.7,93,82.9,,51.7
2017-09-30,94.8,77.7,Cycle Top,69.6,78.3,92.9,82.8,,51.7
2017-10-01,95.2,78.2,Cycle Top,69.9,78.3,97.4,77.7,,51.7
2017-10-02,94.4,77.2,Cycle Top,67.9,77.7,97.3,77.5,,49.9
2017-10-03,94,76.7,Cycle Top,66.9,76.9,97.1,77.5,,50.3
2017-10-04,93.9,76.5,Cycle Top,66.5,76.8,97,77.8,,50.2
2017-10-05,94,76.6,Cycle Top,67.3,76.8,96.8,77.5,,49.6
2017-10-06,95.3,78.3,Cycle Top,70.7,78.8,96.7,78.5,,47.1
2017-10-07,95.4,78.4,Cycle Top,71.2,78.9,96.5,78.4,,47.2
2017-10-08,95,78,Cycle Top,70.8,78.3,96.4,77.2,,47.2
2017-10-09,93.9,76.4,Cycle Top,68.3,76.4,96.2,77,,45.1
2017-10-10,94.1,76.7,Cycle Top,68.8,76.4,96.1,77.1,,47.8
2017-10-11,94.4,77.1,Cycle Top,69.4,77.1,95.9,77.1,,48.4
2017-10-12,94,76.6,Cycle Top,69.2,76.2,95.8,76.3,,46.8
2017-10-13,96.5,79.5,Cycle Top,74.4,80.7,95.6,76.5,,45.7
2017-10-14,96.6,79.6,Cycle Top,74.7,80.8,95.5,76.5,,45.8
2017-10-15,96.4,79.4,Cycle Top,74.4,80.3,95.3,76.5,,45.8
2017-10-16,95.7,78.7,Cycle Top,73.6,79.6,95.2,76.4,,43.2
2017-10-17,94.2,76.9,Cycle Top,71,76.7,95,76.2,,41
2017-10-18,94,76.5,Cycle Top,70.4,76.2,94.9,76.2,,42.6
2017-10-19,93.3,75.6,Cycle Top,68.9,74.8,94.7,75.8,,42.8
2017-10-20,92.6,74.7,Cycle Top,67.6,73.4,94.6,75.2,,42.6
2017-10-21,92.2,74.1,Cycle Top,66.5,73,94.5,74.8,,42.6
2017-10-22,91.7,73.4,Cycle Top,64.9,72.5,94.3,74.7,,42.6
2017-10-23,91,72.4,Cycle Top,63.3,71.7,94.2,74.5,,38.6
2017-10-24,92,73.8,Cycle Top,66.1,72.9,94,75.9,,39.6
2017-10-25,92,73.9,Cycle Top,66.5,72.9,93.9,75.5,,39.8
2017-10-26,92.1,74,Cycle Top,67.1,73,93.7,75,,38.8
2017-10-27,92.6,74.6,Cycle Top,68.3,73.2,93.6,75.5,,42.5
2017-10-28,92.3,74.2,Cycle Top,67.5,72.6,93.5,75.4,,42.6
2017-10-29,92.9,75,Cycle Top,69.4,73.8,93.3,74.5,,42.6
2017-10-30,93,75.2,Cycle Top,70.2,74.3,93.2,74.9,,38.1
2017-10-31,92.3,74.3,Cycle Top,68.8,73,93,74,,39.2
2017-11-01,92.1,73.9,Cycle Top,65,71,99.9,73.7,,38.7
2017-11-02,91.4,72.9,Cycle Top,63.3,69.7,99.7,72.9,,40.5
2017-11-03,93.5,75.9,Cycle Top,69.3,72.8,99.6,73.7,,41.3
2017-11-04,92.8,75,Cycle Top,67.8,71.5,99.4,73,,41.3
2017-11-05,92.3,74.2,Cycle Top,66.4,70.8,99.3,72.7,,41.3
2017-11-06,92.7,74.7,Cycle Top,67.5,70.9,99.1,73.7,,41.8
2017-11-07,91.6,73.2,Cycle Top,64.8,69.6,99,73.1,,39.4
2017-11-08,93.6,76,Cycle Top,70.3,72.7,98.8,73.2,,40.8
2017-11-09,94.4,77.2,Cycle Top,72,75.4,98.7,74,,38.1
2017-11-10,92,73.8,Cycle Top,66.9,70,98.5,74.1,,35.4
2017-11-11,93.8,76.3,Cycle Top,71.2,73.6,98.4,75,,35.4
2017-11-12,93,75.1,Cycle Top,69.4,71.1,98.2,76.2,,35.4
2017-11-13,93.6,76.1,Cycle Top,71.3,73.3,98.1,74.6,,33
2017-11-14,95.5,78.5,Cycle Top,74.7,77.5,97.9,75.7,,33.5
2017-11-15,94.7,77.5,Cycle Top,74.1,76.6,97.8,74,,28.4
2017-11-16,94.6,77.5,Cycle Top,73.7,76.2,97.7,73.4,,33.3
2017-11-17,95,78,Cycle Top,74.4,76.6,97.5,73.8,,36
2017-11-18,96.2,79.2,Cycle Top,76.5,78.8,97.4,73.8,,36
2017-11-19,96.7,79.7,Cycle Top,77.6,79.4,97.2,73.8,,36
2017-11-20,98,81,Cycle Top,79.8,81,97.1,73.9,,38.1
2017-11-21,97.4,80.4,Cycle Top,78.3,79.7,97,73.9,,42.9
2017-11-22,98.8,81.8,Cycle Top,80.7,81.9,96.8,74.3,,43.3
2017-11-23,100,88.9,Cycle Top,98.3,85.5,96.7,76,,43.3
2017-11-24,100,90.1,Cycle Top,98.3,88.7,96.5,77.7,,46.8
2017-11-25,100,88.6,Cycle Top,94.5,88.4,96.4,76.8,,46.8
2017-11-26,100,89.8,Cycle Top,98.3,88.6,96.3,76,,46.8
2017-11-27,100,89.7,Cycle Top,98.3,88.9,96.1,74.9,,45.4
2017-11-28,100,87.8,Cycle Top,94.2,87.8,96,74.4,,43.5
2017-11-29,100,86,Cycle Top,91.7,85.6,95.8,73.5,,40.8
2017-11-30,100,85.9,Cycle Top,91.6,85.6,95.7,73.4,,38.3
2017-12-01,100,89.3,Cycle Top,93.6,87.5,99.9,84.1,,40.3
2017-12-02,100,89,Cycle Top,93.2,87.1,99.7,83.9,,40.3
2017-12-03,100,89,Cycle Top,93.3,87.3,99.6,83.3,,40.3
2017-12-04,100,88.6,Cycle Top,93.3,87.2,99.4,82.8,,36.7
2017-12-05,100,87.7,Cycle Top,91.2,86.3,99.3,82,,38.2
2017-12-06,100,86.1,Cycle Top,89,83.9,99.1,80.8,,39
2017-12-07,100,86,Cycle Top,89.1,84,99,78.4,,41.3
2017-12-08,100,88.2,Cycle Top,92.6,86.4,98.9,80.5,,43.3
2017-12-09,100,90.7,Cycle Top,98.3,88.4,98.7,81,,43.3
2017-12-10,100,87.2,Cycle Top,90.8,85.2,98.6,80.6,,43.3
2017-12-11,100,91,Cycle Top,98.3,89.7,98.4,80.8,,44.3
2017-12-12,100,92.2,Cycle Top,98.3,93.7,98.3,83.4,,40.7
2017-12-13,100,92.3,Cycle Top,98.3,94,98.2,84.7,,40
2017-12-14,100,90.7,Cycle Top,94.2,93.5,98,84.4,,39.6
2017-12-15,100,90.3,Cycle Top,93.3,93,97.9,82.5,,43.8
2017-12-16,100,90.3,Cycle Top,93.6,93,97.8,81.5,,43.8
2017-12-17,100,92.1,Cycle Top,98.3,93.8,97.6,81.7,,43.9
2017-12-18,100,92.4,Cycle Top,98.3,94.1,97.5,83.7,,44.5
2017-12-19,100,92.4,Cycle Top,98.3,94.2,97.4,85.5,,41.9
2017-12-20,100,91.1,Cycle Top,93.9,94,97.2,86.3,,44.9
2017-12-21,100,91,Cycle Top,93.4,93.8,97.1,87.4,,44.6
2017-12-22,100,87.8,Cycle Top,87.4,90.8,96.9,86.1,,42.1
2017-12-23,100,89.3,Cycle Top,90.4,92.5,96.8,86.8,,42.1
2017-12-24,100,87.9,Cycle Top,87.5,91,96.7,86.3,,42.1
2017-12-25,100,89.4,Cycle Top,90.3,92.5,96.5,88.2,,42.1
2017-12-26,100,89.2,Cycle Top,90.7,92.7,96.4,85.6,,40.8
2017-12-27,100,88.6,Cycle Top,89.9,91.8,96.3,85.7,,40.4
2017-12-28,100,87.7,Cycle Top,87.6,90.5,96.1,86.5,,42.3
2017-12-29,100,88.8,Cycle Top,89.7,91.5,96,88,,41.8
2017-12-30,100,87.2,Cycle Top,86.3,89.7,95.9,89,,41.8
2017-12-31,100,88,Cycle Top,88,90.8,95.7,88.3,,41.8
2018-01-01,96.9,79.9,Cycle Top,89.6,73.4,93.6,59.4,,40.8
2018-01-02,100,86.5,Cycle Top,98.3,85.2,93.4,59.6,,47.3
2018-01-03,100,87.6,Cycle Top,98.3,88.9,93.3,60,,48.5
2018-01-04,100,88,Cycle Top,98.3,90.5,93.2,60.1,,48.5
2018-01-05,100,88.2,Cycle Top,98.3,91.5,93.1,59.4,,48.7
2018-01-06,100,88.4,Cycle Top,98.3,92.4,92.9,59.5,,48.7
2018-01-07,100,88.9,Cycle Top,98.3,93.7,92.8,60.7,,48.7
2018-01-08,100,89.1,Cycle Top,98.3,94.1,92.7,62.5,,48
2018-01-09,100,89.4,Cycle Top,98.3,94.9,92.5,64.8,,45.1
2018-01-10,100,87.3,Cycle Top,93.9,92.7,92.4,64.1,,46.9
2018-01-11,100,84.6,Cycle Top,90.7,86.9,92.3,64.3,,46.8
2018-01-12,100,86.9,Cycle Top,93.6,91.5,92.2,64.8,,46
2018-01-13,100,89.6,Cycle Top,98.3,95.7,92,65.2,,46
2018-01-14,100,87.4,Cycle Top,94.3,92.6,91.9,65.4,,46
2018-01-15,100,85.3,Cycle Top,92,88.3,91.8,64.9,,46
2018-01-16,96.8,79.8,Cycle Top,85.9,76.9,91.7,64.9,,39.3
2018-01-17,95.7,78.7,Cycle Top,84.3,75.1,91.6,64.7,,38.7
2018-01-18,95.4,78.4,Cycle Top,84,75,91.4,64.5,,38.2
2018-01-19,95.7,78.7,Cycle Top,84.1,74.9,91.3,64.5,,43.1
2018-01-20,98.1,81.1,Cycle Top,86.9,80.5,91.2,64.5,,43.1
2018-01-21,95.5,78.5,Cycle Top,83.9,74.6,91.1,64.5,,43.1
2018-01-22,94.7,77.6,Cycle Top,82.1,73.5,90.9,64.8,,44
2018-01-23,94.2,76.9,Cycle Top,81.3,72.2,90.8,64.5,,43.3
2018-01-24,95.7,78.7,Cycle Top,83.7,76,90.7,64.8,,41.2
2018-01-25,95,78,Cycle Top,82.6,75.1,90.6,64.8,,40.2
2018-01-26,95.2,78.2,Cycle Top,82.8,75.1,90.5,64.9,,43.1
2018-01-27,96.5,79.5,Cycle Top,84.2,78.2,90.3,65,,43.1
2018-01-28,99.1,82.1,Cycle Top,87.9,83.1,90.2,65.6,,43.1
2018-01-29,97,80,Cycle Top,85.1,80.9,90.1,65.6,,34.4
2018-01-30,93.8,76.3,Cycle Top,81.8,71.7,90,65.6,,32.6
2018-01-31,94.9,77.9,Cycle Top,83.1,75.4,89.9,65.7,,34.8
2018-02-01,87.4,67.3,Cycle Top,79.8,70.5,54.5,63.1,,36
2018-02-02,86.1,65.5,Cycle Top,76.6,69.4,54.4,62.6,,30.3
2018-02-03,90.2,71.2,Cycle Top,77.9,70.5,76.6,62.8,,30.4
2018-02-04,86.2,65.7,Cycle Top,73.6,67,62.6,62.4,,30.4
2018-02-05,77.7,61.1,Distribution,68.5,64,54.2,62.4,,27.3
2018-02-06,82.8,63.1,Distribution,72.4,66.7,54.1,62.4,,27.3
2018-02-07,87.5,67.5,Cycle Top,70.4,66,77.9,62.1,,27.3
2018-02-08,87.5,67.5,Cycle Top,73.1,68.4,70.7,62.1,,27.3
2018-02-09,90.6,71.9,Cycle Top,75,71.3,83.6,62.3,,28
2018-02-10,90.3,71.4,Cycle Top,74,70.5,83.9,62.2,,28
2018-02-11,87.5,67.5,Cycle Top,72.6,67.8,72,62.3,,28
2018-02-12,89.6,70.5,Cycle Top,74,71.6,78.7,61.9,,28.6
2018-02-13,87.7,67.7,Cycle Top,72.8,68.7,71.6,62,,28.6
2018-02-14,91.3,72.8,Cycle Top,75.2,73.5,84.5,61.8,,30.5
2018-02-15,91.2,72.7,Cycle Top,75.1,73.3,84.6,61.3,,30.4
2018-02-16,90.7,72,Cycle Top,75,72.8,82.6,61,,29.8
2018-02-17,91.7,73.4,Cycle Top,76.1,75,84.7,60.4,,29.8
2018-02-18,89.4,70.2,Cycle Top,73.7,70.8,79.2,60.3,,29.8
2018-02-19,90,71,Cycle Top,74.6,72.6,79.5,59.9,,29.9
2018-02-20,89.1,69.8,Cycle Top,72.4,68.5,83.2,58.8,,28.8
2018-02-21,86.5,66.1,Cycle Top,70.6,66,72.1,59.2,,29.2
2018-02-22,85.6,64.8,Cycle Top,69.3,64.6,69.7,59.6,,29.9
2018-02-23,85.9,65.3,Cycle Top,70.9,67.1,66,59.9,,30.9
2018-02-24,83.9,63.6,Distribution,69.8,65.8,61.2,60.2,,30.9
2018-02-25,85.2,64.3,Cycle Top,70.1,66.2,63.5,60.4,,30.9
2018-02-26,86.3,65.8,Cycle Top,71,68,66.9,59.8,,31.7
2018-02-27,86.8,66.6,Cycle Top,71,67.9,71.2,59.6,,29.2
2018-02-28,85.9,65.3,Cycle Top,69.9,66.3,69.3,59.6,,28
2018-03-01,84,63.6,Distribution,70.8,68.3,59.9,56.3,,26.6
2018-03-02,85.3,64.4,Cycle Top,69.8,65.6,68.3,56,,28.1
2018-03-03,85.7,65,Cycle Top,69.6,65.4,71.8,55.2,,28.1
2018-03-04,83.8,63.5,Distribution,70.1,66,63.6,55.3,,28.1
2018-03-05,85.1,64.1,Cycle Top,68.9,64.1,70.1,55.2,,29.2
2018-03-06,84,63.6,Distribution,66.9,62.6,72.3,55.5,,30.1
2018-03-07,71.4,58.5,Distribution,64,60.8,56.2,55.5,,30
2018-03-08,69.2,57.7,Caution,61,59.3,58.6,55.3,,30
2018-03-09,69.8,57.9,Caution,62.2,60.3,55.5,56.2,,33.5
2018-03-10,68.8,57.5,Caution,60.2,58.7,58.7,56.1,,33.5
2018-03-11,72,58.8,Distribution,61.4,60.4,60.9,55.3,,33.5
2018-03-12,70.3,58.1,Distribution,60.1,59,62.1,55.6,,31.2
2018-03-13,69,57.6,Caution,59.5,58.5,61.7,55.3,,30.1
2018-03-14,63.3,55.3,Caution,57.5,54.7,59.6,55,,28.5
2018-03-15,59.9,53.3,Caution,57.3,54.3,51.5,54.8,,28.1
2018-03-16,59.8,53.2,Caution,57.1,53.8,52.1,54.4,,28.9
2018-03-17,56.7,51.1,Caution,55.8,50.2,49.6,53.5,,29
2018-03-18,55.5,50.3,Caution,55.5,49.3,48,52.9,,29
2018-03-19,56.6,51.1,Caution,56.1,51.7,47.9,52.9,,27
2018-03-20,59.5,53,Caution,56.1,52,56.1,52.8,,27.1
2018-03-21,59.4,52.9,Caution,56.2,52.3,55.2,52.9,,28
2018-03-22,57.2,51.5,Caution,55.3,48.9,54.9,52.6,,25.7
2018-03-23,55.3,50.2,Caution,55.5,50,47.5,52.4,,25.9
2018-03-24,55.7,50.4,Caution,54.7,47.8,52.5,52.4,,25.9
2018-03-25,54.7,49.8,Caution,54.7,48.1,49.1,52.6,,26
2018-03-26,53.8,49.2,Caution,53.6,45.9,50.8,52.3,,26.8
2018-03-27,49.9,46.6,Neutral,51.9,42.2,46.4,52,,26.4
2018-03-28,49.7,46.5,Neutral,51.9,42.2,46.4,51.6,,25.7
2018-03-29,46.8,44.6,Neutral,49.8,37.7,46.3,51.4,,26.8
2018-03-30,47.1,44.7,Neutral,50.1,38.2,45.6,52,,26.9
2018-03-31,47.4,44.9,Neutral,50.1,38.2,46.7,51.8,,27
2018-04-01,46.7,44.5,Neutral,49.4,37.2,45.3,55.2,,27
2018-04-02,46.3,44.2,Neutral,49.6,37.7,43.6,55.1,,25.4
2018-04-03,49.4,46.3,Neutral,50.8,40.5,47.3,55.2,,26.5
2018-04-04,47.2,44.8,Neutral,49.3,36.9,47.2,55.2,,26.9
2018-04-05,47.2,44.8,Neutral,49.3,37.2,46.5,55.4,,28.1
2018-04-06,46.7,44.5,Neutral,48.7,36.5,47.4,55.2,,25.9
2018-04-07,48,45.3,Neutral,49.5,38.2,47.8,55.2,,25.9
2018-04-08,48.5,45.6,Neutral,50.1,39.8,46.2,55.5,,25.9
2018-04-09,49.2,46.1,Neutral,50,39.6,48.6,55.9,,26.3
2018-04-10,49.8,46.5,Neutral,50.5,41.3,47,56.2,,27
2018-04-11,50.9,47.3,Caution,50.9,42.5,48.3,56.5,,27
2018-04-12,54.3,49.6,Caution,53.4,48.7,46.7,56.5,,28.5
2018-04-13,55.9,50.6,Caution,53.4,49,50.8,56.8,,28.7
2018-04-14,56.4,50.9,Caution,53.6,49.9,50.6,56.8,,28.7
2018-04-15,57.5,51.6,Caution,54.5,51.7,50.5,56.8,,28.8
2018-04-16,56.5,51,Caution,53.7,50.3,50.3,56.8,,29.6
2018-04-17,56.9,51.2,Caution,53.4,48.8,53.2,56.8,,31.5
2018-04-18,57.8,51.9,Caution,54.1,51.5,51.7,56.9,,30.8
2018-04-19,60.2,53.5,Caution,55.6,54.3,53.3,57.2,,30.1
2018-04-20,63.5,55.4,Caution,57.1,59.6,53.5,57.5,,27.8
2018-04-21,64.9,55.9,Caution,56.7,58.3,58.3,57.1,,27.8
2018-04-22,65.3,56.1,Caution,57.1,59.7,56.4,57.9,,27.9
2018-04-23,66.3,56.5,Caution,57.8,62.4,53.8,58.4,,27
2018-04-24,71.7,58.7,Distribution,60.3,66.5,54.4,58.6,,26.7
2018-04-25,74.1,59.7,Distribution,57.1,59.7,72.8,57.5,,26.5
2018-04-26,76.3,60.5,Distribution,58.3,63.9,69.3,58,,26.9
2018-04-27,75.7,60.3,Distribution,57.8,62.3,70.4,58.4,,27.9
2018-04-28,78.5,61.4,Distribution,59.1,65.6,69.3,58.6,,28
2018-04-29,80.4,62.2,Distribution,59.3,65.9,72,58.8,,28
2018-04-30,77.6,61,Distribution,58.5,63.8,71.2,58.3,,27
2018-05-01,82.1,62.8,Distribution,58.7,64.4,70.5,73.4,,28
2018-05-02,82.1,62.8,Distribution,59.6,65.8,67.9,73.3,,26.1
2018-05-03,86.2,65.7,Cycle Top,63.9,69.6,69,74.7,,25.9
2018-05-04,86.5,66.1,Cycle Top,64.2,69.5,70.1,74.9,,26.9
2018-05-05,87.4,67.4,Cycle Top,65.7,70.7,71.9,75.3,,27
2018-05-06,86.8,66.5,Cycle Top,64.1,69,72.6,74.9,,27
2018-05-07,85.5,64.7,Cycle Top,62.5,67.8,69.1,74.3,,25.8
2018-05-08,85.6,64.9,Cycle Top,62.1,67.4,71.1,74.6,,24.6
2018-05-09,85.1,64.2,Cycle Top,62.6,67.8,66,74.1,,28
2018-05-10,85.4,64.6,Cycle Top,61.3,66.6,71.1,73.8,,29.4
2018-05-11,75.4,60.2,Distribution,58.2,61.4,61.8,73.9,,31.6
2018-05-12,77.1,60.8,Distribution,58.5,62.4,63.1,73.8,,31.7
2018-05-13,80.7,62.3,Distribution,61.1,66.5,60.3,74.5,,31.7
2018-05-14,79.5,61.8,Distribution,60.8,65.8,60,74.3,,30.4
2018-05-15,75.8,60.3,Distribution,59.4,63.4,59.8,74.2,,24.8
2018-05-16,73.9,59.6,Distribution,59.7,64.3,54.2,74.3,,27.1
2018-05-17,67.7,57.1,Caution,57.5,59.5,52.4,73.8,,27.8
2018-05-18,72.9,59.2,Distribution,58.9,61.6,57.3,74.1,,26.2
2018-05-19,70,58,Distribution,59,61.5,52.1,74,,26.2
2018-05-20,73.3,59.3,Distribution,60,63.6,54.1,73.6,,26.2
2018-05-21,74.7,59.9,Distribution,58.8,60.8,61.8,73.3,,27
2018-05-22,61.9,54.6,Caution,55.9,54.5,50.8,72.1,,27.6
2018-05-23,57.9,51.9,Caution,53.8,49.4,48.6,71.2,,28.1
2018-05-24,59.3,52.9,Caution,54.7,50.9,49.3,71.6,,28.8
2018-05-25,57.7,51.8,Caution,54,49.5,48,71.3,,26
2018-05-26,56.9,51.3,Caution,54,49.5,45.6,71.6,,26
2018-05-27,55.4,50.3,Caution,53.4,48.3,43.8,71,,26.1
2018-05-28,52.4,48.2,Caution,51.3,43.3,45.1,68.9,,26.1
2018-05-29,53.5,49,Caution,53.2,47.8,41.7,70.2,,17
2018-05-30,59.4,53,Caution,53.1,47.3,59.2,69.9,,21.5
2018-05-31,56.6,51.1,Caution,53.5,48.8,48.5,70.4,,19.7
2018-06-01,56.7,51.1,Caution,53.6,49.1,45,73.8,,25.8
2018-06-02,58.3,52.2,Caution,54,50.1,47.9,73.7,,25.9
2018-06-03,64,55.6,Caution,55,52.4,58.3,74.5,,25.9
2018-06-04,62.4,54.9,Caution,54,49.8,60,73.9,,28.2
2018-06-05,58.6,52.4,Caution,54.3,50.9,46.7,74,,27.5
2018-06-06,64.6,55.8,Caution,54.3,50.9,61.4,73.6,,32.1
2018-06-07,61.1,54.1,Caution,54,49.6,56.4,73.3,,29
2018-06-08,61.4,54.3,Caution,53.9,49.3,57.8,73.2,,28.7
2018-06-09,60.4,53.6,Caution,53.5,48.1,56.8,73.3,,28.8
2018-06-10,52.1,48.1,Caution,50.8,41.9,44.1,72.7,,28.8
2018-06-11,50.7,47.1,Caution,51.1,42.9,38.4,72.4,,28.4
2018-06-12,48.7,45.8,Neutral,49.6,38.6,40.9,71.4,,27.6
2018-06-13,47.4,45,Neutral,48.8,36.9,40.8,71.3,,25.8
2018-06-14,49.9,46.6,Neutral,50.5,41.2,39.5,72.4,,26.2
2018-06-15,50.6,47.1,Caution,49.6,38.7,46.8,71.5,,25.6
2018-06-16,49.9,46.6,Neutral,49.9,40.1,42.6,71.5,,25.6
2018-06-17,50.1,46.7,Caution,49.8,40,43.4,71.6,,25.7
2018-06-18,53,48.7,Caution,50.9,42.2,48.2,71.6,,24.2
2018-06-19,56.1,50.8,Caution,51.7,45.4,52.6,72.7,,20.9
2018-06-20,56.6,51.1,Caution,51.6,45,54.4,72.2,,23.2
2018-06-21,55.7,50.5,Caution,51.2,43.7,55.4,71.7,,18.2
2018-06-22,48.6,45.7,Neutral,48.2,35.8,48.4,70.7,,20.2
2018-06-23,46.3,44.2,Neutral,48.7,37,39,70.8,,20.2
2018-06-24,44.3,42.9,Neutral,47.6,35.1,37.8,69.4,,20.3
2018-06-25,44,42.7,Neutral,47.6,35.1,38.4,69.2,,15.2
2018-06-26,43.8,42.6,Neutral,46.4,33.2,42.2,68,,16.7
2018-06-27,43.6,42.4,Neutral,46.8,34.2,40.1,68.5,,13.3
2018-06-28,43.3,42.2,Neutral,46,33,41.9,68.2,,14.4
2018-06-29,42.8,41.9,Neutral,46.6,34,38.2,67.4,,16.6
2018-06-30,45.7,43.8,Neutral,47.7,35.6,43,67.7,,16.6
2018-07-01,43.2,42.2,Neutral,47.3,35.5,47.3,46.4,,15.8
2018-07-02,44.7,43.1,Neutral,48.5,37.7,47.2,46.8,,14.5
2018-07-03,45.1,43.4,Neutral,48,36.7,50.4,46.3,,15.2
2018-07-04,46.2,44.1,Neutral,48.1,37,53.3,46.2,,15.3
2018-07-05,47,44.7,Neutral,48.1,37,54.8,46.6,,18.2
2018-07-06,47,44.7,Neutral,48.1,37.2,53.6,46.4,,22.6
2018-07-07,48.1,45.4,Neutral,49,38.7,53.4,46.7,,22.6
2018-07-08,49.2,46.2,Neutral,49,39,56.2,47.1,,22.6
2018-07-09,47.8,45.2,Neutral,47.9,36.4,56.9,46.1,,24.7
2018-07-10,44.2,42.8,Neutral,45.6,32.7,54.4,45.3,,25.2
2018-07-11,42.6,41.8,Neutral,46.3,34,47.9,45.7,,21.1
2018-07-12,43.6,42.4,Neutral,45.7,33,52.3,45.3,,24.5
2018-07-13,42.1,41.4,Neutral,45.6,32.9,47.6,45.6,,25.2
2018-07-14,42.2,41.5,Neutral,45.7,33.1,47.5,45.5,,25.2
2018-07-15,44.4,42.9,Neutral,46.3,34.6,51,46.2,,25.2
2018-07-16,47.6,45,Neutral,48.2,37.7,53.9,46.5,,24
2018-07-17,50.2,46.8,Caution,49.2,40.8,57,45.1,,25.3
2018-07-18,49.9,46.6,Neutral,48.4,38.2,60.8,44.9,,24.6
2018-07-19,48.5,45.7,Neutral,47.5,36.5,61.2,44.5,,20.8
2018-07-20,47.2,44.8,Neutral,46.1,34.1,62.1,44.1,,22.5
2018-07-21,48,45.3,Neutral,47.1,35.9,60.8,44.3,,22.5
2018-07-22,48.1,45.4,Neutral,46.8,35.5,61.9,44.1,,22.6
2018-07-23,46.4,44.3,Neutral,45.7,34,60.6,43.5,,23.3
2018-07-24,50.1,46.7,Caution,48.2,38.1,62.5,43.3,,24.6
2018-07-25,49.4,46.3,Neutral,47.4,36.9,62.9,43.5,,25.5
2018-07-26,48.2,45.5,Neutral,46.5,35.2,62.5,43.6,,26.1
2018-07-27,48.8,45.9,Neutral,47.6,37,61.4,43.4,,23.6
2018-07-28,49,46,Neutral,47.4,36.7,62.7,43.2,,23.6
2018-07-29,48.8,45.8,Neutral,47,36.6,62.5,43.2,,23.7
2018-07-30,47.1,44.8,Neutral,46.1,34.9,61.9,42.9,,21.4
2018-07-31,45.6,43.7,Neutral,44.5,32.9,61.4,42.9,,24.6
2018-08-01,42.7,41.8,Neutral,43.6,32.3,54.6,44.3,,22.6
2018-08-02,42.6,41.7,Neutral,43.3,32,54.4,44.2,,24.9
2018-08-03,42.2,41.5,Neutral,43.6,32.6,51.4,44.7,,27.1
2018-08-04,40.5,40.3,Neutral,43.2,32.1,47.1,45.3,,27.2
2018-08-05,38.9,38.9,Neutral,43.3,32.4,40.2,45.3,,27.2
2018-08-06,39.3,39.3,Neutral,43,31.9,42.5,45.4,,28.5
2018-08-07,38.5,38.5,Neutral,42,30.4,42.4,44.6,,30.5
2018-08-08,37.4,37.4,Neutral,40.8,29.7,40,44.7,,29.8
2018-08-09,36.8,36.8,Neutral,41.2,30,37.5,44.2,,27.4
2018-08-10,35.8,35.8,Neutral,39.7,29.1,38.8,43.8,,18.1
2018-08-11,34.9,34.9,Neutral,39,28.6,36.7,43.1,,18.1
2018-08-12,34.9,34.9,Neutral,39,28.6,36.6,43,,18.1
2018-08-13,33.8,33.8,Neutral,36.8,27,39,41.8,,12.7
2018-08-14,32.9,32.9,Neutral,36.3,26.8,35,41.7,,16.9
2018-08-15,33.3,33.3,Neutral,36.8,27.1,36.6,41.7,,12.8
2018-08-16,34.3,34.3,Neutral,37.2,27.5,39.1,41.8,,16.2
2018-08-17,35.4,35.4,Neutral,39.1,29.5,37.7,42.3,,19.7
2018-08-18,35.6,35.6,Neutral,37.9,28.2,42.2,41.9,,19.8
2018-08-19,36.3,36.3,Neutral,38,28.5,44.9,41.8,,19.8
2018-08-20,34.1,34.1,Neutral,34.6,25.6,44,41.3,,20.1
2018-08-21,33.4,33.4,Neutral,35.9,26.6,37.5,41.3,,20.3
2018-08-22,33,33,Neutral,34.3,25.4,39.1,41,,22.6
2018-08-23,32.7,32.7,Neutral,35.1,26.1,36.2,40.9,,21
2018-08-24,33.9,33.9,Neutral,36.4,27.2,37.5,40.9,,23.7
2018-08-25,34.1,34.1,Neutral,35.8,26.8,40.2,40.5,,23.8
2018-08-26,33.1,33.1,Neutral,35.2,26.2,37.4,40.4,,23.8
2018-08-27,33.8,33.8,Neutral,36.6,27.8,36.1,40.8,,24.2
2018-08-28,34.5,34.5,Neutral,37.3,28.6,37.4,40.8,,22.4
2018-08-29,34,34,Neutral,36.7,27.8,37.4,40.4,,22.7
2018-08-30,34.1,34.1,Neutral,36.3,27.2,40.5,40.2,,17.2
2018-08-31,32.9,32.9,Neutral,36.1,26.9,35.2,40.1,,19.5
2018-09-01,35.4,35.4,Neutral,37.5,29.3,39.6,44.6,,18.8
2018-09-02,34.6,34.6,Neutral,37.5,29.4,35.9,44.4,,18.8
2018-09-03,34.6,34.6,Neutral,37.1,28.7,37.4,44.1,,18.9
2018-09-04,35.7,35.7,Neutral,36.6,27.8,44.9,43.7,,16
2018-09-05,30.2,30.2,Neutral,31.7,22.5,35,43.2,,14.2
2018-09-06,29.9,29.9,Accumulation,31.7,22.6,33.6,43.3,,13
2018-09-07,29.6,29.6,Accumulation,31.1,21.5,35.1,43.2,,12.6
2018-09-08,29.2,29.2,Accumulation,30.2,20.3,36.1,43,,12.6
2018-09-09,28.5,28.5,Accumulation,30,20.1,33.5,42.9,,12.7
2018-09-10,28.8,28.8,Accumulation,30.2,20.7,33.8,42.9,,13.6
2018-09-11,29,29,Accumulation,29.6,19.4,36.3,42.7,,16.3
2018-09-12,28.3,28.3,Accumulation,29.4,19,33.5,42.6,,18.2
2018-09-13,31.3,31.3,Neutral,30.9,22.2,39.9,43.1,,21.2
2018-09-14,31.8,31.8,Neutral,30.7,21.9,42.5,43,,22
2018-09-15,32.5,32.5,Neutral,31.3,22.9,43.7,43.2,,22.1
2018-09-16,33.3,33.3,Neutral,31.1,22.8,47.4,43.1,,22.1
2018-09-17,31.2,31.2,Neutral,29.9,20.3,44.7,42.8,,16.5
2018-09-18,31.1,31.1,Neutral,30.6,21.7,40.1,43,,20.8
2018-09-19,32,32,Neutral,30.5,21.7,43.5,43,,25.4
2018-09-20,32.8,32.8,Neutral,31.2,23.4,43.4,43.2,,25.3
2018-09-21,35.2,35.2,Neutral,32.3,25.7,49.5,43.5,,25.7
2018-09-22,35.6,35.6,Neutral,31.9,25,52.8,43.3,,25.8
2018-09-23,36.3,36.3,Neutral,32.2,25.5,54.8,43.5,,25.8
2018-09-24,36.2,36.2,Neutral,31.2,23.6,58.9,43.1,,23.7
2018-09-25,34.5,34.5,Neutral,30.7,22.8,53.5,43.1,,22.5
2018-09-26,34,34,Neutral,30.4,21.8,53.3,42.9,,20.2
2018-09-27,36,36,Neutral,31.2,24.1,58.4,43.1,,21.1
2018-09-28,35.7,35.7,Neutral,30.8,23.3,58.2,42.9,,23
2018-09-29,35.2,35.2,Neutral,31.5,24.7,53,43.2,,23
2018-09-30,34.9,34.9,Neutral,31.5,24.9,51.5,43.2,,23
2018-10-01,34.4,34.4,Neutral,31.3,24.6,48.9,44.8,,24.2
2018-10-02,33.7,33.7,Neutral,30.9,23.6,47.7,44.7,,22.8
2018-10-03,33.8,33.8,Neutral,30.5,22.9,49.2,44.4,,25.5
2018-10-04,32.4,32.4,Neutral,30.9,23.6,43.8,44.3,,15.2
2018-10-05,34.2,34.2,Neutral,31.3,24.9,49.9,44.6,,14.8
2018-10-06,33.5,33.5,Neutral,31,24.2,48.1,44.5,,14.9
2018-10-07,32.6,32.6,Neutral,31.1,24.5,43.5,44.5,,14.9
2018-10-08,32.4,32.4,Neutral,31.4,25.6,41.2,44.5,,13.7
2018-10-09,33,33,Neutral,31.1,24.9,45.1,44.5,,12.7
2018-10-10,31.8,31.8,Neutral,30.7,23.9,42.9,44.4,,9
2018-10-11,27.3,27.3,Accumulation,28.5,18.2,33.6,43.5,,8.3
2018-10-12,26.8,26.8,Accumulation,28.7,19.1,29.3,43.6,,9.7
2018-10-13,27.1,27.1,Accumulation,28.9,19.5,29.8,43.7,,9.8
2018-10-14,27.2,27.2,Accumulation,28.5,18.6,32.1,43.4,,9.8
2018-10-15,29,29,Accumulation,29.4,21,35.5,43.7,,11.1
2018-10-16,29.8,29.8,Accumulation,29.3,20.9,39.1,43.7,,12.7
2018-10-17,29.3,29.3,Accumulation,29.1,20.4,37.9,43.5,,12.5
2018-10-18,29.6,29.6,Accumulation,28.9,19.9,41.3,43.3,,8.8
2018-10-19,29.3,29.3,Accumulation,29,20.3,39.1,43.4,,8.4
2018-10-20,28.8,28.8,Accumulation,29.2,20.8,35.8,43.5,,8.4
2018-10-21,28.7,28.7,Accumulation,29.1,20.7,35.8,43.5,,8.5
2018-10-22,30,30,Neutral,28.9,20.3,42.5,43.4,,8
2018-10-23,29.3,29.3,Accumulation,29,20.8,39.1,43.4,,7.3
2018-10-24,28.7,28.7,Accumulation,28.9,20,37.7,43.2,,5.4
2018-10-25,29.3,29.3,Accumulation,28.8,19.9,40.7,43.1,,6
2018-10-26,30.1,30.1,Neutral,28.8,20.2,44.1,43.2,,5.9
2018-10-27,31.2,31.2,Neutral,28.9,20.7,47.8,43.4,,6
2018-10-28,31.6,31.6,Neutral,29.1,21.2,49.1,43.5,,6
2018-10-29,30.2,30.2,Neutral,28.1,18.2,48.4,42.9,,5.4
2018-10-30,29.7,29.7,Accumulation,28.3,18.6,45.3,43,,5.4
2018-10-31,30.2,30.2,Neutral,28.3,18.9,46.7,43,,5.8
2018-11-01,31.8,31.8,Neutral,28.3,19.6,52.5,42.9,,8.7
2018-11-02,32.9,32.9,Neutral,28.2,18.7,58.5,43.4,,9
2018-11-03,32.7,32.7,Neutral,28,18.5,58.4,43.1,,9
2018-11-04,35.6,35.6,Neutral,29.3,23,63.2,43.8,,9
2018-11-05,35.4,35.4,Neutral,29.1,22.2,63.9,43.7,,7.9
2018-11-06,36.3,36.3,Neutral,29.8,24.7,63.8,44.1,,8.3
2018-11-07,36.7,36.7,Neutral,29.6,24.2,66.1,43.9,,10.1
2018-11-08,35.8,35.8,Neutral,29,21.7,66.3,43.7,,9.2
2018-11-09,35.2,35.2,Neutral,28.8,20.8,65.4,43.7,,7.4
2018-11-10,35.7,35.7,Neutral,28.9,21.9,66.3,43.8,,7.5
2018-11-11,35.8,35.8,Neutral,28.9,21.7,66.7,43.8,,7.5
2018-11-12,35.5,35.5,Neutral,28.8,21.8,66,43.8,,5.6
2018-11-13,35.1,35.1,Neutral,28.2,19.7,67.9,43.5,,5.6
2018-11-14,32.6,32.6,Neutral,26.3,15,65.5,43.3,,5.4
2018-11-15,29.4,29.4,Accumulation,26.4,15.1,50.7,43.4,,6.2
2018-11-16,28,28,Accumulation,26.1,14.5,45.2,42.6,,8.7
2018-11-17,28.3,28.3,Accumulation,26,14.5,46.5,42.8,,8.8
2018-11-18,29,29,Accumulation,26.1,15.1,48.8,43.1,,8.8
2018-11-19,28.1,28.1,Accumulation,25.1,12.2,50.7,42.2,,7.1
2018-11-20,25.5,25.5,Accumulation,24.6,9.8,43,42,,5.8
2018-11-21,24.5,24.5,Accumulation,24.8,10.4,37.4,42,,6
2018-11-22,24.1,24.1,Accumulation,24.5,9.7,37.1,41.8,,6.1
2018-11-23,23.9,23.9,Accumulation,24.4,9.7,36.7,41.7,,4.7
2018-11-24,23.5,23.5,Accumulation,24,8.2,37.5,41.9,,4.7
2018-11-25,23.5,23.5,Accumulation,24.1,8.8,36.4,41.9,,4.8
2018-11-26,23.8,23.8,Accumulation,23.9,8,39,41.7,,6.1
2018-11-27,23.3,23.3,Accumulation,23.9,8.3,36.5,41.7,,5.8
2018-11-28,24.2,24.2,Accumulation,24.3,10.2,37.2,41.8,,6.9
2018-11-29,24.4,24.4,Accumulation,24,9.2,39.9,41.2,,6.9
2018-11-30,24.5,24.5,Accumulation,23.9,8.6,41.4,41.5,,6.8
2018-12-01,24.6,24.6,Accumulation,24,9.5,34.9,51.5,,8.3
2018-12-02,24.6,24.6,Accumulation,23.9,9,35.7,51.3,,8.3
2018-12-03,24.5,24.5,Accumulation,23.6,7.6,37.2,51.3,,10.5
2018-12-04,23.8,23.8,Accumulation,23.6,7.8,34.6,51.2,,6.9
2018-12-05,24.5,24.5,Accumulation,23.4,6.8,39.7,50.9,,6.9
2018-12-06,23.1,23.1,Accumulation,23,6.2,34.9,50.4,,6.2
2018-12-07,23.1,23.1,Accumulation,23.1,6.5,34.2,50.8,,5.9
2018-12-08,22.9,22.9,Accumulation,23,6.3,34.2,50.5,,6
2018-12-09,23.3,23.3,Accumulation,23.1,6.7,35.4,50.4,,6
2018-12-10,24.1,24.1,Accumulation,22.9,6.3,39.9,50.3,,4.8
2018-12-11,23,23,Accumulation,22.7,5.9,35.9,50.2,,5.1
2018-12-12,23.2,23.2,Accumulation,22.8,6.4,35.3,50.2,,6.6
2018-12-13,22.9,22.9,Accumulation,22.5,5.7,35.3,50.2,,6.9
2018-12-14,22.4,22.4,Accumulation,22.4,5.3,34,50.1,,5.4
2018-12-15,22.4,22.4,Accumulation,22.4,5.4,34,50.2,,5.4
2018-12-16,22.7,22.7,Accumulation,22.4,5.6,35,50.2,,5.5
2018-12-17,24.1,24.1,Accumulation,23,7.9,37.7,50.4,,5.1
2018-12-18,25.9,25.9,Accumulation,23.2,8.8,44.2,50.8,,5
2018-12-19,25.4,25.4,Accumulation,23.1,8.5,42.3,50.4,,5.6
2018-12-20,27.9,27.9,Accumulation,23.7,11.6,48.7,51.1,,5.1
2018-12-21,28.7,28.7,Accumulation,23.4,10.1,54.9,51,,4.9
2018-12-22,28.2,28.2,Accumulation,23.7,11.9,49.4,51.5,,4.9
2018-12-23,29.6,29.6,Accumulation,24.1,14.2,51.6,53.2,,4.9
2018-12-24,29.1,29.1,Accumulation,24.4,15.7,46.7,53.9,,5.1
2018-12-25,30.2,30.2,Neutral,24.1,14.3,53.6,53.6,,5.2
2018-12-26,28.9,28.9,Accumulation,24.1,14.8,47.4,53.7,,5.5
2018-12-27,28.4,28.4,Accumulation,23.5,11.6,50,52.7,,6
2018-12-28,28.2,28.2,Accumulation,24.3,16,41.8,54.1,,6.7
2018-12-29,28.8,28.8,Accumulation,24.2,15.8,45,54.2,,6.7
2018-12-30,28.8,28.8,Accumulation,24.3,16.7,43.7,54.2,,6.7
2018-12-31,29.2,29.2,Accumulation,24,15.3,47.3,54,,7.6
2019-01-01,27.1,27.1,Accumulation,24.3,17.2,38.4,45.1,,11.9
2019-01-02,29.5,29.5,Accumulation,24.8,20.1,44.6,45.5,,11.7
2019-01-03,29.7,29.7,Accumulation,24.6,19.1,47.1,45.3,,11.8
2019-01-04,32.2,32.2,Neutral,24.8,20.4,55.8,45.7,,14.1
2019-01-05,30.7,30.7,Neutral,24.8,20.6,48.8,45.9,,14.2
2019-01-06,29.9,29.9,Accumulation,24.9,21.1,44.8,45.1,,14.2
2019-01-07,30.6,30.6,Neutral,24.4,18.8,51.3,45,,15.4
2019-01-08,30.3,30.3,Neutral,24.3,18.1,51.2,45,,15.4
2019-01-09,31,31,Neutral,24.3,18.1,53.5,45,,17.9
2019-01-10,28.6,28.6,Accumulation,23.4,14,49.3,44.3,,18.6
2019-01-11,24.9,24.9,Accumulation,23.4,14,32.5,44.3,,19.1
2019-01-12,25.5,25.5,Accumulation,23.3,13.8,35.8,44.1,,19.1
2019-01-13,24.2,24.2,Accumulation,22.7,11.1,34.5,43.3,,19.1
2019-01-14,24.4,24.4,Accumulation,23.2,15,29.5,44.4,,19.1
2019-01-15,26.2,26.2,Accumulation,22.8,12.6,41.4,43.6,,18.4
2019-01-16,25.6,25.6,Accumulation,22.9,13.3,37.9,43.6,,18.8
2019-01-17,26.7,26.7,Accumulation,23,13.7,42.2,43.6,,18.6
2019-01-18,26.5,26.5,Accumulation,22.7,12.7,43,43.3,,18.2
2019-01-19,27.3,27.3,Accumulation,23,14,44.6,43.5,,18.3
2019-01-20,27.4,27.4,Accumulation,22.6,12.2,48,43.4,,18.3
2019-01-21,26.3,26.3,Accumulation,22.6,11.6,43.9,43,,18.3
2019-01-22,25.9,25.9,Accumulation,22.7,13,41.1,43.3,,14.8
2019-01-23,27.1,27.1,Accumulation,22.6,12.5,46.6,43,,17
2019-01-24,27.6,27.6,Accumulation,22.6,12.3,49.3,42.9,,16.9
2019-01-25,27.4,27.4,Accumulation,22.5,12.2,47.8,42.8,,19.9
2019-01-26,28.5,28.5,Accumulation,22.5,12.3,52.6,42.8,,19.9
2019-01-27,27.7,27.7,Accumulation,22.3,11.3,50.9,42.3,,20
2019-01-28,26.1,26.1,Accumulation,22,9.1,47.6,41.6,,18.7
2019-01-29,23,23,Accumulation,21.9,9.1,33.9,41.6,,18.7
2019-01-30,23.8,23.8,Accumulation,22,10.2,35.2,42,,20.2
2019-01-31,22.4,22.4,Accumulation,21.9,9.4,29.6,41.6,,22.8
2019-02-01,25.5,25.5,Accumulation,21.9,9.5,36,57,,22.7
2019-02-02,25.8,25.8,Accumulation,22,10.7,35.2,57.8,,22.7
2019-02-03,24.6,24.6,Accumulation,21.8,9.7,31.8,57,,22.8
2019-02-04,26.8,26.8,Accumulation,21.9,10.1,40.8,57,,23.5
2019-02-05,25.3,25.3,Accumulation,21.9,10.6,33.8,56.8,,22.7
2019-02-06,23.4,23.4,Accumulation,21.7,9.3,27.3,56.7,,22.4
2019-02-07,24.3,24.3,Accumulation,21.7,10.2,30.5,56.7,,19.9
2019-02-08,30.2,30.2,Neutral,22.6,14.9,49.1,58.1,,21.1
2019-02-09,31.2,31.2,Neutral,22.6,15.1,53.2,58.1,,21.1
2019-02-10,31.6,31.6,Neutral,22.9,17.1,51.7,59,,21.2
2019-02-11,31.6,31.6,Neutral,22.7,15.7,54.7,58.6,,18.4
2019-02-12,31,31,Neutral,22.8,16.6,50.1,58.8,,20.6
2019-02-13,32,32,Neutral,22.7,16.2,55.2,58.8,,19.6
2019-02-14,31.6,31.6,Neutral,22.6,15.7,55.1,58.6,,17.4
2019-02-15,31.6,31.6,Neutral,22.7,16.2,53.6,58.7,,19.8
2019-02-16,31.9,31.9,Neutral,22.8,17.1,53.5,58.8,,19.8
2019-02-17,32.4,32.4,Neutral,23.3,21,49.7,59.9,,19.8
2019-02-18,35.1,35.1,Neutral,23.9,23.2,57.9,60,,19.8
2019-02-19,35.1,35.1,Neutral,23.8,23,58.3,59.9,,21.4
2019-02-20,35.3,35.3,Neutral,24,23.9,57.4,60,,23.2
2019-02-21,35,35,Neutral,23.8,23.2,57.3,59.8,,22.9
2019-02-22,35.6,35.6,Neutral,24,24.2,57.5,59.8,,25.8
2019-02-23,36.3,36.3,Neutral,24.6,26,57.7,60,,25.8
2019-02-24,34.4,34.4,Neutral,23.1,20.7,58.4,59.2,,25.8
2019-02-25,33.7,33.7,Neutral,23.3,22,53.9,59.4,,23.1
2019-02-26,32.8,32.8,Neutral,23.2,21.5,50.4,59.2,,22.9
2019-02-27,32.5,32.5,Neutral,23.1,21,49.4,59.1,,25.3
2019-02-28,32.5,32.5,Neutral,23.2,21.3,49.3,59.1,,24.5
2019-03-01,33,33,Neutral,23.2,21.9,45.8,68.7,,25
2019-03-02,32.4,32.4,Neutral,23,20.8,45,68.3,,25
2019-03-03,32.5,32.5,Neutral,22.8,20,46.9,67.9,,25
2019-03-04,30.4,30.4,Neutral,22.6,18.7,40.3,67.4,,21.6
2019-03-05,31.6,31.6,Neutral,23.3,22.7,39.6,68.5,,20.7
2019-03-06,33,33,Neutral,23.4,23,45.6,68.5,,18.5
2019-03-07,33.9,33.9,Neutral,23.4,23.2,50.2,68.3,,16.2
2019-03-08,33.1,33.1,Neutral,23.1,21.6,49.2,67.8,,17.2
2019-03-09,33.9,33.9,Neutral,23.4,23.4,49.8,67.9,,17.2
2019-03-10,33.5,33.5,Neutral,23.2,22.6,49.7,67.7,,17.3
2019-03-11,33.2,33.2,Neutral,22.9,21,50.1,67.4,,20.4
2019-03-12,33.3,33.3,Neutral,22.9,21.1,50,67.4,,21.7
2019-03-13,32.9,32.9,Neutral,22.7,20.5,48.8,67.1,,23.5
2019-03-14,33,33,Neutral,22.7,20.5,49.4,67,,23.3
2019-03-15,34.1,34.1,Neutral,23.3,23.1,49.3,67.7,,25.7
2019-03-16,34.5,34.5,Neutral,23.6,24.8,48.5,67.8,,25.7
2019-03-17,34.6,34.6,Neutral,23.4,24,50.5,67.5,,25.7
2019-03-18,34.2,34.2,Neutral,23.3,23.4,49.8,67.2,,25.8
2019-03-19,34.3,34.3,Neutral,23.4,23.7,49.7,67.2,,24.8
2019-03-20,34.2,34.2,Neutral,23.4,24.3,49,67,,24.3
2019-03-21,33.6,33.6,Neutral,22.8,21.4,51,66.2,,24.6
2019-03-22,33.2,33.2,Neutral,23,22.3,49.5,66.4,,17.4
2019-03-23,32.9,32.9,Neutral,23,22.8,47.3,66.7,,17.5
2019-03-24,32.2,32.2,Neutral,22.9,22.1,45.4,66.5,,17.5
2019-03-25,32.1,32.1,Neutral,22.7,21,46,66.2,,19.9
2019-03-26,31.9,31.9,Neutral,22.6,20.9,44.9,66.1,,21.9
2019-03-27,33,33,Neutral,23.3,24.1,45.2,66.9,,19.1
2019-03-28,33.3,33.3,Neutral,23.2,23.7,47.1,66.4,,19.9
2019-03-29,34.4,34.4,Neutral,23.8,26.3,47.2,67.1,,20.9
2019-03-30,34.9,34.9,Neutral,23.7,26,50.2,66.9,,21
2019-03-31,34.5,34.5,Neutral,23.6,25.6,49.3,66.6,,21
2019-04-01,36.5,36.5,Neutral,23.4,25,66,51.8,,24.4
2019-04-02,38.8,38.8,Neutral,24.8,31.7,65.8,51.1,,25.1
2019-04-03,38.8,38.8,Neutral,24.7,31.4,67,50.2,,25.6
2019-04-04,38.1,38.1,Neutral,24.5,30.4,65.6,50.1,,24.7
2019-04-05,38.8,38.8,Neutral,24.9,32.3,65.2,50.6,,26.3
2019-04-06,39,39,Neutral,24.8,32.1,66.5,50.5,,26.3
2019-04-07,39.8,39.8,Neutral,25.3,33.9,66.7,51.1,,26.3
2019-04-08,40.6,40.4,Neutral,25.7,35.7,66.2,51.8,,26.1
2019-04-09,39.6,39.6,Neutral,25.3,34.1,66.1,51.2,,24.1
2019-04-10,39.8,39.8,Neutral,25.4,34.6,65.3,50.7,,27.7
2019-04-11,38.7,38.7,Neutral,24.6,31.5,66.1,50.1,,27
2019-04-12,37.2,37.2,Neutral,24.6,31.7,58,49.9,,31.5
2019-04-13,38.7,38.7,Neutral,24.5,31.5,65.1,49.8,,31.6
2019-04-14,38.3,38.3,Neutral,24.8,32.7,61.3,50,,31.6
2019-04-15,38.1,38.1,Neutral,24.3,30.5,64.7,49.5,,29.8
2019-04-16,37.9,37.9,Neutral,24.6,32.1,61,49.6,,31.2
2019-04-17,38.7,38.7,Neutral,24.6,32.2,64.7,49.5,,30.8
2019-04-18,39.6,39.6,Neutral,25.1,33.7,65.7,50.4,,31.3
2019-04-19,39.4,39.4,Neutral,25.1,33.8,64.5,50.1,,31.3
2019-04-20,39.4,39.4,Neutral,25.1,33.8,64.8,49.9,,31.3
2019-04-21,39,39,Neutral,24.8,32.8,64.7,49.5,,31.3
2019-04-22,39,39,Neutral,24.9,33.2,64.2,49.3,,30.1
2019-04-23,39.1,39.1,Neutral,24.8,32.9,66.2,48.1,,29.2
2019-04-24,38.4,38.4,Neutral,24.5,32,65.6,47.9,,26.1
2019-04-25,36.7,36.7,Neutral,23.7,29,63.4,47.7,,24.9
2019-04-26,35.4,35.4,Neutral,23.8,29.4,56.1,47.7,,28
2019-04-27,35.8,35.8,Neutral,24,30.1,56.8,47.8,,28
2019-04-28,35.2,35.2,Neutral,23.7,29.4,55.3,47.6,,28
2019-04-29,35.2,35.2,Neutral,23.6,28.8,56.7,47.6,,26.9
2019-04-30,36.1,36.1,Neutral,24.1,31.2,56.6,47.8,,27.3
2019-05-01,38.7,38.7,Neutral,24,30.8,74.4,37.6,,26.3
2019-05-02,38.7,38.7,Neutral,24.1,31,74.1,37.4,,26.1
2019-05-03,41.1,40.7,Neutral,24.6,32.9,78.9,37.3,,30.9
2019-05-04,40.8,40.5,Neutral,24.3,32,79.8,36.8,,31
2019-05-05,40.6,40.4,Neutral,24.2,31.6,79.8,36.9,,31
2019-05-06,41,40.7,Neutral,25.1,34.8,76.9,37.7,,24.4
2019-05-07,40.7,40.5,Neutral,24.7,33.4,80,37.2,,18.8
2019-05-08,40.7,40.5,Neutral,24.9,34.3,78.4,36.9,,19.9
2019-05-09,41.2,40.8,Neutral,25,34.5,79.9,36.4,,19.4
2019-05-10,41.9,41.3,Neutral,25.2,35.1,80,36.1,,23.3
2019-05-11,44.6,43.1,Neutral,26.6,39.9,80.3,35.9,,23.4
2019-05-12,43.9,42.6,Neutral,26.2,38.7,80.2,36.1,,23.4
2019-05-13,44.5,43,Neutral,26.9,40.5,80.2,35.2,,19.1
2019-05-14,47,44.6,Neutral,28.9,43.3,80.1,36.2,,21
2019-05-15,49.8,46.6,Neutral,30.8,47.1,80,37.8,,22
2019-05-16,51.8,47.9,Caution,32.4,48.8,79.7,40.7,,23.3
2019-05-17,49.3,46.2,Neutral,30.7,46.6,78.2,40.5,,20.9
2019-05-18,48.4,45.6,Neutral,30,45.2,78.6,39.5,,20.9
2019-05-19,51,47.3,Caution,32.1,48.5,79.2,39.2,,20.9
2019-05-20,50,46.6,Caution,31,47.5,79.4,38.8,,21
2019-05-21,50.1,46.7,Caution,31.1,47.8,78.6,39.4,,21.9
2019-05-22,48.9,46,Neutral,30.4,45.9,78.7,39.3,,21.8
2019-05-23,48.6,45.7,Neutral,30.6,46.5,77.6,38.3,,20
2019-05-24,48.9,45.9,Neutral,30.8,47.1,77.3,38.3,,20.4
2019-05-25,49.4,46.3,Neutral,30.9,47.3,78.5,38.2,,20.4
2019-05-26,51.1,47.4,Caution,33.1,49.3,77.9,37.9,,20.4
2019-05-27,51.6,47.7,Caution,33.2,49.6,78.8,38,,20.4
2019-05-28,51.3,47.6,Caution,33.2,49.6,78.8,38.2,,17.2
2019-05-29,50.9,47.3,Caution,33,49,78.7,38.1,,16.7
2019-05-30,49.3,46.2,Neutral,31,47.2,78.9,37.9,,17.8
2019-05-31,49.7,46.5,Neutral,32.7,48.9,75.2,38.6,,17.7
2019-06-01,49.5,46.3,Neutral,32.2,48.4,78.9,31.6,,19
2019-06-02,50.3,46.8,Caution,33.1,49.1,79.3,31.5,,19
2019-06-03,48.2,45.4,Neutral,30.4,45.7,80.5,31.5,,21.4
2019-06-04,44.4,43,Neutral,29.8,44.3,71.2,32.5,,23.5
2019-06-05,41.6,41,Neutral,30,44.7,60.8,32.8,,26.5
2019-06-06,43.6,42.4,Neutral,30.3,45.5,65.6,33.1,,25.6
2019-06-07,41.7,41.1,Neutral,30.3,45.3,60.7,31.9,,25.3
2019-06-08,46.9,44.6,Neutral,29.8,44.3,78.5,31.5,,25.3
2019-06-09,45.8,43.9,Neutral,29.1,42.9,78.4,31.1,,25.3
2019-06-10,45.5,43.7,Neutral,30,44.8,73,31.6,,27.2
2019-06-11,46.8,44.6,Neutral,29.9,44.3,77.8,31.7,,26.3
2019-06-12,49.3,46.2,Neutral,31.6,47.6,77.5,33.4,,27.6
2019-06-13,48.7,45.8,Neutral,30.8,46.6,78.9,31.8,,27.7
2019-06-14,50.2,46.8,Caution,32,47.9,80.2,31.1,,27.5
2019-06-15,51.6,47.7,Caution,32.9,48.8,81.9,31.2,,27.5
2019-06-16,51.4,47.6,Caution,32.6,48.5,82.2,31,,27.6
2019-06-17,52.2,48.1,Caution,33.6,49.6,82.2,30.7,,26.4
2019-06-18,50.8,47.2,Caution,32.4,47.9,82.1,30.7,,26
2019-06-19,51.7,47.8,Caution,32.9,48.6,82,30.5,,30.8
2019-06-20,52.1,48.1,Caution,33.3,49,81.9,30.3,,32.5
2019-06-21,54.4,49.6,Caution,35,52.4,82,30.6,,31.6
2019-06-22,55.5,50.3,Caution,35.9,54.1,81.8,30.5,,31.6
2019-06-23,55.3,50.2,Caution,35.8,53.9,81.8,30.2,,31.6
2019-06-24,55.4,50.3,Caution,35.9,54.1,81.4,30.1,,32.9
2019-06-25,55.6,50.4,Caution,36.2,54.7,81.9,29.3,,30.4
2019-06-26,56.6,51.1,Caution,37,56.3,81.8,28.7,,30.7
2019-06-27,52.9,48.6,Caution,34.5,50.5,81.7,29,,30.8
2019-06-28,52.9,48.6,Caution,35.6,53.2,76.8,28.4,,31.8
2019-06-29,54.9,49.9,Caution,36,54.1,80.4,29.3,,31.8
2019-06-30,52.1,48.1,Caution,34.1,49.4,80.8,29.4,,31.8
2019-07-01,51.4,47.6,Caution,34.3,49.7,76.4,31,,34.9
2019-07-02,51,47.3,Caution,34.2,49.6,75.5,30.4,,35.9
2019-07-03,53.2,48.8,Caution,34.9,51.2,79.2,29.6,,36.6
2019-07-04,50.7,47.1,Caution,33.4,47.4,78.8,29.6,,36.6
2019-07-05,50.2,46.8,Caution,33.7,48.2,76.7,30.1,,32.2
2019-07-06,50.5,47,Caution,33.7,47.9,78.1,29.7,,32.2
2019-07-07,52.2,48.2,Caution,35.2,51.3,76.6,30.4,,32.2
2019-07-08,53.6,49.1,Caution,35.8,53.3,78.2,29.7,,30.5
2019-07-09,53,48.7,Caution,35.4,51.7,79.4,29.3,,29
2019-07-10,51.4,47.6,Caution,33.9,48.2,79.1,29.1,,36.6
2019-07-11,47.2,44.8,Neutral,31.7,44.6,74,29.1,,38.7
2019-07-12,44,42.6,Neutral,32.6,45.7,61,29.1,,41
2019-07-13,47.7,45.1,Neutral,31.6,44.3,75.5,29.1,,41
2019-07-14,42.7,41.8,Neutral,27.7,39,73.3,28.7,,41
2019-07-15,36.2,36.2,Neutral,27.8,39,48.4,27.8,,39.9
2019-07-16,36.2,36.2,Neutral,25.2,32.1,61.4,27.9,,37.8
2019-07-17,34.8,34.8,Neutral,26.4,35.2,50.4,28.4,,33.4
2019-07-18,39.6,39.6,Neutral,27.7,38.7,65.2,28,,36
2019-07-19,39,39,Neutral,26.9,37.2,66.5,27.7,,33.4
2019-07-20,38.6,38.6,Neutral,27.7,38.8,61.2,28.1,,33.4
2019-07-21,39.5,39.5,Neutral,27.3,38.2,66.4,28.1,,33.4
2019-07-22,38.7,38.7,Neutral,26.7,36.1,66.4,27.8,,34.8
2019-07-23,38,38,Neutral,26.3,34.4,64.9,28.2,,37.3
2019-07-24,35.7,35.7,Neutral,26.7,36.3,51.3,28.9,,38.3
2019-07-25,39.2,39.2,Neutral,26.9,37.1,66.3,28.9,,35.9
2019-07-26,36.7,36.7,Neutral,27,37.3,54.1,29,,37.1
2019-07-27,38.5,38.5,Neutral,26,33.6,68.6,28.5,,37.2
2019-07-28,34.3,34.3,Neutral,26.3,34.5,47.9,29,,37.2
2019-07-29,34.7,34.7,Neutral,26.4,34.7,50,29,,34.2
2019-07-30,34.8,34.8,Neutral,26.3,34.4,52.5,28.5,,30.5
2019-07-31,37.1,37.1,Neutral,27.2,37.9,58.8,28.4,,23.3
2019-08-01,37.7,37.7,Neutral,27.1,37.8,61.9,27.9,,22.9
2019-08-02,38,38,Neutral,27.4,38.4,62.7,27.7,,21.5
2019-08-03,38.4,38.4,Neutral,27.8,39.4,62.6,27.7,,21.6
2019-08-04,38.5,38.5,Neutral,27.8,39.4,63.2,27.6,,21.6
2019-08-05,39.1,39.1,Neutral,28.5,40.7,64.5,27.2,,17.1
2019-08-06,38.9,38.9,Neutral,28,39.8,65.2,27.1,,18
2019-08-07,37.1,37.1,Neutral,28,39.8,57.7,26.1,,18.4
2019-08-08,37.9,37.9,Neutral,27.7,38.8,62.3,25.7,,21
2019-08-09,36,36,Neutral,26.3,34.1,62,25.4,,20.3
2019-08-10,35.3,35.3,Neutral,25.9,32.4,61.6,25.5,,20.3
2019-08-11,35.8,35.8,Neutral,26.9,36.3,57.4,26,,20.3
2019-08-12,35.2,35.2,Neutral,26.5,34.6,58.1,25.8,,17.2
2019-08-13,34.9,34.9,Neutral,26.3,33.8,57.3,26.6,,20
2019-08-14,27.2,27.2,Accumulation,23.8,27.5,35.4,25.8,,16.2
2019-08-15,27.6,27.6,Accumulation,24.1,28.1,35.9,25.5,,16.8
2019-08-16,30,30,Neutral,23.7,27.3,48,25.4,,18.9
2019-08-17,28.4,28.4,Accumulation,23.8,27.3,40.5,25.5,,18.9
2019-08-18,28.5,28.5,Accumulation,24.9,29.5,36.2,26.3,,18.9
2019-08-19,31.7,31.7,Neutral,25.5,31.2,47.6,25.8,,20.1
2019-08-20,32.4,32.4,Neutral,25.1,29.9,53,25.5,,19.5
2019-08-21,27.5,27.5,Accumulation,23.9,27.4,35.2,25.9,,22.2
2019-08-22,27.6,27.6,Accumulation,24.2,27.9,35,26.3,,20.2
2019-08-23,31.3,31.3,Neutral,24.9,29.3,49.4,26.1,,17.5
2019-08-24,31.6,31.6,Neutral,24.3,28.1,52.9,26.3,,17.5
2019-08-25,30.1,30.1,Neutral,23.7,26.7,49.3,25.8,,17.6
2019-08-26,31.7,31.7,Neutral,24.1,27.9,54.5,25.5,,17.8
2019-08-27,29.6,29.6,Accumulation,23.7,26.7,47.4,25.7,,16.7
2019-08-28,28.7,28.7,Accumulation,22.6,23.6,48.8,25.3,,17.7
2019-08-29,26.4,26.4,Accumulation,22.4,22.2,40.3,25.3,,18.6
2019-08-30,27,27,Accumulation,22.4,22.1,43.1,25.3,,17.8
2019-08-31,26.8,26.8,Accumulation,22.6,23.3,40.2,25.5,,17.8
2019-09-01,22.2,22.2,Accumulation,22.5,22.9,20.4,25.3,,19
2019-09-02,25.7,25.7,Accumulation,23,25.5,32.2,25.1,,19
2019-09-03,30.6,30.6,Neutral,23,25.6,53.9,24.9,,18.2
2019-09-04,30,30,Neutral,22.7,23.9,53.3,24.9,,21.1
2019-09-05,29.3,29.3,Accumulation,22.6,22.9,51.1,24.9,,22.3
2019-09-06,31,31,Neutral,22.1,20.9,61.6,24.8,,25.1
2019-09-07,31.4,31.4,Neutral,22.8,24.6,57.5,25.1,,25.2
2019-09-08,31.9,31.9,Neutral,23,25.5,58.2,25.4,,25.2
2019-09-09,32.7,32.7,Neutral,22.9,25,62.6,25.4,,25.1
2019-09-10,32.2,32.2,Neutral,22.8,24.4,61,25.6,,25.1
2019-09-11,31.4,31.4,Neutral,22.7,23.7,58.5,25.5,,26.3
2019-09-12,32.8,32.8,Neutral,22.8,24.8,62.7,25.3,,27.4
2019-09-13,32.6,32.6,Neutral,22.9,25.1,61.1,25.4,,28.6
2019-09-14,33.2,33.2,Neutral,23.5,27.1,60.3,25.9,,28.7
2019-09-15,33.9,33.9,Neutral,23.6,27.2,63,26.1,,28.7
2019-09-16,34.5,34.5,Neutral,24.7,28.9,61.9,27.5,,26.6
2019-09-17,36,36,Neutral,25.7,31.9,62.3,28.5,,27.1
2019-09-18,36.6,36.6,Neutral,25.9,32.9,63.3,28.8,,27.8
2019-09-19,37.3,37.3,Neutral,27.2,36.6,59.7,29.4,,27.4
2019-09-20,37.6,37.6,Neutral,27.1,35.9,63,29.4,,24.7
2019-09-21,37.2,37.2,Neutral,26.6,34.9,63.1,29.4,,24.7
2019-09-22,36.4,36.4,Neutral,26.2,33.2,62.3,29,,24.7
2019-09-23,35.4,35.4,Neutral,25.2,29.9,63.5,28.8,,25.2
2019-09-24,30.9,30.9,Neutral,21.4,18.8,64.2,27.6,,21.6
2019-09-25,29.2,29.2,Accumulation,21.8,20,53.7,28.4,,22.9
2019-09-26,28.4,28.4,Accumulation,21.4,18.8,52.4,28.7,,22.4
2019-09-27,30.9,30.9,Neutral,22.3,21.7,58.5,29.5,,21.2
2019-09-28,31.4,31.4,Neutral,22.2,21.4,61.2,29.3,,21.3
2019-09-29,30.8,30.8,Neutral,21.8,20.1,60.8,29.1,,21.3
2019-09-30,32.2,32.2,Neutral,22.8,24.4,59.9,30,,22
2019-10-01,34,34,Neutral,22.3,22.2,63.6,43.7,,26.1
2019-10-02,34.8,34.8,Neutral,22.9,24.7,63.4,44.1,,24.5
2019-10-03,33.7,33.7,Neutral,22.3,22.1,61.8,43.7,,26.6
2019-10-04,33.6,33.6,Neutral,22.3,21.9,61.2,44.1,,28.1
2019-10-05,33.7,33.7,Neutral,22.4,22.3,60.9,44.2,,28.1
2019-10-06,32.8,32.8,Neutral,21.7,20,61,44.2,,28.1
2019-10-07,33.8,33.8,Neutral,22.6,23.5,60,44.5,,27
2019-10-08,34.9,34.9,Neutral,22.8,23.9,64.3,44.6,,24.7
2019-10-09,36.5,36.5,Neutral,24.5,28.5,62.8,45,,26.4
2019-10-10,37.1,37.1,Neutral,24.3,28.1,66,44.9,,28.2
2019-10-11,35,35,Neutral,22.7,23.4,64.4,44.3,,31.9
2019-10-12,34.6,34.6,Neutral,22.5,22.7,63.5,44,,31.9
2019-10-13,35.1,35.1,Neutral,22.7,23.5,64.4,44.3,,31.9
2019-10-14,35.9,35.9,Neutral,23.2,25.9,63.3,44.9,,34.2
2019-10-15,35,35,Neutral,22.5,22.7,64,44.6,,36.9
2019-10-16,34.5,34.5,Neutral,21.9,20.4,65.6,44.1,,37.7
2019-10-17,34.8,34.8,Neutral,22.2,21.3,65.2,44.4,,37.6
2019-10-18,33.8,33.8,Neutral,21.4,19,64.8,43.9,,38.6
2019-10-19,33.9,33.9,Neutral,21.3,18.5,66.1,43.7,,38.6
2019-10-20,33.9,33.9,Neutral,21.7,20.1,63.4,43.5,,38.6
2019-10-21,33.5,33.5,Neutral,21.5,19.3,63,43.3,,39.4
2019-10-22,33.4,33.4,Neutral,21.1,17.8,64.9,43.5,,38.6
2019-10-23,32.3,32.3,Neutral,20.4,16.5,62,44,,39.8
2019-10-24,30.8,30.8,Neutral,20.3,16,56.3,43.7,,40.1
2019-10-25,33.9,33.9,Neutral,22.4,22.5,58.7,42.8,,42.8
2019-10-26,35.7,35.7,Neutral,22.2,21.7,68.7,41.4,,42.9
2019-10-27,36.3,36.3,Neutral,22.8,23.8,68,41.3,,42.9
2019-10-28,36.1,36.1,Neutral,22.5,22.4,69,41.9,,43.3
2019-10-29,37.6,37.6,Neutral,23.5,26.6,68.9,42.3,,43
2019-10-30,36.1,36.1,Neutral,22.5,22.6,68.4,42.1,,43.4
2019-10-31,35.6,35.6,Neutral,22.1,21.6,68.7,42,,41.4
2019-11-01,37.8,37.8,Neutral,22.2,21.9,71.7,51.6,,48.2
2019-11-02,36.8,36.8,Neutral,22.2,18.3,71.7,51.4,,48.2
2019-11-03,36.9,36.9,Neutral,22,17.7,73.3,51.5,,48.2
2019-11-04,40.3,40.2,Neutral,22.6,30.2,71.6,51.5,,47.5
2019-11-05,41.9,41.2,Neutral,23,33,72.1,52,,47.1
2019-11-06,43,42,Neutral,23.4,34.7,72.5,52.1,,47.6
2019-11-07,39.8,39.8,Neutral,22.7,27.8,72.3,51.9,,48.5
2019-11-08,38,38,Neutral,22.4,23.3,69.5,52.4,,51.2
2019-11-09,38.3,38.3,Neutral,22.6,25.3,67.7,52.4,,51.2
2019-11-10,41.1,40.7,Neutral,23.1,33.4,67.9,52.3,,51.2
2019-11-11,37.9,37.9,Neutral,22.5,23.8,68.4,52.8,,48.9
2019-11-12,39.7,39.7,Neutral,22.8,30.4,68.1,52.8,,48.2
2019-11-13,39.7,39.7,Neutral,23,31.3,67.3,53,,45.8
2019-11-14,37.8,37.8,Neutral,22.5,23.8,68.9,53,,45.3
2019-11-15,35.7,35.7,Neutral,21.8,17.2,67.6,52.8,,49.5
2019-11-16,37.5,37.5,Neutral,22.3,21.7,69.2,53,,49.5
2019-11-17,38.7,38.7,Neutral,22.6,27.3,67,53.2,,49.5
2019-11-18,35.1,35.1,Neutral,21.4,15.9,67.5,53.5,,47.3
2019-11-19,34.2,34.2,Neutral,21.1,15.5,65,53.2,,44.6
2019-11-20,33.8,33.8,Neutral,20.9,15,64.7,53,,43
2019-11-21,32.6,32.6,Neutral,19.9,12.9,64.3,52.3,,41.9
2019-11-22,31,31,Neutral,19.3,11.1,60.1,51.6,,43.4
2019-11-23,31.6,31.6,Neutral,19.4,12.2,61,51.8,,43.4
2019-11-24,30.5,30.5,Neutral,18.8,9.5,60.6,51.3,,43.4
2019-11-25,30.7,30.7,Neutral,19,11.1,58.7,51.5,,44.9
2019-11-26,31.4,31.4,Neutral,19.1,12.1,60.2,51.6,,46
2019-11-27,32.2,32.2,Neutral,19.4,15,60.3,51.3,,44.6
2019-11-28,32.9,32.9,Neutral,19.3,14,65,51.3,,44.6
2019-11-29,33.4,33.4,Neutral,19.5,16.5,64.2,50.8,,43
2019-11-30,33.6,33.6,Neutral,19.3,14.6,67.6,51,,43
2019-12-01,30.5,30.5,Neutral,19.2,13.7,57.7,46.9,,40.9
2019-12-02,30.2,30.2,Neutral,19.1,12.7,58.6,46.9,,37.3
2019-12-03,29.6,29.6,Accumulation,18.9,11.6,58.4,46.7,,34.1
2019-12-04,29.2,29.2,Accumulation,18.8,10.7,57.3,46.7,,36.8
2019-12-05,29.6,29.6,Accumulation,18.9,12.7,55.7,46.5,,40
2019-12-06,30.6,30.6,Neutral,19,13.4,59,46,,41.5
2019-12-07,30.4,30.4,Neutral,18.8,11.6,60.6,45.8,,41.5
2019-12-08,31.1,31.1,Neutral,19.1,15.2,58.8,46.4,,41.5
2019-12-09,30.1,30.1,Neutral,18.8,11.7,60.2,46.5,,36.5
2019-12-10,29.5,29.5,Accumulation,18.7,11.2,58.2,46.6,,37
2019-12-11,28.6,28.6,Accumulation,18.6,10.4,55.3,46.1,,37.6
2019-12-12,29.3,29.3,Accumulation,18.6,10.9,56.4,46.5,,43.6
2019-12-13,29.3,29.3,Accumulation,18.5,10.2,56.4,46.1,,47.2
2019-12-14,29.5,29.5,Accumulation,18.4,9.5,58.4,46.4,,47.2
2019-12-15,29,29,Accumulation,18.4,10,55.5,46.3,,47.2
2019-12-16,28.8,28.8,Accumulation,17.8,8.5,57.3,45.1,,50.4
2019-12-17,27.8,27.8,Accumulation,17.2,6.3,56.6,44,,51
2019-12-18,28.1,28.1,Accumulation,17.9,9.5,53.1,43.6,,50.6
2019-12-19,28.2,28.2,Accumulation,17.5,8.3,55.8,43.4,,51.4
2019-12-20,28.3,28.3,Accumulation,17.4,8.2,56.6,43.3,,50.4
2019-12-21,28.1,28.1,Accumulation,17.3,7.9,56.4,43.2,,50.4
2019-12-22,28.6,28.6,Accumulation,17.7,10.2,55.4,43.1,,50.4
2019-12-23,29.2,29.2,Accumulation,17.3,8.4,61.1,43,,50
2019-12-24,28.3,28.3,Accumulation,17.2,7.9,57.7,43.1,,49.4
2019-12-25,27.8,27.8,Accumulation,17.1,7.3,56.4,42.8,,49.4
2019-12-26,29.5,29.5,Accumulation,17.1,7.8,63.5,42.9,,49.3
2019-12-27,29.4,29.4,Accumulation,17.1,8.3,62.7,42.8,,48.5
2019-12-28,29.7,29.7,Accumulation,17.2,9.3,62.4,43,,48.5
2019-12-29,30.9,30.9,Neutral,17.7,12.9,62.2,43.5,,48.5
2019-12-30,30.7,30.7,Neutral,17.4,11.4,64.2,43.4,,46.8
2019-12-31,29.9,29.9,Accumulation,17.1,9.3,63.1,43.3,,50.6
2020-01-01,32,32,Neutral,17.2,10.7,68.8,46.2,,51.1
2020-01-02,30.6,30.6,Neutral,17,7.8,65.8,46.4,,53.8
2020-01-03,31,31,Neutral,17.6,13.8,60.6,46.4,,47.5
2020-01-04,30,30,Neutral,17.6,13.8,56.2,46.3,,47.5
2020-01-05,29.5,29.5,Accumulation,17.7,14.8,52.5,46.6,,47.5
2020-01-06,30.1,30.1,Neutral,18.3,18.3,49.8,46.8,,47.9
2020-01-07,29.5,29.5,Accumulation,18.2,17.6,48.8,45.6,,47.8
2020-01-08,30.1,30.1,Neutral,18.2,17.4,51.6,45.4,,49
2020-01-09,29.8,29.8,Accumulation,18,17.1,50,45.7,,51.5
2020-01-10,30.4,30.4,Neutral,18.4,20.1,48.1,45.7,,51.9
2020-01-11,30.7,30.7,Neutral,18.3,19.5,50.3,45.8,,51.9
2020-01-12,31,31,Neutral,18.5,21.6,49.1,45.9,,51.9
2020-01-13,30.3,30.3,Neutral,18.2,18.9,49.3,45.7,,52.8
2020-01-14,34.5,34.5,Neutral,19.6,31.2,50.2,47.1,,51.1
2020-01-15,34.4,34.4,Neutral,19.7,31.6,49.3,47.2,,51
2020-01-16,34,34,Neutral,19.5,30.4,49.3,47.1,,51.2
2020-01-17,34.7,34.7,Neutral,20,32.7,48.5,47.4,,53.1
2020-01-18,35,35,Neutral,20.5,33.4,47.8,48.1,,53.1
2020-01-19,34.2,34.2,Neutral,19.6,31.7,47.6,47.5,,53.1
2020-01-20,34,34,Neutral,19.7,32,46.4,47.8,,53.1
2020-01-21,34.1,34.1,Neutral,20,32.7,46.4,47.8,,49.2
2020-01-22,33.9,33.9,Neutral,19.8,32.5,46.5,47.8,,48
2020-01-23,32.8,32.8,Neutral,19.4,30,45.6,47.8,,46.6
2020-01-24,31.8,31.8,Neutral,19.3,29.9,42.4,47.6,,41.5
2020-01-25,31.5,31.5,Neutral,19.2,29.1,42.6,47.6,,41.5
2020-01-26,32.9,32.9,Neutral,19.8,32.8,42.9,47.9,,41.5
2020-01-27,33.2,33.2,Neutral,20.2,34.2,44.5,47.2,,32.8
2020-01-28,34.5,34.5,Neutral,21.1,36.7,45,46.6,,37
2020-01-29,34.2,34.2,Neutral,20.8,35.7,45.7,46.4,,35.8
2020-01-30,35.8,35.8,Neutral,22.5,39.3,45.3,47.8,,35.6
2020-01-31,34.9,34.9,Neutral,22,38.1,44.4,47.6,,33.4
2020-02-01,37.1,37.1,Neutral,22.5,39.2,50.5,50.1,,33.9
2020-02-02,38,38,Neutral,23.3,41.5,50.1,51.2,,34
2020-02-03,38.3,38.3,Neutral,23.6,42.4,50.2,51.4,,33.2
2020-02-04,38.1,38.1,Neutral,23.3,41.7,49.2,51.6,,37.3
2020-02-05,40,40,Neutral,25,46.8,47.9,52.4,,39.8
2020-02-06,42.2,41.4,Neutral,25.8,49.5,49.5,53.5,,38.7
2020-02-07,43.3,42.2,Neutral,26.9,52.4,48.3,54.3,,35.2
2020-02-08,43.2,42.1,Neutral,26.9,52.2,48,54.2,,35.2
2020-02-09,43.6,42.4,Neutral,27.3,53.2,47.7,54.2,,35.3
2020-02-10,43.4,42.3,Neutral,27.1,52.4,47.9,54.2,,36.4
2020-02-11,44.2,42.8,Neutral,28,54.6,46.1,54.4,,36.5
2020-02-12,48.4,45.6,Neutral,31.4,58.2,47.9,55.2,,39.9
2020-02-13,48.9,45.9,Neutral,31.7,58.5,48.8,55.5,,37.7
2020-02-14,50.6,47.1,Caution,33.1,61.1,48.1,56.3,,38.6
2020-02-15,47.9,45.3,Neutral,31,57.4,48.1,55.7,,38.6
2020-02-16,46.4,44.3,Neutral,29.9,56.4,46.6,55.3,,38.6
2020-02-17,47,44.7,Neutral,31.5,57.8,43.8,56.3,,38.7
2020-02-18,48.6,45.7,Neutral,32.9,60.5,44.3,56.3,,33.9
2020-02-19,45.1,43.4,Neutral,30,56.1,43.5,55.7,,34.7
2020-02-20,44,42.7,Neutral,29.9,55.7,42.2,55.6,,30.8
2020-02-21,45.7,43.8,Neutral,31.7,57.9,41.9,56,,28.6
2020-02-22,44.7,43.1,Neutral,31.1,56.8,41.4,55.8,,28.6
2020-02-23,46.8,44.5,Neutral,32.5,59.6,41.9,56.2,,28.6
2020-02-24,44.8,43.2,Neutral,31.6,57.4,41.6,56,,23.2
2020-02-25,41.4,41,Neutral,28.7,53.5,40.9,55.3,,23.2
2020-02-26,38.9,38.9,Neutral,26.7,49.7,39.3,54.7,,24.6
2020-02-27,39.1,39.1,Neutral,27.1,51.1,37.7,54.8,,25.8
2020-02-28,39.3,39.3,Neutral,27,50.7,38.2,55,,29.2
2020-02-29,37.7,37.7,Neutral,26.2,47.1,36.6,54.6,,29.2
2020-03-01,39.5,39.5,Neutral,26.2,46.9,42.3,58.3,,34.2
2020-03-02,41.9,41.3,Neutral,27.6,52,41.3,58.7,,35.4
2020-03-03,40.8,40.5,Neutral,26.8,49.9,41,58.4,,38.2
2020-03-04,41.1,40.7,Neutral,26.8,49.6,42.4,58.4,,38.1
2020-03-05,41.5,41,Neutral,27,50.3,42.8,58.1,,37.7
2020-03-06,43,42,Neutral,28.4,53.5,41.1,59.2,,35.1
2020-03-07,41.7,41.2,Neutral,27.7,52.1,40.2,59.1,,35.1
2020-03-08,36.1,36.1,Neutral,24,40.3,38.2,57.9,,35.1
2020-03-09,34.5,34.5,Neutral,24.4,40.9,31.5,58.2,,28.6
2020-03-10,34.5,34.5,Neutral,24.1,40.4,31.1,58.1,,33.3
2020-03-11,34.3,34.3,Neutral,23.8,39.8,31.1,57.7,,35.2
2020-03-12,22.1,22.1,Accumulation,15.4,7.1,30.1,57.1,,35.2
2020-03-13,28.6,28.6,Accumulation,17.5,18.8,41.2,57.5,,35.7
2020-03-14,26.8,26.8,Accumulation,16.6,13.3,41.6,57.3,,35.7
2020-03-15,27.2,27.2,Accumulation,16.6,14.1,42.4,57.1,,35.7
2020-03-16,25.4,25.4,Accumulation,15.7,9,42.6,56.5,,35.1
2020-03-17,26.4,26.4,Accumulation,16.2,11.4,43.1,56,,37.1
2020-03-18,27.9,27.9,Accumulation,16.7,15.2,43.8,56.2,,38.3
2020-03-19,31.6,31.6,Neutral,18.3,25.9,44.4,56.5,,38.5
2020-03-20,31.1,31.1,Neutral,18.1,25,44.6,55.3,,37.1
2020-03-21,31.1,31.1,Neutral,18.1,24.7,45.1,55.2,,37.1
2020-03-22,29.2,29.2,Accumulation,17.2,18.8,45.6,54.5,,37.1
2020-03-23,32,32,Neutral,18.4,27,46.2,54.6,,36
2020-03-24,31.9,31.9,Neutral,18.3,26.5,46.9,53.9,,35.8
2020-03-25,31.1,31.1,Neutral,17.9,23.6,47.4,53.6,,36.9
2020-03-26,32.1,32.1,Neutral,18.2,26.3,48.1,53.9,,36.9
2020-03-27,30,30,Neutral,17.3,19.6,48.3,54,,35.9
2020-03-28,30,30,Neutral,17.3,19.6,48.2,54.4,,35.9
2020-03-29,29.2,29.2,Accumulation,16.8,16.8,49.1,54.8,,36
2020-03-30,30,30,Neutral,17.2,19.1,49.3,53.9,,36
2020-03-31,30.3,30.3,Neutral,17.2,19.7,49.9,54,,36
2020-04-01,29.6,29.6,Accumulation,17.6,22.3,48.8,42.6,,35.8
2020-04-02,31,31,Neutral,18,25.7,49.6,43.1,,35.9
2020-04-03,31.3,31.3,Neutral,18.1,26.4,50,43.3,,35.8
2020-04-04,31.9,31.9,Neutral,18.4,28.2,50,43.3,,35.8
2020-04-05,31.6,31.6,Neutral,18.2,27,50.5,43.5,,35.8
2020-04-06,36.6,36.6,Neutral,22.8,38.1,50.9,46.1,,35.9
2020-04-07,35.7,35.7,Neutral,20.9,35,53.4,45.8,,36.7
2020-04-08,37,37,Neutral,22.3,37.1,54.1,46.1,,37.1
2020-04-09,36.4,36.4,Neutral,21.2,35.7,54.9,46.1,,37.2
2020-04-10,33.8,33.8,Neutral,19,30.6,53.2,45.8,,37.3
2020-04-11,34,34,Neutral,19,30.9,53.5,45.8,,37.3
2020-04-12,33.9,33.9,Neutral,19.1,31.1,52.9,45.8,,37.3
2020-04-13,33.6,33.6,Neutral,18.8,29.8,53.4,45.7,,37.4
2020-04-14,33.9,33.9,Neutral,18.8,30,54.6,45.9,,38
2020-04-15,33.1,33.1,Neutral,18.1,27.1,55.9,45.9,,36.1
2020-04-16,36.6,36.6,Neutral,21.3,36.3,55.1,46.4,,36
2020-04-17,36.2,36.2,Neutral,20.8,35,55.8,46.4,,36.5
2020-04-18,39.1,39.1,Neutral,23.4,41,57,47.1,,36.5
2020-04-19,37.9,37.9,Neutral,22.5,38,56.9,46.7,,36.5
2020-04-20,36.4,36.4,Neutral,20.8,34.8,56.9,46.6,,35.9
2020-04-21,36.7,36.7,Neutral,20.9,35.1,57.8,46.6,,35.5
2020-04-22,39,39,Neutral,23.1,39.7,58.8,47,,35.7
2020-04-23,39.3,39.3,Neutral,23.3,40.6,59.1,46.5,,35.7
2020-04-24,39.5,39.5,Neutral,23.3,40.4,60,46.6,,35.9
2020-04-25,41.4,40.9,Neutral,24,43,61.8,47.1,,35.9
2020-04-26,41.7,41.1,Neutral,24.4,44.1,60.9,47,,35.9
2020-04-27,42.3,41.5,Neutral,24.2,43.5,63.7,46.7,,36.4
2020-04-28,41.8,41.2,Neutral,23.9,42.7,63.6,46.7,,36.3
2020-04-29,44.3,42.9,Neutral,25.8,46.4,63.8,46.3,,36.6
2020-04-30,45.1,43.4,Neutral,24.6,44.6,70.5,46,,36.9
2020-05-01,46.6,44.4,Neutral,25.5,45.8,73.4,43,,37
2020-05-02,46.8,44.6,Neutral,25.6,46.2,73.7,42.9,,37
2020-05-03,47.1,44.7,Neutral,25.3,45.3,76,42.8,,37
2020-05-04,47.1,44.8,Neutral,25.3,45.4,76,42.7,,37.1
2020-05-05,46.1,44.1,Neutral,24.9,44.6,74.6,42.2,,37.7
2020-05-06,45.4,43.6,Neutral,24.1,43.1,75.9,41.1,,38.9
2020-05-07,48.1,45.4,Neutral,25.8,46.6,77.6,40.4,,38.2
2020-05-08,48,45.3,Neutral,25.3,45.5,78.9,40.8,,39.2
2020-05-09,47.9,45.3,Neutral,25.1,44.9,79.2,41.6,,39.2
2020-05-10,42.6,41.8,Neutral,22.5,37.1,77.7,40.6,,39.2
2020-05-11,41.3,40.9,Neutral,22,36.1,75.4,41.1,,39.5
2020-05-12,42.3,41.5,Neutral,22.8,38.3,74.9,40.7,,38.7
2020-05-13,45,43.3,Neutral,24,42.5,76,40.6,,37.6
2020-05-14,45.4,43.6,Neutral,24.4,43.9,75.6,39.4,,37.4
2020-05-15,44,42.7,Neutral,23.2,40.6,77.4,39.5,,37.7
2020-05-16,44.9,43.3,Neutral,24,42.3,76.2,40.4,,37.7
2020-05-17,46.2,44.1,Neutral,24.8,44.7,75.8,40.5,,37.8
2020-05-18,49,46,Neutral,25.9,46.9,78.7,41.9,,39.5
2020-05-19,48.3,45.5,Neutral,25.4,46.1,78.7,41.6,,39
2020-05-20,47.6,45.1,Neutral,24.9,44.6,79.1,41.7,,39.4
2020-05-21,44.5,43,Neutral,23.1,39.8,78.6,41.5,,38.9
2020-05-22,46.2,44.1,Neutral,24.3,43.3,77.1,42.3,,38.7
2020-05-23,45.6,43.7,Neutral,24.2,43,76.1,42.2,,38.7
2020-05-24,44.7,43.1,Neutral,23.2,40.4,77.8,42.5,,38.7
2020-05-25,45.4,43.6,Neutral,24,42,76.7,42.5,,38.7
2020-05-26,44.3,42.9,Neutral,23.5,41,75.6,42.3,,39.2
2020-05-27,45.3,43.5,Neutral,24,42.6,75.6,42.3,,38.9
2020-05-28,48.3,45.6,Neutral,25.7,46.7,76.9,42.5,,39.5
2020-05-29,48.9,45.9,Neutral,25.6,46.5,78.9,42.9,,39
2020-05-30,52.4,48.3,Caution,27.5,52.4,78.9,43.7,,39
2020-05-31,50.6,47.1,Caution,26.4,48.9,79.6,43.4,,39
2020-06-01,51.8,47.9,Caution,28,53.2,71.6,50.8,,40
2020-06-02,49.7,46.5,Neutral,26.5,48.9,72.8,51,,40.1
2020-06-03,49.7,46.5,Neutral,26.7,49.4,71.3,51.3,,41.6
2020-06-04,49.7,46.5,Neutral,26.5,48.8,72.4,51,,42.2
2020-06-05,49.1,46.1,Neutral,26.2,47.6,72.3,51,,43.1
2020-06-06,49.4,46.2,Neutral,26.3,47.9,72.5,51,,43.1
2020-06-07,50,46.7,Caution,26.6,49,72.6,51.1,,43.1
2020-06-08,49.7,46.5,Neutral,26.5,48.7,72.4,51.2,,42.6
2020-06-09,48.9,45.9,Neutral,26.2,47.3,72.3,51,,42.2
2020-06-10,50.4,46.9,Caution,26.8,49.8,72.7,51,,41.5
2020-06-11,46.7,44.5,Neutral,25.1,44.2,72.4,50.8,,37.8
2020-06-12,47.1,44.7,Neutral,26.2,47.1,67.9,51,,39.2
2020-06-13,47.3,44.8,Neutral,26.2,47.3,68,51.1,,39.2
2020-06-14,46.4,44.3,Neutral,25.6,45.2,69.3,50.7,,39.2
2020-06-15,45.8,43.8,Neutral,25.5,45.1,67.6,50.5,,39.3
2020-06-16,46.2,44.1,Neutral,25.5,45,68.7,50.7,,39.8
2020-06-17,46.1,44,Neutral,25.6,45.1,68.1,50.7,,40
2020-06-18,46,44,Neutral,25.4,44.3,69.5,50.6,,39.4
2020-06-19,45.4,43.6,Neutral,25.2,43.6,68.9,50.6,,38.8
2020-06-20,45.1,43.4,Neutral,25.2,43.6,68.3,50.4,,38.9
2020-06-21,44.7,43.2,Neutral,25,43.1,67.8,50.5,,38.9
2020-06-22,48.3,45.5,Neutral,26.7,48.8,68.4,51,,39.6
2020-06-23,48.1,45.4,Neutral,26.2,47.1,70.4,51.2,,40.1
2020-06-24,47.3,44.9,Neutral,25.4,44.3,73.4,51.2,,38.6
2020-06-25,47.2,44.8,Neutral,25.4,44.3,73,50.9,,39
2020-06-26,45.9,43.9,Neutral,25,42.5,72.2,50.9,,37.8
2020-06-27,45.1,43.4,Neutral,23.9,40,74.8,50.3,,37.8
2020-06-28,45.5,43.6,Neutral,24.4,40.9,73.9,50.5,,37.8
2020-06-29,46.8,44.5,Neutral,24.8,42.1,75.6,50.6,,38.4
2020-06-30,47,44.7,Neutral,24.5,41.2,77.8,50.5,,38.9
2020-07-01,49,46,Neutral,25.2,42.7,77,57.5,,40.3
2020-07-02,47.8,45.2,Neutral,24.4,40.7,77.1,57.4,,40.6
2020-07-03,47.3,44.9,Neutral,24.2,40.2,76.5,57.3,,40.6
2020-07-04,48,45.3,Neutral,24.6,41.7,75.8,57.6,,40.7
2020-07-05,47.1,44.7,Neutral,24.5,41,74.5,57.6,,40.7
2020-07-06,50.6,47.1,Caution,25.9,46.3,75.8,58.4,,41
2020-07-07,50.4,46.9,Caution,25.6,44.9,77.6,58.4,,39.5
2020-07-08,52.1,48.1,Caution,26.5,47.5,77.8,58.7,,40.2
2020-07-09,50.7,47.2,Caution,25.8,45.4,77.7,58.7,,38.9
2020-07-10,50.4,46.9,Caution,25.8,45.5,76.4,58.5,,40.1
2020-07-11,50.2,46.8,Caution,25.6,44.3,77.7,58.3,,40.1
2020-07-12,50.6,47.1,Caution,25.9,45.9,76.3,58.5,,40.1
2020-07-13,50,46.7,Caution,25.6,44.3,77.5,58.3,,39.1
2020-07-14,50.4,46.9,Caution,25.7,44.8,77.4,58.4,,39.4
2020-07-15,49.4,46.3,Neutral,25.3,42.8,77.7,58.3,,39.8
2020-07-16,47.8,45.2,Neutral,24.6,40.3,77.4,57.9,,39.3
2020-07-17,47.6,45.1,Neutral,24.6,40.4,76.2,57.7,,40.8
2020-07-18,48.7,45.8,Neutral,24.9,41.4,77.7,58,,40.8
2020-07-19,49.1,46.1,Neutral,25.4,43.1,76.2,58.3,,40.8
2020-07-20,48.5,45.6,Neutral,24.9,41.1,77.6,58,,40.3
2020-07-21,50.8,47.2,Caution,25.9,45.3,77.6,58.5,,40.6
2020-07-22,54,49.3,Caution,27.2,49.8,78.8,59.6,,40.9
2020-07-23,56.3,50.9,Caution,28.8,52.7,79.9,60,,39.7
2020-07-24,57.2,51.5,Caution,29.7,54.1,79.3,60.4,,40.1
2020-07-25,60.7,53.8,Caution,32,58.6,79.9,62,,40.1
2020-07-26,61.1,54.1,Caution,32.4,59.2,79.8,61.7,,40.1
2020-07-27,62.3,54.8,Caution,33.1,60.7,80.6,60.3,,41.8
2020-07-28,62.1,54.7,Caution,32.6,59.6,82.5,60.2,,41.1
2020-07-29,62.1,54.7,Caution,32.6,59.7,82.2,59.9,,42.2
2020-07-30,64.3,55.7,Caution,33.5,61.8,82.5,60.7,,41.1
2020-07-31,65.5,56.2,Caution,33.9,63,82.4,60.8,,41.6
2020-08-01,76,60.4,Distribution,35.6,67.2,89.3,69.5,,41.6
2020-08-02,74.8,59.9,Distribution,35,65.6,89.6,70.1,,41.6
2020-08-03,76.4,60.5,Distribution,35.6,67.3,89.3,70.8,,40.9
2020-08-04,76.7,60.7,Distribution,35.8,67.5,89.1,71.2,,40.5
2020-08-05,77.5,61,Distribution,36.1,68.1,89.2,70.5,,42.7
2020-08-06,76.7,60.7,Distribution,35.8,67.4,89.5,69.9,,42.4
2020-08-07,74.3,59.7,Distribution,35.1,65.4,89.4,69.3,,41.6
2020-08-08,76.3,60.5,Distribution,35.8,67.1,89.3,70,,41.6
2020-08-09,75.4,60.2,Distribution,35.4,66.4,89.4,69.7,,41.6
2020-08-10,76.5,60.6,Distribution,35.9,67.5,89.3,69.6,,41.9
2020-08-11,74.5,59.8,Distribution,35.1,65.1,89.6,69.6,,42.4
2020-08-12,75.6,60.2,Distribution,35.4,66.3,89,69.7,,44.6
2020-08-13,79.3,61.7,Distribution,37.1,68.7,89,71.6,,45.5
2020-08-14,80.5,62.2,Distribution,37.8,69.3,89.3,71.8,,46.2
2020-08-15,80,62,Distribution,37.4,68.9,89.3,71.6,,46.2
2020-08-16,80,62,Distribution,37.5,68.9,89.4,71.5,,46.2
2020-08-17,79.4,61.8,Distribution,37.2,68.5,89.4,71.1,,46.8
2020-08-18,78.5,61.4,Distribution,36.7,67.7,89.4,71.1,,46.6
2020-08-19,76.9,60.8,Distribution,35.9,66.8,89.3,70.7,,46.3
2020-08-20,77.4,61,Distribution,36.4,67.4,88.8,71,,45
2020-08-21,73.8,59.5,Distribution,35,64.4,89.3,69.6,,43.3
2020-08-22,74.7,59.9,Distribution,35.4,65.3,89,69.8,,43.3
2020-08-23,73.8,59.5,Distribution,35.1,64.5,88.9,69.4,,43.3
2020-08-24,76.6,60.6,Distribution,36,66.7,89,70.6,,44.6
2020-08-25,72.9,59.2,Distribution,34.7,63.3,88.6,69.6,,46
2020-08-26,73,59.2,Distribution,34.8,63.5,88.8,69.4,,45.7
2020-08-27,72,58.8,Distribution,34.5,62.4,88.6,69.6,,46.4
2020-08-28,74.4,59.8,Distribution,35.1,64.3,88.5,70.1,,49.7
2020-08-29,75.2,60.1,Distribution,35.2,64.7,89,70.6,,49.7
2020-08-30,78.4,61.4,Distribution,36.7,67.5,88.5,71.4,,49.7
2020-08-31,78.1,61.2,Distribution,36.7,67.4,88.5,71.5,,48.6
2020-09-01,76.6,60.6,Distribution,39,69.8,81.6,66.2,,49.5
2020-09-02,73.3,59.3,Distribution,36.9,67.7,82.4,65.8,,47.1
2020-09-03,65.8,56.3,Caution,34.1,60.8,82.1,65.7,,45.1
2020-09-04,63,55.2,Caution,34.5,62,74.6,65.5,,47.6
2020-09-05,58.6,52.4,Caution,32,55.5,75.2,62.7,,47.6
2020-09-06,60.2,53.5,Caution,32.8,57.8,75.2,64.1,,47.6
2020-09-07,60,53.4,Caution,32.8,57.6,75.2,63.7,,47.6
2020-09-08,58.4,52.3,Caution,32,55.3,75.2,62.9,,45.3
2020-09-09,59.5,53,Caution,32.8,57.7,73.3,64,,47.2
2020-09-10,60.7,53.8,Caution,33.5,59.4,73.3,65,,47.5
2020-09-11,61.7,54.5,Caution,33.7,59.9,75.2,65.1,,47.4
2020-09-12,62.7,55.1,Caution,34.3,61.4,75.1,65.4,,47.4
2020-09-13,60.4,53.6,Caution,33.4,59,73.2,64.9,,47.4
2020-09-14,61.4,54.3,Caution,33.8,60,73.9,64.8,,49.2
2020-09-15,61.2,54.2,Caution,33.1,58.3,77.3,63.1,,49.5
2020-09-16,60.9,54,Caution,33.1,58.3,76.3,62.7,,50.3
2020-09-17,64,55.6,Caution,34.2,61.2,77.4,64.9,,50.3
2020-09-18,63.2,55.3,Caution,34,60.2,77.6,64.5,,50.8
2020-09-19,63,55.2,Caution,34,60.3,77.3,64.3,,50.8
2020-09-20,61.8,54.5,Caution,33.3,58.4,78.1,63.2,,50.8
2020-09-21,58.1,52.1,Caution,31.7,53.7,77.3,61.9,,46
2020-09-22,57.6,51.7,Caution,32,55,73.7,61.9,,45.9
2020-09-23,55.9,50.6,Caution,30.8,51.2,76.2,60.8,,42.9
2020-09-24,58.3,52.2,Caution,32.7,56.7,73.7,61.7,,42.2
2020-09-25,59.9,53.3,Caution,32.8,57.3,77,62.2,,42.9
2020-09-26,60,53.4,Caution,33,57.5,76.9,62.2,,42.9
2020-09-27,60.4,53.6,Caution,33.2,58,77.1,62.3,,42.9
2020-09-28,59.7,53.1,Caution,33,57.2,76.1,62.3,,42.9
2020-09-29,60.4,53.6,Caution,33.2,57.8,76.9,62.4,,43.8
2020-09-30,60.3,53.6,Caution,33,57.2,77.5,62.5,,45.2
2020-10-01,53,48.7,Caution,32.4,55.5,65.8,48,,45.1
2020-10-02,53.9,49.3,Caution,31.9,54.1,71.3,47.3,,45.6
2020-10-03,54.6,49.7,Caution,31.9,54.1,73.1,47.4,,45.6
2020-10-04,56.1,50.7,Caution,32.3,55.2,75.5,47.8,,45.6
2020-10-05,56.6,51.1,Caution,32.4,55.3,76.2,47.4,,48.3
2020-10-06,55.4,50.3,Caution,31.5,52.5,77.9,46.9,,47.4
2020-10-07,55.7,50.5,Caution,31.7,53.4,77.4,46.9,,47.9
2020-10-08,57.1,51.4,Caution,32.2,54.9,78.4,47,,49.1
2020-10-09,59.1,52.7,Caution,33.1,57.4,78.8,47.8,,52.4
2020-10-10,59.9,53.3,Caution,33.4,58.4,79.8,47.4,,52.4
2020-10-11,60.5,53.7,Caution,33.6,59,80.4,47.6,,52.4
2020-10-12,61.1,54.1,Caution,34.1,60,79.9,48.3,,52.3
2020-10-13,60.7,53.8,Caution,33.8,59.3,80.8,48.2,,49.2
2020-10-14,60.4,53.6,Caution,33.8,59.1,80.2,47.9,,50.1
2020-10-15,60.4,53.6,Caution,33.8,59.1,81,47.4,,48.5
2020-10-16,59.1,52.7,Caution,33.2,57.2,80.1,46.9,,49.8
2020-10-17,59.7,53.1,Caution,33.3,57.6,81.1,47,,49.8
2020-10-18,60.8,53.9,Caution,34,59.5,80.9,47.5,,49.8
2020-10-19,60.7,53.8,Caution,34,59.4,80.9,46.9,,50.2
2020-10-20,59.6,53.1,Caution,33.4,57.7,81.2,45.5,,51.2
2020-10-21,62.3,54.8,Caution,34.9,61.5,81.8,45.1,,52.5
2020-10-22,66.3,56.5,Caution,35.9,64.9,83.1,46.6,,52
2020-10-23,65.1,56,Caution,35.5,63.5,83.1,46.4,,52.5
2020-10-24,65.4,56.2,Caution,35.6,64,83.1,46.1,,52.5
2020-10-25,64.2,55.7,Caution,35.3,62.6,83.4,45.7,,52.5
2020-10-26,61.8,54.5,Caution,34.6,60.2,83.2,44.9,,50.3
2020-10-27,62.4,54.9,Caution,35.1,62.1,81.9,44.7,,50.8
2020-10-28,60.9,53.9,Caution,34.2,59.3,83,44.5,,47.7
2020-10-29,60.9,53.9,Caution,34.4,59.7,82.7,44.2,,46.6
2020-10-30,60.6,53.7,Caution,34.1,58.9,83.2,44,,47.4
2020-10-31,60.9,54,Caution,34.4,59.5,83.1,43.8,,47.4
2020-11-01,65.3,56.1,Caution,34.9,61.3,94,35,,48.3
2020-11-02,62.7,55.1,Caution,34.2,58.7,93.9,34.8,,47.9
2020-11-03,63.5,55.4,Caution,34.4,59.1,93.9,34.4,,51
2020-11-04,65,56,Caution,34.8,60.3,94.1,34.9,,51.8
2020-11-05,67.8,57.1,Caution,35.6,63.1,93.9,33.7,,55.6
2020-11-06,73.8,59.5,Distribution,37.6,67.3,95,35.4,,58.3
2020-11-07,71.2,58.5,Distribution,36.3,65.1,95,35.5,,58.3
2020-11-08,73.2,59.3,Distribution,37.4,66.9,94.8,35.5,,58.3
2020-11-09,72,58.8,Distribution,36.7,65.9,95,35.2,,58.5
2020-11-10,72.9,59.2,Distribution,37.2,66.5,94.9,35.6,,59
2020-11-11,74.4,59.8,Distribution,38,67.5,94.9,35.6,,59.4
2020-11-12,73.7,59.5,Distribution,37.9,67.3,94.9,34.9,,57.5
2020-11-13,75.6,60.2,Distribution,39,68.3,94.9,35.4,,58.6
2020-11-14,73.8,59.5,Distribution,37.9,67.1,94.9,35,,58.6
2020-11-15,71.9,58.7,Distribution,37,65.6,94.8,34.6,,58.6
2020-11-16,73,59.2,Distribution,37.5,66.5,94.9,34.3,,59.9
2020-11-17,75.1,60.1,Distribution,38.9,68.1,94.8,34.1,,59.7
2020-11-18,74.9,59.9,Distribution,38.7,67.9,94.9,33.8,,60.1
2020-11-19,73.8,59.5,Distribution,38.2,67.2,94.9,33.5,,59.4
2020-11-20,77.5,61,Distribution,40.4,69.7,94.7,34.1,,59.5
2020-11-21,80.4,62.2,Distribution,42.1,71.2,94.9,35.8,,59.5
2020-11-22,81.1,62.5,Distribution,42.5,71.5,94.9,36.1,,59.5
2020-11-23,85,64,Cycle Top,44.4,73.7,94.8,39.1,,59.7
2020-11-24,84.4,63.8,Distribution,44.3,73.4,94.7,37.5,,61.1
2020-11-25,81,62.4,Distribution,42.4,71.1,94.9,36.1,,61.8
2020-11-26,77.7,61.1,Distribution,40.3,68.9,94.8,36.1,,61.8
2020-11-27,77.3,60.9,Distribution,40.1,68.8,94.6,36.1,,61.6
2020-11-28,78.7,61.5,Distribution,41.1,69.6,94.6,36.1,,61.6
2020-11-29,81.9,62.8,Distribution,42.9,71.3,94.7,37.7,,61.6
2020-11-30,84.2,63.7,Distribution,44.4,73.1,94.6,37.2,,61.6
2020-12-01,65.3,56.1,Caution,43.3,71.5,96,28.8,0,63.4
2020-12-02,65.9,56.4,Caution,43.6,72,95.9,28.6,0,64.1
2020-12-03,67,56.8,Caution,44.2,72.6,95.9,29.6,0,64.7
2020-12-04,63.1,55.3,Caution,41.7,69.8,95.9,28,0,66.3
2020-12-05,65.5,56.2,Caution,43.4,71.2,95.9,28.8,0,66.3
2020-12-06,65.7,56.3,Caution,43.5,71.5,96,28.7,0,66.3
2020-12-07,64.7,55.9,Caution,43,70.7,95.9,28.5,0,65.5
2020-12-08,62.1,54.7,Caution,40.9,68.7,95.9,27.9,0,65.5
2020-12-09,62.9,55.2,Caution,42,69.6,95.5,28.5,0,64.3
2020-12-10,62,54.7,Caution,41,68.7,95.9,28.2,0,64.1
2020-12-11,60.9,53.9,Caution,40,67.4,95.6,27.9,0,63.4
2020-12-12,61.9,54.6,Caution,41.1,68.6,95.6,27.9,0,63.4
2020-12-13,63.4,55.4,Caution,42.5,69.8,95.7,28.5,0,63.4
2020-12-14,62.6,55,Caution,42,69.3,95.9,28.2,0,62.4
2020-12-15,63,55.2,Caution,42.2,69.5,95.6,28,0,64.9
2020-12-16,66.4,56.6,Caution,44.4,72.3,95.7,27.8,0,64.9
2020-12-17,66.6,56.6,Caution,44.6,72.5,95.7,26.7,0,66.6
2020-12-18,67.2,56.9,Caution,44.8,73.1,95.8,26.8,0,66.4
2020-12-19,67.2,56.9,Caution,44.9,73.3,95.7,26.3,0,66.4
2020-12-20,65.3,56.1,Caution,44.1,71.5,95.6,26,0,66.4
2020-12-21,62.8,55.1,Caution,42.8,69.6,95.6,25.7,0,63.9
2020-12-22,64.7,55.9,Caution,44.1,71.5,95.3,25.6,0,63
2020-12-23,61.3,54.2,Caution,41.4,67.8,95.6,24.2,0,64.9
2020-12-24,62.7,55.1,Caution,43,69.6,95.1,24.8,0,65.2
2020-12-25,63.6,55.4,Caution,43.5,70.2,95.6,24.4,0,65.2
2020-12-26,64,55.6,Caution,43.9,70.9,95.6,23.1,0,65.2
2020-12-27,67.9,57.1,Caution,45.9,74.1,95.4,25.2,0,65.2
2020-12-28,71.4,58.6,Distribution,48.3,76.5,95.4,26,0,65.1
2020-12-29,71.6,58.7,Distribution,48.5,76.7,95.3,25.8,0,65.7
2020-12-30,72.4,59,Distribution,49.2,77.3,95.3,25.2,0,65.6
2020-12-31,70.7,58.3,Distribution,48.2,76,95.6,24.5,0,65.2
2021-01-01,86.3,65.8,Cycle Top,47.6,75.6,98.4,48.4,48.4,65.7
2021-01-02,86.9,66.7,Cycle Top,49.6,77.6,98.4,47.7,47,65.7
2021-01-03,89.3,70.1,Cycle Top,56.8,81.2,98.3,52.5,45.6,65.6
2021-01-04,90.1,71.1,Cycle Top,59.3,81.7,98.3,55.4,44.3,64.7
2021-01-05,90.5,71.7,Cycle Top,61,82.5,98.2,55.3,43.1,66.3
2021-01-06,91.3,72.8,Cycle Top,63.3,83.8,98.4,55.9,41.9,68.2
2021-01-07,91.1,72.5,Cycle Top,63.4,83.8,97.9,53.7,40.8,69.5
2021-01-08,90.9,72.3,Cycle Top,63.4,83.6,98.1,52.6,39.7,70.8
2021-01-09,91.5,73.1,Cycle Top,64.9,84.3,98.1,54.8,38.8,70.8
2021-01-10,91.3,72.8,Cycle Top,64.3,84,98.2,55.8,37.8,70.8
2021-01-11,89.6,70.4,Cycle Top,60.4,81.3,97.7,53.1,36.9,68.9
2021-01-12,89,69.7,Cycle Top,58.5,80.8,97.4,53.4,36,69.7
2021-01-13,89.7,70.5,Cycle Top,61.2,81.9,97,52.7,35.2,69.7
2021-01-14,90.6,71.8,Cycle Top,63.7,83.3,97.3,54.3,34.4,70
2021-01-15,90,71,Cycle Top,62,82.4,97.6,54.7,33.7,68.7
2021-01-16,90.5,71.7,Cycle Top,63.5,83,97.4,57.3,33,68.7
2021-01-17,90.5,71.7,Cycle Top,63.6,83.1,97,57.7,32.3,68.7
2021-01-18,90.8,72.1,Cycle Top,64.6,83.8,97,57.6,31.6,68.6
2021-01-19,99.6,82.6,Cycle Top,98.3,84.8,97.1,59.2,31,68.8
2021-01-20,99.5,82.5,Cycle Top,98.3,84.7,96.9,59.4,30.4,70.1
2021-01-21,95,78,Cycle Top,87.2,80.4,96.5,58.7,29.8,71.2
2021-01-22,95.4,78.4,Cycle Top,91,82.5,90.6,59.1,29.2,69.6
2021-01-23,96.4,79.4,Cycle Top,90.9,82.4,96.3,59.2,28.7,69.6
2021-01-24,99.2,82.2,Cycle Top,98.3,84.6,96.1,60.4,28.2,69.6
2021-01-25,97.2,80.2,Cycle Top,93.2,83.7,96.3,59.8,27.7,66.8
2021-01-26,97.7,80.7,Cycle Top,94.2,84.3,96.1,60.2,27.2,67.9
2021-01-27,95.9,78.9,Cycle Top,90.9,82,96.8,59.8,26.7,62.5
2021-01-28,96.6,79.6,Cycle Top,93.3,83.9,94.1,59.5,26.3,64
2021-01-29,98.7,81.7,Cycle Top,98.3,84.3,96.7,59.6,25.8,65.1
2021-01-30,98.6,81.6,Cycle Top,98.3,84.1,96.6,59.6,25.4,65.1
2021-01-31,96.7,79.7,Cycle Top,93.2,82.9,96.7,59.4,25,65.1
2021-02-01,99.7,82.7,Cycle Top,98.3,84,97.1,70.9,24.6,64.1
2021-02-02,100,83.1,Cycle Top,98.3,85.2,97,71.3,24.2,66.9
2021-02-03,100,83.4,Cycle Top,98.3,86,97.1,71.6,23.8,69
2021-02-04,98.8,81.8,Cycle Top,93.3,85.5,97.4,71.4,23.5,68.8
2021-02-05,100,83.6,Cycle Top,98.3,86.2,97.4,71.6,23.1,71.3
2021-02-06,99.1,82.1,Cycle Top,94,85.8,97.6,71.3,22.8,71.3
2021-02-07,98.5,81.5,Cycle Top,92.6,85.3,97.6,71,22.5,71.3
2021-02-08,100,83.3,Cycle Top,98.3,86.2,97.4,69.9,22.1,71.5
2021-02-09,100,83.5,Cycle Top,98.3,86.2,98.4,69.9,21.8,71.8
2021-02-10,99,82,Cycle Top,94.2,85.7,98,70,21.5,71.3
2021-02-11,100,83.4,Cycle Top,98.3,86.1,98.1,69.6,21.2,72.5
2021-02-12,100,83.5,Cycle Top,98.3,86.3,98,70.1,20.9,73.9
2021-02-13,99.1,82.1,Cycle Top,94.3,86,97.9,69.9,20.7,73.9
2021-02-14,98.9,81.9,Cycle Top,93.9,85.6,98.3,69.5,20.4,73.9
2021-02-15,98.6,81.6,Cycle Top,93.3,85.3,98,69.5,20.1,73.9
2021-02-16,98.4,81.4,Cycle Top,93.1,85,98.3,69.2,19.9,72.4
2021-02-17,100,83.1,Cycle Top,98.3,86,98.3,68.9,19.6,71.8
2021-02-18,100,83.1,Cycle Top,98.3,86.4,97.7,69.6,19.4,70.6
2021-02-19,100,83.1,Cycle Top,98.3,86.4,97.9,68.5,19.1,73.2
2021-02-20,98.6,81.6,Cycle Top,94.1,85.9,97.7,67.7,18.9,73.2
2021-02-21,98.5,81.5,Cycle Top,94.3,86,97.6,67,18.7,73.2
2021-02-22,96.9,79.9,Cycle Top,91,84,98,65.9,18.5,71.9
2021-02-23,95,78,Cycle Top,86.5,82,98,65.3,18.2,72.1
2021-02-24,95.1,78.1,Cycle Top,87.1,82.4,96.3,65.6,18,74
2021-02-25,93.9,76.5,Cycle Top,84.2,80.8,96.6,64.5,17.8,70
2021-02-26,93.2,75.5,Cycle Top,83.7,80.4,93.8,64,17.6,67.9
2021-02-27,93.3,75.7,Cycle Top,83.8,80.5,94,64.7,17.4,67.9
2021-02-28,92.9,75.1,Cycle Top,82.9,79.8,93.7,64.3,17.2,67.9
2021-03-01,93.4,75.8,Cycle Top,85.9,81.9,87.3,69,17,69.5
2021-03-02,93.7,76.2,Cycle Top,84.1,80.9,94.4,67.5,16.8,69.1
2021-03-03,94,76.6,Cycle Top,85.2,81.5,94.4,68.1,16.7,67.5
2021-03-04,94,76.6,Cycle Top,84.7,81.1,94.9,69.2,16.5,66.8
2021-03-05,93.7,76.2,Cycle Top,84.4,81,94.2,68.5,16.3,66.6
2021-03-06,94.8,77.8,Cycle Top,87.5,82.4,94.1,71.3,16.1,66.6
2021-03-07,95.3,78.3,Cycle Top,88.6,83.2,94,71.5,16,66.6
2021-03-08,96.1,79.1,Cycle Top,90.3,84.2,94.5,72.6,15.8,64.8
2021-03-09,96.4,79.4,Cycle Top,91,84.6,94.4,71.6,15.7,66.5
2021-03-10,95.2,78.2,Cycle Top,89.3,83.5,93.1,69.3,15.5,68
2021-03-11,95.4,78.4,Cycle Top,89.6,83.8,93.4,68.7,15.3,70
2021-03-12,94.7,77.5,Cycle Top,88.2,82.6,93.1,67.5,15.2,70.8
2021-03-13,95.9,78.9,Cycle Top,90.6,84.5,93.3,68.4,15,70.8
2021-03-14,95.3,78.3,Cycle Top,89.2,83.5,93.9,68.2,14.9,70.8
2021-03-15,94.9,77.8,Cycle Top,88.3,82.6,93.6,69.3,14.8,70.8
2021-03-16,94.7,77.6,Cycle Top,88.3,82.7,92.7,68.8,14.6,71.6
2021-03-17,94.6,77.5,Cycle Top,88.5,82.9,92.3,67.5,14.5,71.7
2021-03-18,93.9,76.4,Cycle Top,86.3,81.7,92.1,67.2,14.4,70.4
2021-03-19,94.3,77,Cycle Top,87.9,82.3,91.6,67.7,14.2,70.7
2021-03-20,94.2,76.8,Cycle Top,87.6,82,91.7,67.6,14.1,70.7
2021-03-21,93.7,76.2,Cycle Top,86.2,81.6,91.2,67.6,14,70.7
2021-03-22,93,75.1,Cycle Top,83.8,80.5,90.6,67.6,13.8,72
2021-03-23,92.6,74.6,Cycle Top,83.3,80.2,89.9,66.9,13.7,70.2
2021-03-24,92,73.7,Cycle Top,82,79.2,89.5,66.5,13.6,68.8
2021-03-25,91.9,73.6,Cycle Top,82,79.2,88.6,67.3,13.5,69.2
2021-03-26,92.5,74.4,Cycle Top,84.1,80.8,87.2,67.2,13.4,70.5
2021-03-27,92.7,74.8,Cycle Top,84.3,80.9,88.6,66.9,13.2,70.5
2021-03-28,92.4,74.4,Cycle Top,83.4,80.4,89,66.4,13.1,70.4
2021-03-29,93.4,75.8,Cycle Top,86.8,81.9,88.6,68.4,13,68.6
2021-03-30,93.5,75.9,Cycle Top,87,82.4,88.3,68,12.9,68.6
2021-03-31,96.8,79.8,Cycle Top,98.3,83.5,88.5,69.5,12.8,69.8
2021-04-01,97.9,80.9,Cycle Top,98.3,83.9,88.7,79.9,12.7,69.1
2021-04-02,100,85.3,Cycle Top,98.3,86,88.4,82.2,49.6,69.1
2021-04-03,100,83.1,Cycle Top,92.9,84.2,88.1,81.8,49.2,69.1
2021-04-04,100,83.5,Cycle Top,93.8,84.9,87.8,82,48.8,69.1
2021-04-05,100,83.5,Cycle Top,94.1,85.3,87.2,82,48.4,69.3
2021-04-06,100,83.4,Cycle Top,93.8,85.1,87.4,82.3,48,69.7
2021-04-07,98.9,81.9,Cycle Top,91.3,82.6,86.8,81.6,47.7,70.3
2021-04-08,99.8,82.8,Cycle Top,93.2,84.3,86.6,82,47.3,70.7
2021-04-09,99.4,82.4,Cycle Top,92.6,83.9,86,81.8,46.9,70.7
2021-04-10,99.8,82.8,Cycle Top,93.5,84.8,85.7,81.9,46.6,70.7
2021-04-11,100,84.4,Cycle Top,98.3,85,86.3,81.9,46.2,70.7
2021-04-12,100,83.1,Cycle Top,94.8,84.8,85.6,81.9,45.9,70.6
2021-04-13,100,84.6,Cycle Top,98.3,87,85.4,82,45.5,70.9
2021-04-14,100,84.9,Cycle Top,98.3,88,85.4,82.7,45.2,71.2
2021-04-15,100,85.2,Cycle Top,98.3,88.4,86.3,83.1,44.9,71.8
2021-04-16,100,83.5,Cycle Top,93.5,87.3,86.2,82.9,44.5,72.5
2021-04-17,99.6,82.6,Cycle Top,91.9,86.1,86,82.7,44.2,72.5
2021-04-18,99.1,82.1,Cycle Top,90.7,84.8,86.6,83,43.9,72.5
2021-04-19,98,81,Cycle Top,89.7,83.2,85.3,82.7,43.6,72.1
2021-04-20,99.1,82.1,Cycle Top,91.6,85.9,85,83.4,43.3,70.8
2021-04-21,99.3,82.3,Cycle Top,91.9,86.2,84.7,84,43,71.7
2021-04-22,99.2,82.2,Cycle Top,92.2,86.4,83.7,84.3,42.7,70.7
2021-04-23,98.7,81.7,Cycle Top,91.8,86.1,82,84.3,42.4,72.2
2021-04-24,96.4,79.4,Cycle Top,89.6,83.5,77.2,84,42.1,72.2
2021-04-25,97,80,Cycle Top,90.8,85.2,75.9,84.4,41.8,72.2
2021-04-26,99.6,82.6,Cycle Top,98.3,87.5,75,84.3,41.5,72.5
2021-04-27,100,83.9,Cycle Top,98.3,88.5,80.3,84.5,41.2,72.6
2021-04-28,100,84.4,Cycle Top,98.3,89.5,81.5,84.7,40.9,73.2
2021-04-29,100,83,Cycle Top,94.8,89.3,80.1,84.9,40.7,73
2021-04-30,100,83.8,Cycle Top,98.3,89.5,79.7,84.3,40.4,71.2
2021-05-01,100,85.2,Cycle Top,98.3,90.9,83.7,86.9,40.1,70.8
2021-05-02,100,85.1,Cycle Top,98.3,90.7,83.2,87,39.9,70.8
2021-05-03,100,85.6,Cycle Top,98.3,93.5,82.3,88.1,39.6,71.1
2021-05-04,100,83.7,Cycle Top,92.8,92.2,83,88.2,39.4,69.2
2021-05-05,100,85.1,Cycle Top,98.3,93.8,79.8,88.2,39.1,69.8
2021-05-06,100,84.3,Cycle Top,94.3,93.3,82.2,88.3,38.9,71.4
2021-05-07,100,84.2,Cycle Top,93.9,93.1,81.9,88,38.6,75.1
2021-05-08,100,86.1,Cycle Top,98.3,95.1,82,88.6,38.4,75.1
2021-05-09,100,86.2,Cycle Top,98.3,95,82.3,88.6,38.1,75.1
2021-05-10,100,84.9,Cycle Top,94.7,94.8,82,89.1,37.9,72.9
2021-05-11,100,85.8,Cycle Top,98.3,95.8,80.4,89.9,37.7,70.9
2021-05-12,99.2,82.2,Cycle Top,92,93.8,75,90.8,37.4,66.5
2021-05-13,96.5,79.5,Cycle Top,91.4,93.5,62.6,90,37.2,68.4
2021-05-14,97.2,80.2,Cycle Top,94.2,95.4,58.1,91.6,37,72.9
2021-05-15,95.1,78.1,Cycle Top,90.5,92.9,56.5,90.7,36.7,72.8
2021-05-16,94.2,76.9,Cycle Top,89.8,92.5,52.2,90.5,36.5,72.8
2021-05-17,92.5,74.5,Cycle Top,87.1,90.3,47.7,90,36.3,72.3
2021-05-18,92.2,74.1,Cycle Top,87.6,91,44,90.8,36.1,71.5
2021-05-19,87.9,68.1,Cycle Top,78.9,80.2,42,88.2,35.9,70.9
2021-05-20,89.4,70.2,Cycle Top,82.6,85.5,40.1,88.3,35.7,72
2021-05-21,87.7,67.7,Cycle Top,78.4,79.7,41.6,88.1,35.5,71.7
2021-05-22,86.7,66.4,Cycle Top,76.8,77.4,40.7,87.6,35.3,71.7
2021-05-23,85.8,65.1,Cycle Top,74.5,74.9,41.2,87.4,35.1,71.6
2021-05-24,88.5,68.9,Cycle Top,80,82.9,40.9,88.2,34.9,73.5
2021-05-25,89,69.6,Cycle Top,80.2,83.5,43.3,88.6,34.7,73.1
2021-05-26,90.1,71.1,Cycle Top,82.5,86.1,43.5,89.4,34.5,74.4
2021-05-27,89.3,70,Cycle Top,80.3,83.7,44.7,88.9,34.3,75.2
2021-05-28,87.4,67.4,Cycle Top,76.9,78.5,43.6,88,34.1,75.3
2021-05-29,86.6,66.2,Cycle Top,75.3,76.1,43.2,87.9,33.9,75.2
2021-05-30,86.9,66.7,Cycle Top,76.3,77.7,42.2,87.9,33.7,75.2
2021-05-31,88.7,69.2,Cycle Top,79.3,82.6,43.6,89.1,33.5,75.2
2021-06-01,87.5,67.5,Cycle Top,78.3,81.4,40.8,85.1,33.3,74.2
2021-06-02,87.9,68.1,Cycle Top,78.7,82.2,41.7,85.2,33.2,74.5
2021-06-03,88.8,69.4,Cycle Top,80.9,84.6,42.2,85.4,33,73
2021-06-04,88,68.3,Cycle Top,78.5,82,43.1,85.4,32.8,75.3
2021-06-05,87.6,67.7,Cycle Top,77.7,80.9,42.7,85.6,32.6,75.3
2021-06-06,87.8,67.9,Cycle Top,78.4,82.2,41.3,85.9,32.4,75.3
2021-06-07,86.9,66.7,Cycle Top,76.7,79.5,41.1,86.3,32.3,75.4
2021-06-08,86.4,65.9,Cycle Top,75.7,78.1,41.1,85.7,32.1,74.5
2021-06-09,86.7,66.4,Cycle Top,76.5,79.5,41.5,84.3,31.9,73.6
2021-06-10,86.3,65.8,Cycle Top,75,77.3,43,83.8,31.8,75.5
2021-06-11,85.6,64.8,Cycle Top,73.4,75.3,43.3,83.5,31.6,75.2
2021-06-12,85.8,65.2,Cycle Top,73.5,75.4,45.1,83.7,31.4,75.2
2021-06-13,86.4,65.9,Cycle Top,74.8,77.5,44.2,83.5,31.3,75.2
2021-06-14,86.8,66.6,Cycle Top,75.5,78.6,45.5,83.5,31.1,74.5
2021-06-15,86.8,66.5,Cycle Top,74.9,78,47.4,83.4,31,72.7
2021-06-16,85.7,64.9,Cycle Top,72.8,75,46.8,83.1,30.8,72.1
2021-06-17,85.5,64.7,Cycle Top,73,75.4,45.7,83.2,30.7,68.2
2021-06-18,83.3,63.3,Distribution,71.3,72.9,45.8,83.2,30.5,63.3
2021-06-19,81.5,62.6,Distribution,70.4,71.8,45.4,82.9,30.3,63.2
2021-06-20,82.6,63,Distribution,71,72.8,45.1,83.3,30.2,63.2
2021-06-21,76.6,60.7,Distribution,67.1,67.1,45.8,82.6,30,66.7
2021-06-22,75.2,60.1,Distribution,66.7,66.8,43.6,82.4,29.9,67.9
2021-06-23,77.1,60.8,Distribution,67.5,68.1,44.3,82.5,29.8,69.6
2021-06-24,78.1,61.3,Distribution,67.5,68.3,46.2,82.3,29.6,70.1
2021-06-25,75.4,60.2,Distribution,65.2,65.3,47.5,82.2,29.5,72.4
2021-06-26,74.8,59.9,Distribution,65.3,65.5,46.1,82,29.3,72.4
2021-06-27,77.9,61.2,Distribution,66.9,67.9,46.8,82.2,29.2,72.3
2021-06-28,80.1,62,Distribution,67.7,69.6,47.8,82.6,29,71.5
2021-06-29,81.3,62.5,Distribution,68.6,70.8,48,82.5,28.9,70
2021-06-30,84.2,63.7,Distribution,69.9,73,48.8,83.3,28.8,69.4
2021-07-01,74.8,59.9,Distribution,67.9,70,47.6,61.7,28.6,70
2021-07-02,75,60,Distribution,68.3,70.8,46.1,61.9,28.5,70.6
2021-07-03,76.5,60.6,Distribution,69,71.8,47.1,61.9,28.4,70.6
2021-07-04,79.1,61.6,Distribution,70.1,73.9,47.9,62,28.2,70.6
2021-07-05,75.8,60.3,Distribution,68,70.8,48.5,62,28.1,70.6
2021-07-06,76.8,60.7,Distribution,69.4,73.2,46.4,62.2,28,66.5
2021-07-07,77.9,61.2,Distribution,69.4,73.2,48.6,62.3,27.9,66.2
2021-07-08,72,58.8,Distribution,66.6,69.2,47,61.9,27.7,63.2
2021-07-09,73.3,59.3,Distribution,67,69.8,47.5,61.7,27.6,67
2021-07-10,72.5,59,Distribution,66.3,69.1,47.9,61.6,27.5,67
2021-07-11,73.2,59.3,Distribution,66.6,69.5,48.4,61.5,27.4,67
2021-07-12,71.2,58.5,Distribution,64.8,67.1,50.3,61.2,27.2,67.3
2021-07-13,68.6,57.4,Caution,63.8,65.4,49.3,60.9,27.1,65.4
2021-07-14,70.3,58.1,Distribution,64.5,66.5,50,61.1,27,66.5
2021-07-15,68.3,57.3,Caution,63.4,64.9,50.1,61,26.9,65
2021-07-16,68,57.2,Caution,63.1,64.6,50.9,60.9,26.8,63.2
2021-07-17,67.4,57,Caution,63.3,64.7,49.5,61,26.6,63.2
2021-07-18,67.6,57.1,Caution,63.1,64.6,50.3,60.8,26.5,63.2
2021-07-19,66.2,56.5,Caution,62.2,63.5,51.9,60.8,26.4,56.6
2021-07-20,65.5,56.2,Caution,61.9,63.2,50.7,60.9,26.3,59.5
2021-07-21,69.7,57.9,Caution,64.7,66.8,49.4,61.4,26.2,62.9
2021-07-22,71.3,58.5,Distribution,65,67.2,51.5,61.5,26.1,62.9
2021-07-23,73.7,59.5,Distribution,66.3,68.7,52.3,61.7,26,63.6
2021-07-24,74.8,59.9,Distribution,67.1,69.7,52.2,61.8,25.8,63.6
2021-07-25,75.5,60.2,Distribution,67.2,69.8,53.5,61.3,25.7,63.6
2021-07-26,76,60.4,Distribution,67.7,70.4,53.5,60.8,25.6,63.5
2021-07-27,77.9,61.2,Distribution,68.7,71.7,54.8,60.6,25.5,61.5
2021-07-28,80.4,62.1,Distribution,68.8,71.8,59.2,60.4,25.4,62.9
2021-07-29,82.4,63,Distribution,69.6,73.4,59.3,60.7,25.3,65.4
2021-07-30,84,63.6,Distribution,70.4,74.9,59.9,60.6,25.2,63.9
2021-07-31,85.3,64.4,Cycle Top,71.2,75.9,61.2,61.1,25.1,63.9
2021-08-01,87.7,67.7,Cycle Top,71.5,76.2,61.8,66.9,49.8,64.6
2021-08-02,87.7,67.8,Cycle Top,72.4,77.2,60.1,67.1,49.6,62.9
2021-08-03,87.1,67,Cycle Top,70.9,75.3,60.2,67,49.4,63.7
2021-08-04,88.3,68.6,Cycle Top,74,78.7,59.3,67.4,49.2,63.5
2021-08-05,89,69.6,Cycle Top,74.9,80.1,61,67.4,49,64.7
2021-08-06,89.3,70,Cycle Top,75.4,81,61.5,67.1,48.8,66.1
2021-08-07,90.8,72.1,Cycle Top,77.6,84.4,64,67.9,48.6,66.1
2021-08-08,90.3,71.4,Cycle Top,76.3,82.5,64.7,67.4,48.4,66.1
2021-08-09,90.7,72,Cycle Top,77.8,84.5,63.9,67.2,48.2,64.9
2021-08-10,90.7,72,Cycle Top,77.6,84.1,64.6,67.4,48,64.8
2021-08-11,90.8,72.2,Cycle Top,77.7,84.2,64.7,67.5,47.8,66.5
2021-08-12,90.3,71.4,Cycle Top,76.6,82.5,64.9,67.2,47.6,67.6
2021-08-13,91.5,73.1,Cycle Top,79.1,85.9,65.1,67.5,47.5,67.6
2021-08-14,91.4,72.9,Cycle Top,78.6,85.1,66.2,67.4,47.3,67.6
2021-08-15,91.4,73,Cycle Top,78.9,85.4,65.5,67.7,47.1,67.6
2021-08-16,90.4,71.6,Cycle Top,76.5,83.2,65.8,67.1,46.9,65.8
2021-08-17,89.6,70.5,Cycle Top,75.3,81.1,66,66.9,46.7,61.5
2021-08-18,89.7,70.6,Cycle Top,75.6,81.6,66.3,66.9,46.6,58.3
2021-08-19,90.6,71.8,Cycle Top,78.1,83.9,66,67,46.4,56.5
2021-08-20,91.2,72.7,Cycle Top,79.3,85.6,66.1,66.8,46.2,58.7
2021-08-21,91.1,72.5,Cycle Top,78.8,84.7,67.6,66.7,46,58.7
2021-08-22,91.1,72.5,Cycle Top,78.9,84.7,67.5,66.7,45.8,58.7
2021-08-23,91.6,73.2,Cycle Top,79.6,85.7,68.1,66.8,45.7,61.3
2021-08-24,90.7,71.9,Cycle Top,77.1,83,68.3,66.7,45.5,62.9
2021-08-25,90.9,72.3,Cycle Top,78.3,83.4,67.4,66.7,45.3,64.4
2021-08-26,89.9,70.9,Cycle Top,75.8,81.2,67.9,66.7,45.2,61.4
2021-08-27,91.1,72.5,Cycle Top,78.7,83.9,67.4,66.8,45,65.2
2021-08-28,91.1,72.5,Cycle Top,78.4,83.4,68.7,66.7,44.8,65.2
2021-08-29,90.8,72.1,Cycle Top,78.2,82.8,67.9,66.7,44.7,65.2
2021-08-30,90.5,71.8,Cycle Top,76.9,82.3,68.2,67.2,44.5,65.9
2021-08-31,91.7,73.4,Cycle Top,79.7,85.2,68.3,68.4,44.3,66
2021-09-01,94,76.6,Cycle Top,83,88.6,68.8,80.1,44.2,67.5
2021-09-02,93.8,76.3,Cycle Top,82.4,87.9,69.5,79.6,44,66.8
2021-09-03,94.3,77,Cycle Top,83.5,89,69.6,80.1,43.9,67.8
2021-09-04,94,76.6,Cycle Top,83,88.2,69.4,79.9,43.7,67.8
2021-09-05,98.3,81.3,Cycle Top,98.3,88.8,69.6,79.5,43.5,67.8
2021-09-06,97.1,80.1,Cycle Top,94.4,88,70.9,79,43.4,67.8
2021-09-07,94.6,77.4,Cycle Top,90.2,82.9,71,78.8,43.2,64.8
2021-09-08,94.3,77,Cycle Top,90.7,84,66.5,79.3,43.1,63.9
2021-09-09,93.8,76.3,Cycle Top,90,82.9,66.4,78.8,42.9,62.9
2021-09-10,92.4,74.4,Cycle Top,86.5,79.5,66.6,78.2,42.8,62
2021-09-11,92.1,73.9,Cycle Top,87,80.2,62.8,78.4,42.6,62
2021-09-12,93,75.2,Cycle Top,89.3,82.1,63.2,78.8,42.5,62
2021-09-13,92.6,74.7,Cycle Top,86.9,80.2,66.6,78.6,42.3,63
2021-09-14,93,75.2,Cycle Top,89.3,82.4,63,78.5,42.2,62.4
2021-09-15,94.5,77.3,Cycle Top,90.8,85.1,67.6,79,42,64.1
2021-09-16,94.2,76.9,Cycle Top,90.2,84.1,68.3,78.9,41.9,62.6
2021-09-17,93.3,75.6,Cycle Top,88.8,81.7,67.6,78.1,41.8,60.3
2021-09-18,93.4,75.8,Cycle Top,88.9,82.2,68,77.8,41.6,60.3
2021-09-19,92.6,74.7,Cycle Top,86.7,80.2,68.5,77.5,41.5,60.3
2021-09-20,90.6,71.8,Cycle Top,82.4,75.2,68.3,77.1,41.3,55.4
2021-09-21,88.7,69.2,Cycle Top,80.3,71.3,63.3,76.8,41.2,56.8
2021-09-22,90.3,71.4,Cycle Top,83.3,76.7,62.1,77.6,41,59.2
2021-09-23,91,72.4,Cycle Top,84,77.7,63.8,77.4,40.9,62.4
2021-09-24,89.7,70.6,Cycle Top,81,73.4,65.2,76.8,40.8,63.1
2021-09-25,89.5,70.3,Cycle Top,80.8,73.2,64.6,76.8,40.6,63.1
2021-09-26,90.3,71.4,Cycle Top,82.1,75.7,64.5,77.6,40.5,63.1
2021-09-27,89.4,70.2,Cycle Top,80.6,73.1,64.5,77.1,40.4,61.9
2021-09-28,88.5,69,Cycle Top,79.2,70.8,64.6,76.7,40.2,57.9
2021-09-29,88.8,69.3,Cycle Top,79.6,71.8,64.5,76.8,40.1,57.1
2021-09-30,89.6,70.4,Cycle Top,81.3,75,63.6,76.7,40,57
2021-10-01,91.5,73.1,Cycle Top,84.8,79.3,67.1,74.9,39.8,59.3
2021-10-02,92.9,75.1,Cycle Top,86.4,80.4,72.9,75.7,39.7,59.3
2021-10-03,92.9,75,Cycle Top,86.5,80.7,72,75.6,39.6,59.3
2021-10-04,92.3,74.3,Cycle Top,85,79.6,72.7,74.9,39.4,58.3
2021-10-05,93.2,75.5,Cycle Top,86.8,81.6,73.5,74.5,39.3,59.9
2021-10-06,93.4,75.8,Cycle Top,87.1,82.2,74.4,73.9,39.2,58.4
2021-10-07,93.7,76.2,Cycle Top,87.1,82.4,75.6,74.2,39.1,61.1
2021-10-08,93.4,75.8,Cycle Top,86.6,81.6,75.1,74.1,38.9,61.7
2021-10-09,93.3,75.6,Cycle Top,86.5,81.6,74.7,73.9,38.8,61.7
2021-10-10,92.2,74,Cycle Top,83.9,78.7,74.5,73.4,38.7,61.7
2021-10-11,92.9,75.1,Cycle Top,86,80.9,74.4,73.1,38.6,60.5
2021-10-12,92.6,74.6,Cycle Top,85.1,79.2,75.6,73.3,38.4,59.5
2021-10-13,93,75.2,Cycle Top,86,81.3,74.2,73.5,38.3,60.8
2021-10-14,93.7,76.2,Cycle Top,87.2,83.5,74.1,74,38.2,63
2021-10-15,93.9,76.5,Cycle Top,87.6,84.1,74.2,73.4,38.1,64.4
2021-10-16,93.9,76.4,Cycle Top,87.1,83.5,75.4,73.5,38,64.4
2021-10-17,93.9,76.4,Cycle Top,87,83.5,75.5,73.3,37.9,64.4
2021-10-18,93.3,75.6,Cycle Top,86,81.9,75.3,72.7,37.7,64.3
2021-10-19,93.9,76.4,Cycle Top,87,83.7,74.7,72.6,37.6,68.1
2021-10-20,97.8,80.8,Cycle Top,98.3,86.4,75.6,73.5,37.5,69
2021-10-21,96.1,79.1,Cycle Top,93.8,84.9,75.7,73.8,37.4,69
2021-10-22,95.4,78.4,Cycle Top,93.2,84.2,74.6,73.8,37.3,67.2
2021-10-23,97.4,80.4,Cycle Top,98.3,86.1,74.3,74.3,37.2,67.2
2021-10-24,95.8,78.8,Cycle Top,94.1,85.2,74,74.1,37,67.2
2021-10-25,97.3,80.3,Cycle Top,98.3,86.4,73.8,74.1,36.9,67.5
2021-10-26,95.9,78.9,Cycle Top,94,85.2,74.6,74.5,36.8,65.7
2021-10-27,94.4,77.1,Cycle Top,92.1,81.9,74,74.1,36.7,62.3
2021-10-28,97.1,80.1,Cycle Top,98.3,86.5,73.1,75.3,36.6,64.1
2021-10-29,97.4,80.4,Cycle Top,98.3,87.4,73.4,75.4,36.5,62.6
2021-10-30,95.9,78.9,Cycle Top,94.1,86.4,73.9,75,36.4,62.6
2021-10-31,95.7,78.7,Cycle Top,93.7,86,74,75,36.3,62.6
2021-11-01,97.2,80.2,Cycle Top,93.8,86.2,75.2,74.5,49.9,61.1
2021-11-02,99.2,82.2,Cycle Top,98.3,88.6,75,75,49.7,62.1
2021-11-03,99.5,82.5,Cycle Top,98.3,88.9,75.6,75.3,49.6,63.8
2021-11-04,97.9,80.9,Cycle Top,94.2,88,74.9,75.4,49.4,63.1
2021-11-05,97.6,80.6,Cycle Top,93.9,87.7,74.8,75.3,49.3,60.9
2021-11-06,97.6,80.6,Cycle Top,94,88,74.4,75.3,49.1,60.9
2021-11-07,99.1,82.1,Cycle Top,98.3,88.8,74.7,75,49,60.9
2021-11-08,99.3,82.3,Cycle Top,98.3,89.7,75.1,74.5,48.8,60.6
2021-11-09,97.8,80.8,Cycle Top,94.2,89.2,75,74.1,48.7,59.7
2021-11-10,97.1,80.1,Cycle Top,93.5,88.5,73.5,74.5,48.6,57.7
2021-11-11,97.5,80.5,Cycle Top,94.2,89.2,73.6,75,48.4,58.8
2021-11-12,97.2,80.2,Cycle Top,93.8,88.9,72.5,74.9,48.3,59.7
2021-11-13,96.8,79.8,Cycle Top,93.5,88.5,71.7,74.7,48.1,59.7
2021-11-14,96.5,79.5,Cycle Top,93.2,88.1,71.7,74,48,59.6
2021-11-15,95.9,78.9,Cycle Top,92.4,87.1,71,74.5,47.9,59.8
2021-11-16,94.1,76.7,Cycle Top,89.7,82.9,70.4,73.7,47.7,57.9
2021-11-17,94,76.7,Cycle Top,90.3,84.2,67.5,74.2,47.6,56.9
2021-11-18,92.6,74.6,Cycle Top,87.2,80.2,67.4,73.7,47.5,56
2021-11-19,93.3,75.6,Cycle Top,90.1,84.2,62.8,75.3,47.3,53.8
2021-11-20,94,76.5,Cycle Top,90.8,85.5,65.1,75.2,47.2,53.8
2021-11-21,93.4,75.7,Cycle Top,89.5,83.3,65.8,74.7,47.1,53.8
2021-11-22,92.4,74.3,Cycle Top,87.4,81,65.7,74.7,46.9,50.9
2021-11-23,93,75.2,Cycle Top,89.9,84.5,61.6,75.6,46.8,51.6
2021-11-24,92.9,75.1,Cycle Top,89.3,83.6,63.7,75.4,46.7,49.6
2021-11-25,93.5,75.9,Cycle Top,91,86.7,60.8,75.9,46.5,49.6
2021-11-26,91.5,73.1,Cycle Top,86.4,80.2,64.1,75.5,46.4,41.8
2021-11-27,90.8,72.1,Cycle Top,86.8,80.9,57.8,75.3,46.3,41.8
2021-11-28,91.9,73.7,Cycle Top,89,83.7,59,75.4,46.1,41.8
2021-11-29,92.8,74.9,Cycle Top,90.1,85.7,59.9,75.9,46,45.1
2021-11-30,93.5,75.9,Cycle Top,91.2,87.7,61.3,77,45.9,42.1
2021-12-01,92.8,74.9,Cycle Top,90.8,87.2,57.6,76.4,45.8,41.9
2021-12-02,92.4,74.3,Cycle Top,90.2,86.5,57,76.3,45.6,40.6
2021-12-03,90.8,72.1,Cycle Top,87.1,82.3,56.5,76,45.5,38.2
2021-12-04,90.1,71.2,Cycle Top,86.1,80.7,55.1,77,45.4,38.2
2021-12-05,90.1,71.2,Cycle Top,86.7,81.8,53,77.1,45.3,38.2
2021-12-06,91.1,72.5,Cycle Top,88.8,84.5,52.5,77.2,45.1,39.7
2021-12-07,91.1,72.5,Cycle Top,88.2,83.3,54.4,77.1,45,43.6
2021-12-08,91.6,73.3,Cycle Top,88.6,84.4,54.8,77.3,44.9,48.3
2021-12-09,89.6,70.4,Cycle Top,84.5,78.8,54.8,77.2,44.8,44.1
2021-12-10,88.6,69,Cycle Top,82.5,76.3,53.3,76.7,44.7,48.1
2021-12-11,89,69.7,Cycle Top,84.1,78.6,51.3,76.7,44.5,48.1
2021-12-12,89.5,70.3,Cycle Top,84.4,79.1,53.5,76.7,44.4,48.1
2021-12-13,87.7,67.8,Cycle Top,80.7,74.5,53.5,76.4,44.3,44.8
2021-12-14,87.6,67.7,Cycle Top,81.4,75.5,51.4,76.1,44.2,42
2021-12-15,88.6,69.1,Cycle Top,82.9,77.6,52.8,76.6,44.1,44
2021-12-16,88.2,68.5,Cycle Top,81.8,76.1,52.7,76.7,44,45.8
2021-12-17,87.4,67.4,Cycle Top,80.8,74.9,50.9,76.8,43.8,43.6
2021-12-18,87.7,67.8,Cycle Top,81.4,75.9,50.9,76.9,43.7,43.6
2021-12-19,87.6,67.7,Cycle Top,80.9,75.3,51.8,76.9,43.6,43.6
2021-12-20,87.6,67.6,Cycle Top,81.2,76,50.5,76.9,43.5,42.2
2021-12-21,87.8,68,Cycle Top,81.7,76.9,50.5,76.4,43.4,43.4
2021-12-22,88.2,68.5,Cycle Top,81,75.9,54.6,76.4,43.3,46.9
2021-12-23,88.2,68.5,Cycle Top,81.8,77.2,51.3,76.2,43.2,48.6
2021-12-24,87.9,68.1,Cycle Top,80.9,75.9,52.7,75.8,43.1,48.6
2021-12-25,88,68.1,Cycle Top,81.2,76.5,51.5,76.2,42.9,48.6
2021-12-26,87.5,67.5,Cycle Top,80.6,75.7,50.5,75.9,42.8,48.6
2021-12-27,87.4,67.4,Cycle Top,80.2,75.2,51.2,75.7,42.7,48.4
2021-12-28,86.2,65.7,Cycle Top,77.4,71.8,51.3,75.8,42.6,48.8
2021-12-29,84.6,63.8,Distribution,75.6,69.2,47.7,75.3,42.5,50.5
2021-12-30,84.7,63.9,Distribution,76,70.2,46.2,75.5,42.4,49.8
2021-12-31,84.6,63.8,Distribution,75.6,69.6,47.3,75.6,42.3,50
2022-01-01,84.8,63.9,Distribution,76.3,70.9,46.7,72.7,42.2,49.7
2022-01-02,86.1,65.5,Cycle Top,76.9,71.8,48.5,73.3,49.9,49.7
2022-01-03,85.7,64.9,Cycle Top,75.8,70.5,48.2,73.3,49.7,52
2022-01-04,85.7,65,Cycle Top,76.3,71.5,46.5,73.6,49.6,52.5
2022-01-05,82.2,62.9,Distribution,73.3,67.3,46.4,73.4,49.5,49.6
2022-01-06,78.6,61.4,Distribution,71.8,65.8,44.1,72.6,49.4,48.3
2022-01-07,75.4,60.2,Distribution,69.4,63.2,44.3,72.1,49.3,51
2022-01-08,72.5,59,Distribution,68,61.9,42.9,71.1,49.1,51
2022-01-09,74.6,59.8,Distribution,68.7,62.5,45,71.5,49,51
2022-01-10,72.9,59.1,Distribution,67.8,61.6,44.7,71,48.9,49.2
2022-01-11,75.5,60.2,Distribution,69.7,63.5,43.9,71.7,48.8,51.4
2022-01-12,77.8,61.1,Distribution,71.2,65,43.9,71.9,48.7,53.3
2022-01-13,73.9,59.5,Distribution,69,62.7,43.3,71.8,48.5,49.9
2022-01-14,75,60,Distribution,69.9,63.6,43,71.9,48.4,50.2
2022-01-15,75.5,60.2,Distribution,70.1,63.8,43.3,72.1,48.3,50.2
2022-01-16,75.4,60.2,Distribution,70.3,64,42.6,72.2,48.2,50.2
2022-01-17,73,59.2,Distribution,68.7,62.2,42.8,71.6,48.1,50.2
2022-01-18,71.8,58.7,Distribution,68.1,61.7,43.2,71.2,47.9,46.4
2022-01-19,70.3,58.1,Distribution,67.3,60.7,43.1,71.1,47.8,45.6
2022-01-20,68.4,57.4,Caution,66.2,59.4,42.9,70.8,47.7,44.9
2022-01-21,61.5,54.3,Caution,62.3,54,41.4,69.4,47.6,42.7
2022-01-22,59.7,53.1,Caution,60.4,52.7,40.3,68.9,47.5,42.7
2022-01-23,60.7,53.8,Caution,61.8,53.8,39.9,69.3,47.4,42.7
2022-01-24,59.5,53,Caution,60.7,52.9,40.1,68.1,47.3,40.6
2022-01-25,59.7,53.1,Caution,61.1,53.2,39.8,68.1,47.1,40.5
2022-01-26,60.3,53.5,Caution,61.1,53.2,41.9,68.2,47,40.2
2022-01-27,59.4,52.9,Caution,60.7,52.8,40.9,67.8,46.9,36.9
2022-01-28,61.3,54.2,Caution,62.5,54.5,42,68.3,46.8,37.4
2022-01-29,61.6,54.4,Caution,63,55,41.9,68.5,46.7,37.4
2022-01-30,61.9,54.6,Caution,62.9,54.9,43.1,68.7,46.6,37.4
2022-01-31,62.3,54.9,Caution,63.9,56.2,40.5,69.2,46.5,40.1
2022-02-01,62.1,54.7,Caution,64.5,57.2,39.9,63.3,46.4,42.5
2022-02-02,60.9,54,Caution,63.2,55.3,40.4,63.5,46.3,42.8
2022-02-03,60.3,53.6,Caution,63.3,55.6,38,63.4,46.2,42.6
2022-02-04,63.3,55.3,Caution,66.1,59.4,37.9,63.3,46.1,42.1
2022-02-05,65.1,56,Caution,66.2,59.6,41.1,63.6,45.9,42.1
2022-02-06,65.8,56.3,Caution,66.7,60,41.5,63.3,45.8,42.1
2022-02-07,69.1,57.7,Caution,68,61.6,44.1,63.1,45.7,42.9
2022-02-08,68.3,57.3,Caution,67.4,60.8,44.3,62.6,45.6,43.7
2022-02-09,71.5,58.6,Distribution,69.2,62.4,45.2,63.7,45.5,45.5
2022-02-10,66.4,56.6,Caution,66.5,59.7,44.5,62.5,45.4,40.1
2022-02-11,63.4,55.4,Caution,64.9,57.9,44.4,61.8,45.3,37.2
2022-02-12,62.7,55.1,Caution,64.7,57.6,43.3,61.8,45.2,37.2
2022-02-13,62,54.6,Caution,64.2,56.8,43.3,61.4,45.1,37.2
2022-02-14,62.8,55.1,Caution,64.9,57.9,43.6,61.8,45,35.3
2022-02-15,68.1,57.2,Caution,68.3,61.4,43.5,63,44.9,38.6
2022-02-16,67.1,56.9,Caution,67.1,60.3,44.2,62.9,44.8,41.1
2022-02-17,62.4,54.9,Caution,64.1,56.6,44.2,62.9,44.7,38.6
2022-02-18,59.6,53.1,Caution,63,55.1,39.4,62,44.6,37.6
2022-02-19,59,52.7,Caution,62.8,54.8,38.2,61.7,44.5,37.6
2022-02-20,57.7,51.8,Caution,61.3,53.1,38.5,61.4,44.4,37.6
2022-02-21,57.3,51.5,Caution,60.8,52.7,38,61.9,44.3,37.6
2022-02-22,57.2,51.4,Caution,61.4,53.3,36.4,61.7,44.2,36.8
2022-02-23,56.9,51.3,Caution,60.7,52.4,37.9,61.8,44.1,36.7
2022-02-24,56.5,51,Caution,60.8,52.7,37.2,61.1,44,32.6
2022-02-25,59,52.6,Caution,62.9,54.9,38.1,62.4,43.9,35.6
2022-02-26,59,52.7,Caution,62.9,55.1,37.9,62.7,43.8,35.6
2022-02-27,57.2,51.5,Caution,61.1,53,37.8,61.9,43.7,35.6
2022-02-28,59.3,52.9,Caution,64.1,57,35.9,61.1,43.6,34.6
2022-03-01,60.8,53.9,Caution,64.4,57.3,41.1,60.7,43.5,32.2
2022-03-02,60.5,53.6,Caution,64,56.8,41.1,60.7,43.4,32.4
2022-03-03,58.1,52.1,Caution,62.7,54.7,38.1,60.6,43.3,31.6
2022-03-04,55.2,50.1,Caution,60.2,52,36.8,60.7,43.2,26.6
2022-03-05,54.8,49.9,Caution,60.6,52.5,34.1,60.9,43.2,26.7
2022-03-06,53.7,49.1,Caution,59.3,51.4,34.1,60.4,43.1,26.7
2022-03-07,51.8,47.9,Caution,58.5,50.4,34.2,60.2,36.3,24.4
2022-03-08,52.6,48.4,Caution,59.5,51.7,33.5,60.5,36.2,24.3
2022-03-09,54.4,49.6,Caution,61.4,53.6,33.9,60.1,36.1,27.5
2022-03-10,53.6,49,Caution,59.8,51.9,35.4,60.4,36,27.6
2022-03-11,52.3,48.2,Caution,59.1,51.3,33.7,60.3,35.9,26.5
2022-03-12,52.4,48.3,Caution,59.1,51.4,33.6,60.4,35.9,26.5
2022-03-13,51.7,47.8,Caution,58.6,50.6,33.2,60.5,35.8,26.5
2022-03-14,52.8,48.5,Caution,59.6,51.9,33.8,60.1,35.7,26.8
2022-03-15,53.3,48.8,Caution,60.3,52.5,33,60.5,35.6,27.9
2022-03-16,55.1,50.1,Caution,62.1,54.4,34,60.8,35.6,28
2022-03-17,55.6,50.4,Caution,62.1,54.4,34.7,61.4,35.5,31.6
2022-03-18,56.3,50.9,Caution,63,55.7,34.2,62.1,35.4,28.8
2022-03-19,56.6,51,Caution,63,56,34.9,61.9,35.3,28.8
2022-03-20,55.7,50.4,Caution,62.1,54.4,35.4,61.7,35.3,28.8
2022-03-21,55.9,50.6,Caution,62.3,54.6,35.2,62.1,35.2,30.4
2022-03-22,56.6,51.1,Caution,63.2,56.1,34.2,62,35.1,31.1
2022-03-23,57.4,51.6,Caution,63.6,56.9,35.2,62.4,35,30.6
2022-03-24,58.7,52.5,Caution,64.2,57.6,37.1,62.3,35,32.7
2022-03-25,59,52.6,Caution,64,57.3,38.8,61.9,34.9,33.1
2022-03-26,59.7,53.1,Caution,64.5,58.1,39.4,62.2,34.8,33.1
2022-03-27,61.2,54.1,Caution,66.3,60.4,39,62,34.8,33.1
2022-03-28,61.8,54.6,Caution,66.7,60.8,40.6,62.3,34.7,30.7
2022-03-29,62.9,55.2,Caution,67.9,61.4,40.1,62.9,34.6,33.4
2022-03-30,62.5,55,Caution,67.5,61.2,39.8,63,34.5,34.4
2022-03-31,61,54,Caution,66,59.9,39.2,63.1,34.5,32.9
2022-04-01,63.9,55.5,Caution,68.5,62.1,38.9,65.9,34.4,32.6
2022-04-02,63.7,55.5,Caution,68.3,61.9,39.2,66.1,34.3,32.7
2022-04-03,64.9,55.9,Caution,69.3,63,38.5,66.4,34.3,32.7
2022-04-04,65.3,56.1,Caution,69.3,63,39.1,66.3,34.2,34.2
2022-04-05,62.2,54.8,Caution,67.4,60.9,39.2,66,34.1,30.8
2022-04-06,58.7,52.5,Caution,63.8,57,38.3,65.5,34,29.2
2022-04-07,59,52.6,Caution,65,58.6,34.9,65.8,34,30.9
2022-04-08,58.7,52.4,Caution,64.4,58,35.2,66.2,33.9,31.1
2022-04-09,59.2,52.8,Caution,65.4,59.2,34.1,66.4,33.8,31.1
2022-04-10,58.6,52.4,Caution,64.5,58.1,34.7,66.4,33.8,31.1
2022-04-11,55.7,50.5,Caution,61.8,54.2,34.3,66.1,33.7,31.4
2022-04-12,55.6,50.4,Caution,62.6,55.3,31,66.2,33.6,33
2022-04-13,57.2,51.5,Caution,63.5,56.7,32.6,66.3,33.6,34.7
2022-04-14,55.9,50.6,Caution,62.1,54.8,33.3,66.2,33.5,32.9
2022-04-15,55.8,50.6,Caution,62.7,55.4,31.6,65.9,33.4,33.1
2022-04-16,56.6,51.1,Caution,62.9,55.7,33.2,66.2,33.4,33.1
2022-04-17,55.5,50.3,Caution,61.8,54.1,33.2,66,33.3,33.1
2022-04-18,56.1,50.7,Caution,62.9,55.6,32,65.8,33.2,33.2
2022-04-19,57.1,51.4,Caution,63.7,56.9,32.8,65.7,33.2,32.8
2022-04-20,56.5,51,Caution,63.1,56.2,32.7,65.6,33.1,32.9
2022-04-21,54.4,49.6,Caution,61.3,53.7,32.6,65.4,33,28.8
2022-04-22,54.1,49.4,Caution,61.5,53.8,32.4,65.7,33,23.2
2022-04-23,53.4,49,Caution,60.9,53.3,31.7,65.6,32.9,23.2
2022-04-24,53.3,48.8,Caution,60.8,53.1,31.7,65.5,32.8,23.2
2022-04-25,55.1,50.1,Caution,62.8,55.7,31.3,65.6,32.8,23.5
2022-04-26,53,48.7,Caution,60.4,52.5,32.4,65.2,32.7,23.3
2022-04-27,53.5,49,Caution,61.5,53.8,30.6,65.2,32.7,23.6
2022-04-28,54.6,49.7,Caution,62.3,55,31.5,65.4,32.6,23.3
2022-04-29,52.7,48.4,Caution,60.5,52.9,31.1,65,32.5,21.8
2022-04-30,51.4,47.6,Caution,59.6,51.7,30.1,64.7,32.5,21.8
2022-05-01,52.3,48.2,Caution,60.6,53.1,34.1,58.8,32.4,15.9
2022-05-02,53.6,49.1,Caution,61.3,53.7,35.9,59.2,32.3,18.3
2022-05-03,52.4,48.3,Caution,60.3,52.6,35.5,58.9,32.3,16.6
2022-05-04,54.2,49.5,Caution,62.4,55.2,33.6,59.2,32.2,21.3
2022-05-05,51.6,47.7,Caution,59,51,35.4,59.6,32.1,20.3
2022-05-06,51.1,47.4,Caution,58.9,50.9,33.9,59.4,32.1,21
2022-05-07,50.7,47.1,Caution,58.4,50.4,34.1,59.2,32,21
2022-05-08,49.1,46.1,Neutral,57.1,49.1,32.6,59.1,32,21
2022-05-09,46.6,44.4,Neutral,54.4,46.5,31.6,59.1,31.9,20.5
2022-05-10,47.8,45.2,Neutral,55.7,48.1,31.4,59.8,31.8,20
2022-05-11,45.2,43.4,Neutral,53.1,45.4,31.6,57.8,31.8,17.8
2022-05-12,43.9,42.6,Neutral,51.8,44.3,31.6,55.8,31.7,18.9
2022-05-13,43.2,42.2,Neutral,52.4,44.9,31.4,56.1,23,20.4
2022-05-14,43.6,42.4,Neutral,52.9,45.4,31.3,56,22.9,20.4
2022-05-15,44.4,42.9,Neutral,53.9,46.2,31.4,56.1,22.9,20.4
2022-05-16,43.2,42.1,Neutral,52.3,44.7,31.9,55.8,22.8,21
2022-05-17,43.6,42.4,Neutral,52.9,45.4,31.3,56.2,22.8,20.9
2022-05-18,41.6,41.1,Neutral,50.7,43.5,31.6,55.3,22.8,16.8
2022-05-19,42.8,41.8,Neutral,52.1,44.7,31.8,55.3,22.7,17.5
2022-05-20,41.9,41.3,Neutral,51.1,43.7,31.8,55.5,22.7,16.4
2022-05-21,42,41.4,Neutral,51.2,43.9,31.9,55.5,22.6,16.4
2022-05-22,42.8,41.8,Neutral,52,44.8,32,55.6,22.6,16.4
2022-05-23,42,41.3,Neutral,51.1,43.8,31.5,55.8,22.5,18.2
2022-05-24,42,41.4,Neutral,51,43.7,31.7,55.4,22.5,19.7
2022-05-25,41.6,41.1,Neutral,50.6,43.4,31.6,54.9,22.5,20.3
2022-05-26,40.3,40.2,Neutral,49.1,41.6,31.8,53.9,22.4,21.7
2022-05-27,39.7,39.7,Neutral,48.4,40.7,31.8,53.7,22.4,22.1
2022-05-28,40.3,40.2,Neutral,49,41.6,32,54,22.3,22.1
2022-05-29,40.6,40.4,Neutral,49.2,41.9,32.1,53.9,22.3,22.1
2022-05-30,42,41.3,Neutral,50.9,43.9,31.5,54.5,22.3,21.8
2022-05-31,41.7,41.1,Neutral,50.1,43.3,32.5,53.8,22.2,23.3
2022-06-01,41.6,41.1,Neutral,48.9,41.5,33,61.3,22.2,21.3
2022-06-02,41.6,41.1,Neutral,49.1,41.8,32.4,61,22.1,21.8
2022-06-03,40.6,40.4,Neutral,48.2,40.6,32,60.9,22.1,22.7
2022-06-04,41.1,40.7,Neutral,48.4,41,32.6,61.1,22.1,22.7
2022-06-05,40.9,40.6,Neutral,48.4,41,32,61.1,22,22.7
2022-06-06,41.8,41.2,Neutral,49.2,42.2,32.5,60.8,22,22.7
2022-06-07,41.2,40.8,Neutral,48.6,41.3,32.8,60.7,21.9,20.4
2022-06-08,41,40.6,Neutral,48.3,40.8,33.2,60.8,21.9,21.1
2022-06-09,40.5,40.3,Neutral,48.3,40.9,32.2,60.8,21.9,18.2
2022-06-10,39.4,39.4,Neutral,47.1,39.4,32.5,60.4,21.8,13.7
2022-06-11,38.4,38.4,Neutral,45.7,37.6,32.3,59.9,21.8,13.7
2022-06-12,37.8,37.8,Neutral,44.8,35.8,32.7,59.9,21.7,13.7
2022-06-13,36.1,36.1,Neutral,42.9,32.4,32.2,59.8,21.7,11.4
2022-06-14,36.2,36.2,Neutral,42.9,32.7,32,60,21.7,11.6
2022-06-15,35.8,35.8,Neutral,43.3,33.3,32,60,14.4,12.9
2022-06-16,33.8,33.8,Neutral,41.4,27.8,32,59.7,14.4,12.6
2022-06-17,34,34,Neutral,41.5,28.4,32.1,59.7,14.4,12.2
2022-06-18,32.8,32.8,Neutral,40.5,25.1,32,59.7,14.3,12.2
2022-06-19,35.4,35.4,Neutral,41.9,30,32.8,60,21.9,12.3
2022-06-20,35.8,35.8,Neutral,42,30.6,33.8,60,21.9,12.3
2022-06-21,35.8,35.8,Neutral,41.9,30.4,34.3,59.9,21.8,12.8
2022-06-22,34.9,34.9,Neutral,41,27.2,35,59.6,21.8,13.2
2022-06-23,36.5,36.5,Neutral,42.2,31.6,35.6,59.9,21.8,13
2022-06-24,37.4,37.4,Neutral,42.9,33.3,36.2,60.5,21.7,14.2
2022-06-25,37.7,37.7,Neutral,43.1,33.6,37.3,60.5,21.7,14.2
2022-06-26,37.4,37.4,Neutral,42.6,32.7,38,60.3,21.6,14.2
2022-06-27,38.2,38.2,Neutral,42.4,32.5,38.3,60.5,29.6,14.8
2022-06-28,37.7,37.7,Neutral,42,31.2,38.5,60.2,29.5,13.4
2022-06-29,37.3,37.3,Neutral,41.4,29.3,39.6,59.9,29.5,12.9
2022-06-30,36.9,36.9,Neutral,41,28.4,39.8,59.7,29.4,12.9
2022-07-01,37,37,Neutral,40.9,27.7,36,71.8,29.4,10.9
2022-07-02,37.2,37.2,Neutral,40.9,27.9,36.4,71.8,29.3,10.9
2022-07-03,37.2,37.2,Neutral,41,28.4,35.7,71.8,29.3,10.9
2022-07-04,38.5,38.5,Neutral,42,32.2,36.1,72.1,29.2,10.6
2022-07-05,38.7,38.7,Neutral,41.7,31.1,36.8,71.9,33.3,10
2022-07-06,39.4,39.4,Neutral,42.4,33.2,36.5,72.3,33.2,10.3
2022-07-07,39.9,39.9,Neutral,43,34.6,36.3,72.2,33.2,10.7
2022-07-08,39.6,39.6,Neutral,42.5,33.7,36.6,71.9,33.1,11.6
2022-07-09,39.9,39.9,Neutral,42.6,33.9,37.7,71.9,33,11.6
2022-07-10,39.2,39.2,Neutral,41.9,32.4,37.6,71.8,33,11.7
2022-07-11,38,38,Neutral,41.1,29.3,36.8,71.6,32.9,10.4
2022-07-12,37,37,Neutral,40.5,27.4,35.2,71.3,33.3,9.9
2022-07-13,38.2,38.2,Neutral,41.5,31.1,34.9,71.6,33.2,10.2
2022-07-14,39.3,39.3,Neutral,42.4,34,35.2,72.3,33.2,10.2
2022-07-15,39.6,39.6,Neutral,42.8,35,34.5,72.5,33.1,11.6
2022-07-16,41.4,40.9,Neutral,43.9,37.3,35.6,73.9,33.1,11.6
2022-07-17,41.4,40.9,Neutral,43.7,37,36.4,73.9,33,11.6
2022-07-18,43.8,42.5,Neutral,46,41,34.9,76.3,32.9,11.2
2022-07-19,43.9,42.6,Neutral,45.5,40.4,37.7,74.2,32.9,11.7
2022-07-20,43.5,42.3,Neutral,45.1,39.8,37.6,74.1,33.3,12.1
2022-07-21,44.4,42.9,Neutral,45.7,40.7,38.1,75,33.2,12.5
2022-07-22,43.7,42.5,Neutral,45.1,40,37.6,74.9,33.2,12.7
2022-07-23,43.8,42.5,Neutral,45.2,40.3,37,75.5,33.1,12.7
2022-07-24,44.4,42.9,Neutral,45.8,41.1,36.8,76.4,33.1,12.7
2022-07-25,42.2,41.5,Neutral,44.1,38.2,36.5,74.8,33,12.5
2022-07-26,41.8,41.2,Neutral,44,38.1,35.4,75,32.9,11.5
2022-07-27,44.6,43.1,Neutral,46.1,41.9,35.8,76.8,32.9,12.4
2022-07-28,45.8,43.9,Neutral,47,43,36.5,77.3,33.3,13.6
2022-07-29,46.1,44.1,Neutral,46.9,43,37.6,77.3,33.2,14.4
2022-07-30,46.1,44.1,Neutral,46.6,42.6,38.6,77,33.2,14.4
2022-07-31,45.6,43.7,Neutral,46.4,42.4,37.3,77.1,33.1,14.4
2022-08-01,45,43.3,Neutral,45.8,41.6,32.5,89.2,33.1,8.4
2022-08-02,44.6,43.1,Neutral,45.6,41.4,31.9,89.8,33,7.6
2022-08-03,45.1,43.4,Neutral,45.9,41.8,32.5,89.7,33,8.9
2022-08-04,44.6,43.1,Neutral,45.5,41.3,31.5,89.9,33.3,9.6
2022-08-05,46.4,44.3,Neutral,47.1,43.6,31.5,91.5,33.2,9.9
2022-08-06,45.7,43.8,Neutral,46.4,42.8,31.3,91,33.2,9.9
2022-08-07,45.7,43.8,Neutral,46.5,43.1,30.9,90.9,33.1,10
2022-08-08,46.8,44.5,Neutral,47.7,44.6,30.6,91.5,33.1,9.8
2022-08-09,46.2,44.2,Neutral,46.4,42.9,33.3,90.9,33,9.2
2022-08-10,47.8,45.2,Neutral,48.2,46.2,30.4,92.7,33,11.6
2022-08-11,48.4,45.6,Neutral,48.1,46,32.5,92.9,32.9,11.3
2022-08-12,49.6,46.4,Neutral,48.9,47.7,32.8,93.4,33.3,11.7
2022-08-13,50.1,46.7,Caution,49.2,48.2,33.4,93.6,33.2,11.7
2022-08-14,49.3,46.2,Neutral,48.6,47.1,33.4,93.1,33.2,11.7
2022-08-15,48.5,45.7,Neutral,48.1,46,33,92.9,33.1,11.2
2022-08-16,48.5,45.6,Neutral,48.1,46.1,32.7,92.8,33.1,11.4
2022-08-17,47.5,45,Neutral,47.6,45.1,31.6,92.8,33,11.2
2022-08-18,47.2,44.8,Neutral,47.9,45.9,28.9,93,33,11.4
2022-08-19,44,42.7,Neutral,45,41,29.4,92.3,32.9,10.2
2022-08-20,43.2,42.1,Neutral,44.4,40.6,28.4,91.2,33.3,10.2
2022-08-21,43.5,42.4,Neutral,45.1,41.3,27.6,91.5,33.2,10.2
2022-08-22,43.7,42.5,Neutral,45.3,41.6,28.1,91.8,33.2,7.1
2022-08-23,44.2,42.8,Neutral,45.7,42.6,27.7,92.4,33.1,7.2
2022-08-24,43.7,42.4,Neutral,45.5,42,26.8,92.4,33.1,8
2022-08-25,44.3,42.9,Neutral,46,43,26.6,92.6,33,8.8
2022-08-26,41.1,40.8,Neutral,43.3,38.7,26.9,91,33,6.3
2022-08-27,41,40.7,Neutral,43.1,38.3,27.1,90.9,33.3,6.3
2022-08-28,40.1,40.1,Neutral,42.5,37.1,26.9,90.1,33.2,6.3
2022-08-29,41.7,41.2,Neutral,44,40.3,25.6,91.9,33.2,5.7
2022-08-30,41.5,41,Neutral,43.5,39.6,26.3,92,33.1,5.6
2022-08-31,41.7,41.1,Neutral,44,40.4,24.9,92.3,33.1,5.9
2022-09-01,41.1,40.7,Neutral,44.5,41.2,23.8,87.7,33,4.5
2022-09-02,41.5,41,Neutral,44.4,41.2,25.4,87.7,33,4.8
2022-09-03,40.7,40.5,Neutral,44.1,40.7,23.8,87.5,32.9,4.8
2022-09-04,41,40.7,Neutral,44.5,41.3,23.4,87.6,33.3,4.8
2022-09-05,41.9,41.3,Neutral,45.1,42.1,24.3,88.4,33.2,4.4
2022-09-06,40.8,40.5,Neutral,44,40.6,24,88.7,33.2,4
2022-09-07,42.6,41.7,Neutral,45.4,43,24.5,88.9,33.1,5.3
2022-09-08,42.2,41.4,Neutral,45.3,42.9,23.1,88.9,33.1,5.9
2022-09-09,43.5,42.4,Neutral,46.5,45,23.8,88,33,6.5
2022-09-10,44.9,43.3,Neutral,47.1,46.3,25.5,88.4,33,6.5
2022-09-11,44.5,43,Neutral,47,46,24.9,88.1,32.9,6.5
2022-09-12,43.1,42.1,Neutral,46,44.3,24.6,86.5,33.3,6.1
2022-09-13,41.1,40.7,Neutral,43.6,40.4,26.7,87.1,33.2,3.4
2022-09-14,42.4,41.6,Neutral,45.2,43,24.9,88.1,33.2,3.9
2022-09-15,39.6,39.6,Neutral,42.7,38.7,25.2,85.7,33.1,3.7
2022-09-16,38.7,38.7,Neutral,42.3,38.2,22.6,84.4,33.1,3.8
2022-09-17,39.2,39.2,Neutral,42.7,39.1,23.4,84.7,33,3.8
2022-09-18,38.1,38.1,Neutral,41.3,36.2,24.9,82.4,33,3.8
2022-09-19,38.1,38.1,Neutral,41.6,36.9,23,83.1,32.9,4
2022-09-20,37.6,37.6,Neutral,40.9,35.6,23.7,82.9,32.5,3.4
2022-09-21,36.8,36.8,Neutral,40.3,33.7,23.7,81.6,32.4,2.5
2022-09-22,37.8,37.8,Neutral,41.2,36.6,23.4,82,32.4,3.2
2022-09-23,37.5,37.5,Neutral,41.1,36.3,22.6,82.3,32.3,1.8
2022-09-24,37.7,37.7,Neutral,40.9,36,24,82.7,32.3,1.9
2022-09-25,37.4,37.4,Neutral,40.7,35.3,24,82.3,32.2,1.9
2022-09-26,37.9,37.9,Neutral,41.4,37.3,23,82.6,32.2,1.4
2022-09-27,37.9,37.9,Neutral,41.4,37.4,22.6,82.6,32.1,1.5
2022-09-28,38,38,Neutral,41.5,37.7,22.6,82.2,32.1,2.1
2022-09-29,37.9,37.9,Neutral,41.4,37.4,23.4,81.7,32,1.6
2022-09-30,37.7,37.7,Neutral,41.2,37.2,23,81.8,31.6,1.7
2022-10-01,36.6,36.6,Neutral,41,36.7,21.8,75.8,31.5,1.7
2022-10-02,36.4,36.4,Neutral,40.5,35.6,23.2,75.4,31.5,1.7
2022-10-03,37.3,37.3,Neutral,41.3,37.7,23.2,75.5,31.4,2
2022-10-04,37.2,37.2,Neutral,41.6,38.2,21.7,75.3,31.4,2.3
2022-10-05,37.4,37.4,Neutral,41.4,37.9,23.6,75.4,31.4,2.7
2022-10-06,37.5,37.5,Neutral,41.3,37.9,23.9,75.7,31.3,2
2022-10-07,37.2,37.2,Neutral,41.3,37.9,22.8,75.8,31.3,1.7
2022-10-08,37.1,37.1,Neutral,41,37.4,23.2,75.7,31.2,1.7
2022-10-09,37.1,37.1,Neutral,41.1,37.7,22.5,75.8,31.2,1.7
2022-10-10,36.7,36.7,Neutral,40.7,37,22.5,75.4,30.8,1.4
2022-10-11,36.8,36.8,Neutral,40.8,37.2,23.2,75.3,30.7,1.4
2022-10-12,36.8,36.8,Neutral,41.1,37.8,21.7,75.5,30.7,1.4
2022-10-13,36.6,36.6,Neutral,40.9,37.6,21.7,74.9,30.6,1.4
2022-10-14,37,37,Neutral,40.9,37.7,23.2,75.5,30.6,1.4
2022-10-15,36.7,36.7,Neutral,40.5,36.9,23.2,75.1,30.6,1.4
2022-10-16,37.2,37.2,Neutral,41,38.1,23.2,75.6,30.5,1.4
2022-10-17,37.4,37.4,Neutral,41.5,39.6,21.7,75.7,30.5,1.8
2022-10-18,37.1,37.1,Neutral,41.1,38.4,22.5,75.6,30.4,2
2022-10-19,36.7,36.7,Neutral,40.5,37.2,22.8,75.2,30.4,1.9
2022-10-20,36.8,36.8,Neutral,40.6,37.6,22.9,75.2,29.9,2.5
2022-10-21,37.1,37.1,Neutral,40.9,38.1,22.8,75.6,29.9,2.9
2022-10-22,37.2,37.2,Neutral,41.1,39,21.7,75.9,29.9,2.9
2022-10-23,38.1,38.1,Neutral,41.7,40.7,23,76.7,29.8,2.9
2022-10-24,37.5,37.5,Neutral,41.2,39.4,22.7,76.6,29.8,2.9
2022-10-25,39.1,39.1,Neutral,42.9,43.3,22,78.4,29.7,3.4
2022-10-26,41.6,41.1,Neutral,44.4,45.5,26.1,79.8,29.7,4.3
2022-10-27,40.3,40.2,Neutral,43.2,43.6,26,79.4,29.6,4.2
2022-10-28,41.1,40.7,Neutral,43.9,44.8,25.6,79.8,29.6,5
2022-10-29,42.6,41.8,Neutral,44.9,46.7,26.6,80.8,29.6,5
2022-10-30,42,41.3,Neutral,44.5,45.8,26.7,80.5,29.1,5
2022-10-31,41.6,41.1,Neutral,44.3,45.7,26,80.3,29.1,4.5
2022-11-01,42.6,41.7,Neutral,44.4,45.8,31.2,75.6,29.1,4.6
2022-11-02,41.3,40.9,Neutral,43.4,44.1,31.2,74.9,29,4.4
2022-11-03,41.9,41.2,Neutral,43.8,44.9,31.3,75.1,29,4.8
2022-11-04,44.3,42.9,Neutral,45.7,48.6,31.3,75.9,28.9,5.6
2022-11-05,44.4,42.9,Neutral,45.4,48.2,32.8,75.3,28.9,5.6
2022-11-06,43.4,42.3,Neutral,44.5,46.4,33.5,74.6,28.8,5.6
2022-11-07,42.4,41.6,Neutral,43.9,45.4,32.1,75.2,28.8,5.8
2022-11-08,38.2,38.2,Neutral,39.8,37.9,31.7,73,28.8,5.1
2022-11-09,34.5,34.5,Neutral,36.8,28,31.4,71.3,28.4,4.6
2022-11-10,37.4,37.4,Neutral,39.2,36.8,29.3,73.9,28.4,6.4
2022-11-11,37.3,37.3,Neutral,38.6,35.4,30.7,74.9,28.3,7.3
2022-11-12,36.6,36.6,Neutral,38.3,34.3,29.4,74.4,28.3,7.3
2022-11-13,36.3,36.3,Neutral,38,33,30.1,74.4,28.2,7.3
2022-11-14,36.5,36.5,Neutral,38,33.2,31.1,74.5,28.2,6.8
2022-11-15,36.6,36.6,Neutral,38.1,33.9,30.7,74.1,28.2,6.5
2022-11-16,35.9,35.9,Neutral,37.5,31.4,31.5,73.4,28.1,6.7
2022-11-17,35.5,35.5,Neutral,37.3,31.1,30.7,72.8,28.1,6.4
2022-11-18,36.2,36.2,Neutral,37.6,32.1,32.2,73.1,27.7,6.9
2022-11-19,36.4,36.4,Neutral,37.7,32.4,32.6,73.3,27.6,7
2022-11-20,35.1,35.1,Neutral,36.6,28.6,33.4,71.6,27.6,7
2022-11-21,34.5,34.5,Neutral,36.3,27.3,32.6,71.6,27.6,7.6
2022-11-22,35.4,35.4,Neutral,36.8,29.2,33.3,71.7,27.5,8.6
2022-11-23,36.2,36.2,Neutral,37.2,31.3,33.6,72.4,27.5,9.7
2022-11-24,36.2,36.2,Neutral,37.3,31.4,33.2,73,27.4,9.7
2022-11-25,36.1,36.1,Neutral,37.1,31,33.5,73.1,27.4,9.9
2022-11-26,36.5,36.5,Neutral,37.2,31.3,34.7,73.5,27.4,9.9
2022-11-27,36.6,36.6,Neutral,37,30.7,36.5,73.1,27.3,9.9
2022-11-28,36.3,36.3,Neutral,36.8,29.8,37.5,72.8,26.9,8
2022-11-29,37.5,37.5,Neutral,37.7,33.2,37.2,73.9,26.9,8.3
2022-11-30,39,39,Neutral,38.4,36.5,38.5,74.7,26.8,9.8
2022-12-01,36.9,36.9,Neutral,38,34.9,33.8,67.7,26.8,11.4
2022-12-02,37.4,37.4,Neutral,38.1,35.8,34.3,68.1,26.8,12
2022-12-03,36.4,36.4,Neutral,37.5,32.9,34.9,66.7,26.7,12
2022-12-04,37.2,37.2,Neutral,38,34.9,35.2,67.5,26.7,12
2022-12-05,36.8,36.8,Neutral,37.7,34,35.8,67.1,26.7,10
2022-12-06,37.3,37.3,Neutral,38,35.5,36.1,67.2,26.6,8.4
2022-12-07,36.9,36.9,Neutral,37.6,33.5,37.8,66.5,26.6,8.1
2022-12-08,37.6,37.6,Neutral,38.1,35.9,37.1,67.2,26.2,8.7
2022-12-09,37.2,37.2,Neutral,37.8,34.6,37.8,66.8,26.2,8.2
2022-12-10,37.4,37.4,Neutral,37.8,34.7,38.6,66.9,26.2,8.3
2022-12-11,37.4,37.4,Neutral,37.7,34.5,38.8,66.9,26.1,8.3
2022-12-12,37.7,37.7,Neutral,37.9,35.1,39.5,67.1,26.1,6.4
2022-12-13,38.6,38.6,Neutral,38.4,37.4,39.9,67.2,26.1,8.9
2022-12-14,38.5,38.5,Neutral,38.1,36.3,41.3,66.6,26,10.4
2022-12-15,37.7,37.7,Neutral,37.4,33.7,42,66.2,26,8.1
2022-12-16,36.1,36.1,Neutral,36.4,29.4,42,64.5,26,8.4
2022-12-17,36.6,36.6,Neutral,36.6,30.6,42.1,64.9,25.9,8.5
2022-12-18,36.1,36.1,Neutral,36.5,30.4,41.9,64.8,22.7,8.5
2022-12-19,36.2,36.2,Neutral,36.4,29.7,43.2,65.1,22.7,8.9
2022-12-20,37.3,37.3,Neutral,37.1,32.5,43.6,65.7,22.6,10.1
2022-12-21,37.3,37.3,Neutral,37,32.6,43,65.8,22.6,11.5
2022-12-22,37.3,37.3,Neutral,37,32.5,44,65.8,22.6,9.6
2022-12-23,37.6,37.6,Neutral,37.2,33.2,43.9,66.1,22.5,10.9
2022-12-24,37.8,37.8,Neutral,37.2,33.2,45,65.9,22.5,10.9
2022-12-25,37.8,37.8,Neutral,37.1,33,45.4,65.8,22.5,10.9
2022-12-26,37.9,37.9,Neutral,37.2,33.2,45.4,65.9,22.4,10.9
2022-12-27,37.3,37.3,Neutral,36.7,31.5,45.3,65.9,22.4,10.3
2022-12-28,36.4,36.4,Neutral,36.3,30.2,46.1,65.5,16.4,9.9
2022-12-29,36.7,36.7,Neutral,36.5,30.7,46.6,65.7,16.3,10.6
2022-12-30,36.6,36.6,Neutral,36.4,30.3,47.2,65.7,16.3,10.2
2022-12-31,36.5,36.5,Neutral,36.3,30.1,46.7,65.7,16.3,10.2
2023-01-01,36.5,36.5,Neutral,36.4,30.4,47,64.4,16.3,10.2
2023-01-02,36.7,36.7,Neutral,36.4,30.7,47.4,64.8,16.7,10.3
2023-01-03,36.8,36.8,Neutral,36.5,30.9,47.2,64.8,17.5,8.7
2023-01-04,38.5,38.5,Neutral,37.5,34.7,48.3,66,18.3,9.9
2023-01-05,38,38,Neutral,37.1,33.1,48.4,65.8,19.1,9
2023-01-06,38.7,38.7,Neutral,37.6,35.1,47.4,66.2,19.7,11
2023-01-07,38.5,38.5,Neutral,37.5,34.7,47.2,66,20.3,11
2023-01-08,39.2,39.2,Neutral,37.8,36.2,47.2,66.4,21.3,11.1
2023-01-09,39.3,39.3,Neutral,37.8,36.4,47.3,67.1,21.8,10.5
2023-01-10,39.7,39.7,Neutral,37.9,37,47.7,67,22.4,12.2
2023-01-11,40.9,40.6,Neutral,38.7,39.2,47.7,67.5,23.3,11.6
2023-01-12,41.9,41.2,Neutral,39,39.9,49.2,66.2,23.9,14.1
2023-01-13,42.3,41.6,Neutral,39.5,40.6,49.4,64.7,24.6,14.8
2023-01-14,45.3,43.5,Neutral,40.7,43.8,52.8,65.4,25.3,14.8
2023-01-15,45.7,43.8,Neutral,40.7,43.9,53.7,65.7,25.9,14.8
2023-01-16,45.9,43.9,Neutral,40.9,44.5,52.9,65.8,26.6,13.6
2023-01-17,46,44,Neutral,40.8,44.1,53.7,65.5,27.2,13.9
2023-01-18,44.8,43.2,Neutral,40,42,54,64.8,27.7,12.9
2023-01-19,45.6,43.7,Neutral,40.6,43.7,53.1,65.1,28.5,12.5
2023-01-20,47.9,45.3,Neutral,42.5,46.8,54,64.8,29.1,13.4
2023-01-21,47.5,45,Neutral,42,46,54.4,63.6,29.9,13.4
2023-01-22,47.6,45,Neutral,42,45.9,54.4,63.7,30.4,13.4
2023-01-23,47.1,44.8,Neutral,41.7,45.5,54,63.3,30.9,13.4
2023-01-24,45.6,43.8,Neutral,40.3,42.9,54.4,61.9,31.7,14.2
2023-01-25,46.8,44.6,Neutral,41.1,44.7,54.3,62.5,32.2,14.4
2023-01-26,46.5,44.4,Neutral,40.6,43.8,54.8,62.3,32.7,14.8
2023-01-27,47.6,45.1,Neutral,40.6,43.6,55.1,62.1,40.4,15.2
2023-01-28,46.9,44.6,Neutral,40.2,42.5,54.6,61.4,40.9,15.2
2023-01-29,48.7,45.8,Neutral,41.3,45.1,55.2,62.1,41.7,15.2
2023-01-30,47.2,44.8,Neutral,40,42.3,55.9,61.7,42.1,13.4
2023-01-31,49.6,46.4,Neutral,40.5,43.4,54.7,61.6,55.9,14
2023-02-01,50.9,47.3,Caution,41.5,45.3,52.5,65.9,55.8,15.9
2023-02-02,50.6,47.1,Caution,41.1,44.7,53,66.3,55.8,15.2
2023-02-03,51.5,47.6,Caution,41.8,45.8,53.1,67.2,55.8,14.5
2023-02-04,51.6,47.7,Caution,41.9,45.9,53,67.5,55.8,14.6
2023-02-05,50.7,47.1,Caution,41.1,44.6,53.1,67.2,55.7,14.6
2023-02-06,50.9,47.3,Caution,41.5,45.3,52.9,67.1,55.7,12.7
2023-02-07,52.2,48.1,Caution,42.6,47.2,52.6,67.7,55.7,13.8
2023-02-08,51.6,47.8,Caution,41.9,46.2,53.4,67.7,55.7,12.7
2023-02-09,49.1,46.1,Neutral,40.1,42.5,52.9,67,55.6,11.7
2023-02-10,48,45.4,Neutral,39.6,41.4,51.8,66.2,55.6,12
2023-02-11,48.6,45.7,Neutral,39.9,42.1,52.1,66.5,55.6,12.1
2023-02-12,48.2,45.4,Neutral,39.6,41.4,52.3,66,55.5,12.1
2023-02-13,47.9,45.3,Neutral,39.5,41.3,52,65.7,55.5,12.2
2023-02-14,49,46,Neutral,40.1,42.5,52.5,66.4,55.5,13.6
2023-02-15,51.6,47.7,Caution,42.2,46.6,53,65.5,55.5,14.2
2023-02-16,51.5,47.7,Caution,41.8,46.1,54.2,66.1,55.4,12.1
2023-02-17,52.7,48.5,Caution,43,48,54.2,65.6,55.4,12.1
2023-02-18,52.6,48.4,Caution,42.9,47.9,54.2,65.3,55.4,12.1
2023-02-19,52.4,48.2,Caution,42.7,47.6,54.2,65.7,55.4,12.1
2023-02-20,52.6,48.4,Caution,43.1,48.2,54.2,65.2,55.3,10.9
2023-02-21,51.4,47.6,Caution,42.1,46.6,54.4,64.8,55.3,9.3
2023-02-22,51.3,47.6,Caution,42,46.4,54.3,64.8,55.3,9.8
2023-02-23,51.9,47.9,Caution,42.3,47.1,54.1,65.6,55.2,10.7
2023-02-24,50.7,47.1,Caution,41.5,45.4,53.6,65.8,55.2,9.7
2023-02-25,50.3,46.8,Caution,41.3,44.9,53.4,65.5,55.2,9.7
2023-02-26,51.4,47.6,Caution,42.1,46.8,53.4,66.1,55.2,9.7
2023-02-27,51.6,47.7,Caution,42.3,47.1,53.2,65.9,55.1,10.8
2023-02-28,51.1,47.4,Caution,41.7,45.9,53.8,65.8,55.1,11.1
2023-03-01,52.2,48.2,Caution,42.9,48.1,57.9,55.9,55.1,11.6
2023-03-02,51.9,47.9,Caution,42.4,47.5,58.1,55.7,55.1,12.5
2023-03-03,50.1,46.7,Caution,40.9,44.4,57.9,55.7,55,13.9
2023-03-04,50,46.7,Caution,40.8,44.2,58,55.7,55,13.9
2023-03-05,49.8,46.5,Neutral,40.7,44.1,57.6,55.4,55,13.9
2023-03-06,49.7,46.4,Neutral,40.6,43.9,57.8,55.4,55,14
2023-03-07,49.7,46.5,Neutral,40.6,43.9,58.1,55.8,54.9,12.2
2023-03-08,49.9,46.6,Neutral,40.7,44.1,58.2,56,54.9,12.7
2023-03-09,47.2,44.8,Neutral,38.9,40.4,57.4,56,54.9,8.9
2023-03-10,46.3,44.2,Neutral,38.8,40.3,55.2,56.2,54.9,7.3
2023-03-11,47.5,45,Neutral,39.6,42,55.1,57.1,54.8,7.3
2023-03-12,50.2,46.8,Caution,42,46.7,55.1,56.9,54.8,7.4
2023-03-13,52.7,48.5,Caution,43.4,49.4,58.5,55.1,54.8,7.7
2023-03-14,53.4,48.9,Caution,43.6,49.8,59.8,54.7,54.8,9.2
2023-03-15,51.7,47.8,Caution,42.7,48.1,58.7,53.9,54.7,7.3
2023-03-16,52.7,48.4,Caution,43.4,49.3,59.2,53.3,54.7,9.3
2023-03-17,54.1,49.4,Caution,44.6,52.1,59.1,52.7,54.7,8.2
2023-03-18,54.9,49.9,Caution,44.3,51.2,60.9,52.7,59.9,8.2
2023-03-19,55.2,50.1,Caution,44.5,51.8,60.9,52.4,59.9,8.2
2023-03-20,54.4,49.6,Caution,43.8,50.2,61.2,52.1,59.8,9.4
2023-03-21,55.7,50.5,Caution,44.6,52,61.4,52.5,59.8,11.6
2023-03-22,54.5,49.7,Caution,43.8,50.3,60.9,52.4,59.8,11.1
2023-03-23,55.6,50.4,Caution,44.7,52.3,60.5,52.5,59.7,11.9
2023-03-24,54.8,49.8,Caution,44,50.6,60.9,52.4,59.7,12.3
2023-03-25,54.7,49.8,Caution,43.8,50.2,61.3,52.4,59.7,12.3
2023-03-26,55.2,50.2,Caution,44.2,51.2,61.4,52.4,59.7,12.3
2023-03-27,54.4,49.6,Caution,43.5,49.6,61.4,52.3,59.6,13.6
2023-03-28,55.3,50.2,Caution,44.2,51.3,60.9,52.7,59.6,14.5
2023-03-29,55.4,50.3,Caution,44.3,51.4,60.9,52.3,59.6,15.2
2023-03-30,55.6,50.4,Caution,44.4,51.6,61.1,52.5,59.5,15.4
2023-03-31,56.1,50.8,Caution,44.6,52.2,61.6,52.5,59.5,15.8
2023-04-01,54.6,49.8,Caution,44.6,52.1,60.9,44.4,59.5,15.8
2023-04-02,54.2,49.5,Caution,44.2,51.2,61.2,44.2,59.4,15.8
2023-04-03,54.9,49.9,Caution,44.7,52.3,61.2,44.6,59.4,16.3
2023-04-04,55.3,50.2,Caution,45,53,61.1,44.9,59.4,15.9
2023-04-05,56,50.7,Caution,45.6,54,61.1,45.7,59.3,15.7
2023-04-06,55.6,50.4,Caution,45.2,53.4,61.2,45.2,59.3,16.5
2023-04-07,55.7,50.5,Caution,45.2,53.4,61.4,45.2,59.3,16.3
2023-04-08,55.3,50.2,Caution,45,53,61,44.9,59.3,16.3
2023-04-09,55.4,50.2,Caution,45.1,53.2,61.1,44.7,59.2,16.3
2023-04-10,56.1,50.7,Caution,45.8,54.5,61.3,44.5,59.2,15.1
2023-04-11,56,50.7,Caution,45.6,54.1,61.9,43.8,59.2,15.1
2023-04-12,56.4,50.9,Caution,45.9,54.8,61.6,44.4,59.1,15.8
2023-04-13,57.9,52,Caution,46.9,56.4,61.2,44.9,61.8,18
2023-04-14,60.3,53.5,Caution,47.5,57.4,62,46.7,69.2,18.3
2023-04-15,61.5,54.4,Caution,47.4,57.2,62,46.8,78.5,18.3
2023-04-16,63.3,55.3,Caution,47.8,57.7,62,47.4,84.9,18.3
2023-04-17,63.4,55.4,Caution,47.5,57.3,62.1,47.9,86.8,18.1
2023-04-18,63.7,55.5,Caution,47.9,57.8,61,46.9,88.7,18.3
2023-04-19,60.8,53.9,Caution,45.6,54,61.6,45.4,89.2,18.5
2023-04-20,60.8,53.9,Caution,45.9,54.5,60,46.6,89.4,17.9
2023-04-21,58.7,52.5,Caution,44.4,51.2,59.6,45.8,89.5,18.2
2023-04-22,59.3,52.9,Caution,44.7,52,60.3,45.5,89.6,18.2
2023-04-23,59.2,52.8,Caution,44.5,51.4,60.9,45.6,89.8,18.2
2023-04-24,58.9,52.6,Caution,44.4,51.2,60.3,45.3,89.9,18.2
2023-04-25,59.1,52.8,Caution,44.7,52,60.4,44.8,90.1,16.1
2023-04-26,59.7,53.2,Caution,45.1,52.6,61,44.7,90.2,16.3
2023-04-27,60.7,53.8,Caution,45.7,54,61.4,44.4,90.1,18
2023-04-28,60.6,53.8,Caution,45.3,53.3,62,44.4,90,20
2023-04-29,60.9,53.9,Caution,45.5,53.7,62.1,44.6,89.9,20
2023-04-30,60,53.3,Caution,45,52.5,61.5,44.3,89.7,20
2023-05-01,58.3,52.2,Caution,44.4,51.1,58.4,44.6,89.6,19.7
2023-05-02,58.5,52.4,Caution,45.1,52.5,57.3,44.6,89.4,17.3
2023-05-03,59.2,52.8,Caution,45.3,53.1,58.6,44.7,89.2,17.4
2023-05-04,58.7,52.5,Caution,45,52.3,58.6,44.5,89.1,15.9
2023-05-05,60.7,53.8,Caution,46.3,55.4,58.2,45.7,89,19.3
2023-05-06,58.9,52.6,Caution,45.1,52.5,58.1,44.7,88.8,19.3
2023-05-07,58.4,52.3,Caution,44.6,51.3,58.7,44.8,88.7,19.3
2023-05-08,57.4,51.6,Caution,43.9,49.9,58.1,45.2,88.5,19.6
2023-05-09,56.7,51.2,Caution,43.7,49.6,56.7,45.3,88.4,18.5
2023-05-10,56.8,51.2,Caution,43.7,49.5,57,45.2,88.2,19.7
2023-05-11,55.8,50.5,Caution,42.9,48,57,45.1,88.1,19.2
2023-05-12,56.2,50.8,Caution,43.4,48.9,56.4,45.7,88,18.5
2023-05-13,55.9,50.6,Caution,43.2,48.5,56.3,45.4,87.8,18.5
2023-05-14,56,50.6,Caution,43.3,48.7,56.3,45.3,87.7,18.5
2023-05-15,56.6,51.1,Caution,43.8,49.6,56.7,45.3,87.6,18.8
2023-05-16,56.6,51.1,Caution,43.6,49.3,57.5,45.7,87.4,17.5
2023-05-17,56.6,51,Caution,43.8,49.7,56.7,45,87.3,18.4
2023-05-18,56.3,50.9,Caution,43.4,48.9,57,45.5,87.2,19.2
2023-05-19,56.5,51,Caution,43.7,49.5,56.4,45.7,87.1,18.1
2023-05-20,56.6,51.1,Caution,43.9,49.9,56.4,45.5,86.8,18.1
2023-05-21,56.4,50.9,Caution,43.5,49.1,57.2,45.8,86.7,18.2
2023-05-22,56.3,50.9,Caution,43.6,49.3,56.7,45.9,86.6,17.4
2023-05-23,56.4,50.9,Caution,44.3,50.7,56.9,46.2,81.6,15.8
2023-05-24,55.1,50.1,Caution,43.4,48.9,56.9,46.4,81.4,13.6
2023-05-25,55.9,50.6,Caution,43.9,50.1,57.2,46.3,81.3,14.1
2023-05-26,56.6,51.1,Caution,44.6,51.2,56.8,46.5,81.2,15.4
2023-05-27,56.5,51,Caution,44.6,51.3,56.6,46.2,81.1,15.4
2023-05-28,58.2,52.2,Caution,45.7,54.2,57,46.1,81,15.5
2023-05-29,58,52,Caution,45.4,53.4,57.5,46.3,80.9,16
2023-05-30,58.1,52,Caution,45.5,53.5,57.3,46.7,80.7,15.9
2023-05-31,57.4,51.6,Caution,45.1,52.5,57.4,46.9,80.6,15.1
2023-06-01,58.4,52.3,Caution,44.9,52.1,58.9,49.4,80.5,19.8
2023-06-02,58.9,52.6,Caution,45.4,53,58.4,49.8,80.4,21
2023-06-03,58.7,52.4,Caution,45,52.2,59.1,49.7,80.2,21
2023-06-04,58.5,52.3,Caution,45,52.1,58.9,49.6,80.1,21
2023-06-05,56.6,51.1,Caution,43.5,48.6,59.2,50.1,80,20.9
2023-06-06,57.6,51.7,Caution,44.7,51.2,57.6,49.1,79.9,21.7
2023-06-07,56.5,51,Caution,43.4,48.4,59.2,49.5,79.8,22
2023-06-08,56.7,51.2,Caution,43.7,49.1,58.5,49.5,79.8,22.5
2023-06-09,56.2,50.8,Caution,43.3,48.2,58.6,49.4,79.6,22.2
2023-06-10,54.1,49.4,Caution,41.8,45.2,58.4,47.9,79.5,22.2
2023-06-11,53.9,49.3,Caution,41.8,45.2,58.1,47.7,79.4,22.2
2023-06-12,53.3,48.9,Caution,41.5,44.5,58.1,47.5,79.3,20.5
2023-06-13,53.2,48.8,Caution,41.4,44.2,58,47.3,79.1,21.8
2023-06-14,51.2,47.5,Caution,39.8,40.8,58.1,46.5,79,22.9
2023-06-15,50.9,47.3,Caution,39.9,41,57,46.3,78.9,22.4
2023-06-16,52,48,Caution,40.5,42,58.2,46.4,78.8,23.7
2023-06-17,52.2,48.1,Caution,40.6,42.3,58.3,46.3,78.6,23.7
2023-06-18,52.1,48.1,Caution,40.5,42,58.6,46.4,78.5,23.7
2023-06-19,52.3,48.2,Caution,40.8,42.7,58.3,46.2,78.5,22.7
2023-06-20,53.6,49.1,Caution,41.7,45.1,58.7,45.8,78.4,22.7
2023-06-21,56.6,51,Caution,43.7,48.9,60.6,45.7,78.3,24.3
2023-06-22,56.3,50.9,Caution,43.3,48,61.4,45.5,78.2,24.7
2023-06-23,56.9,51.3,Caution,43.9,49.3,61.4,45.2,78,23.3
2023-06-24,56.3,50.9,Caution,43.5,48.4,61.1,45.2,77.9,23.3
2023-06-25,57,51.3,Caution,44,49.4,61.3,45.4,77.8,23.3
2023-06-26,55.9,50.6,Caution,43.6,48.5,60.1,45.2,77.7,22.2
2023-06-27,57,51.4,Caution,44.3,50,60.7,45.2,77.6,23
2023-06-28,55.5,50.3,Caution,42.9,47.2,61.2,45,77.5,23.1
2023-06-29,56.2,50.8,Caution,43.9,49,60,45,77.4,22.5
2023-06-30,58.1,52.1,Caution,45.2,52,60.4,45.9,77.3,22.6
2023-07-01,59,52.6,Caution,45.1,51.4,59.5,55.3,77.1,22.6
2023-07-02,59.5,53,Caution,45.2,52,60.2,55.4,77,22.6
2023-07-03,59.6,53,Caution,45.3,52.3,60.1,55.2,76.9,22.9
2023-07-04,59,52.6,Caution,45,51,60.4,55.3,76.8,22.7
2023-07-05,58,52,Caution,44.3,49.9,60,55.1,76.6,21.8
2023-07-06,56.2,50.8,Caution,43.2,47.4,59.4,54.8,76.5,19.7
2023-07-07,57.1,51.4,Caution,44,48.7,59.3,54.8,76.3,21.6
2023-07-08,57.1,51.4,Caution,43.8,48.4,59.9,54.8,76.1,21.6
2023-07-09,56.8,51.2,Caution,43.8,48.1,59.4,54.9,76,21.6
2023-07-10,56.8,51.2,Caution,43.8,48.1,59.7,54.9,75.9,21.5
2023-07-11,56.9,51.3,Caution,43.8,48,60,54.6,75.7,21.9
2023-07-12,57.1,51.4,Caution,43.4,47.5,61,54.8,75.6,25
2023-07-13,59.5,53,Caution,45.3,52,60.2,55.6,75.4,25.4
2023-07-14,57.3,51.6,Caution,43.7,47.8,60.5,55.7,75.3,26.2
2023-07-15,57,51.3,Caution,43.5,47.4,60,55.6,75.2,26.2
2023-07-16,56.8,51.2,Caution,43.3,47,60.4,55.5,75,26.2
2023-07-17,56.5,51,Caution,43.3,47,59.7,55.4,74.8,25.6
2023-07-18,56.5,51,Caution,43.1,46.7,60.3,55.5,74.7,26.2
2023-07-19,55.7,50.5,Caution,42.9,46.4,59,55.4,74.5,24.4
2023-07-20,56.4,51,Caution,43.3,46.8,60.4,55.5,74.4,24
2023-07-21,55.9,50.6,Caution,43.2,46.7,59.1,55.4,74.3,24.3
2023-07-22,55.4,50.3,Caution,42.6,45.8,59.7,55.1,74.1,24.3
2023-07-23,56.1,50.7,Caution,43,46.5,60.2,55.2,74,24.3
2023-07-24,55.5,50.4,Caution,42.4,45.6,60.5,55.4,73.8,23.9
2023-07-25,54.5,49.6,Caution,42.5,45.8,59.4,55.5,68,23.9
2023-07-26,54.6,49.8,Caution,42.5,45.7,59.8,55.7,67.9,25.5
2023-07-27,54.4,49.6,Caution,42.4,45.6,59.8,55.6,67.7,23.4
2023-07-28,55.3,50.2,Caution,43.1,46.5,60.1,55.7,67.6,25.3
2023-07-29,55.4,50.3,Caution,43.3,46.7,60.2,55.8,67.5,25.3
2023-07-30,54.8,49.9,Caution,42.7,45.9,60.2,55.5,67.3,25.3
2023-07-31,54.8,49.8,Caution,42.9,46.1,59.8,55.4,67.2,24.5
2023-08-01,52.7,48.4,Caution,42.9,46.1,57.7,46.3,67.1,23.4
2023-08-02,52.2,48.1,Caution,42.7,45.9,57.7,46.3,66.9,20
2023-08-03,52.6,48.4,Caution,43.3,46.5,57.5,46.1,66.8,20.2
2023-08-04,52.3,48.2,Caution,42.8,46,58.1,46.1,66.7,19
2023-08-05,52.3,48.2,Caution,43.1,46.2,57.2,46.3,66.6,19.1
2023-08-06,51.9,47.9,Caution,42.7,45.8,57,46.2,66.5,19.1
2023-08-07,51.8,47.9,Caution,42.6,45.6,57.1,45.9,66.3,21.3
2023-08-08,53.1,48.7,Caution,43.6,47,58.4,45.9,66.2,19.8
2023-08-09,53,48.7,Caution,43.8,47.4,57.5,46.1,66.1,19.7
2023-08-10,53.2,48.8,Caution,43.7,47.2,58.3,46.2,66,20.8
2023-08-11,53.2,48.8,Caution,43.7,47.3,57.9,46.1,65.8,21.4
2023-08-12,53.4,48.9,Caution,43.7,47.3,58.7,46.2,65.7,21.4
2023-08-13,53,48.7,Caution,43.5,46.7,58.8,46.1,65.6,21.4
2023-08-14,53,48.6,Caution,43.7,47.1,57.8,46,65.4,20.8
2023-08-15,52.5,48.3,Caution,43.3,46.3,58.6,45.9,65.3,18.5
2023-08-16,52,48,Caution,42.8,45.6,58.4,46.2,65.2,18
2023-08-17,48.8,45.9,Neutral,40.3,40.9,58,46.4,65,16.7
2023-08-18,47.7,45.1,Neutral,39.9,40.3,55.2,46.8,64.9,17.5
2023-08-19,48,45.4,Neutral,40,40.6,55.8,46.9,64.8,17.5
2023-08-20,48.3,45.5,Neutral,40.3,41.2,55.4,47,64.7,17.5
2023-08-21,47.8,45.2,Neutral,39.9,40.3,55.7,46.8,64.6,17.8
2023-08-22,47,44.7,Neutral,39.3,39.3,55.5,46,64.4,18
2023-08-23,48,45.3,Neutral,40.1,40.6,55.6,46.6,64.3,19.2
2023-08-24,47.5,45,Neutral,39.5,39.5,56.8,46.5,64.2,17.2
2023-08-25,47.6,45.1,Neutral,39.6,39.7,56.2,46.5,64.1,19.2
2023-08-26,47.4,44.9,Neutral,39.5,39.5,55.9,46.4,64,19.2
2023-08-27,47.6,45.1,Neutral,39.7,39.9,56,46.6,63.9,19.2
2023-08-28,47.6,45,Neutral,39.5,39.6,56.4,46.4,63.7,20.2
2023-08-29,49.4,46.2,Neutral,40.8,42.8,56.4,45.8,63.6,21.6
2023-08-30,49.1,46.1,Neutral,40.2,41.1,58.6,45.8,63.5,22.5
2023-08-31,48.2,45.5,Neutral,39.1,39,59.3,46.6,63.4,22.9
2023-09-01,48.8,45.8,Neutral,38.7,38.3,56.5,57.7,63.3,25
2023-09-02,48.8,45.9,Neutral,38.8,38.7,56.2,57.7,63.1,25.1
2023-09-03,48.9,45.9,Neutral,38.8,38.6,56.6,57.6,63.1,25.1
2023-09-04,48.8,45.9,Neutral,38.8,38.7,56.6,57.6,63,23.3
2023-09-05,48.9,45.9,Neutral,38.9,38.8,56.7,57.8,62.8,22.8
2023-09-06,49.3,46.2,Neutral,39.2,39.4,57.4,57.8,62.7,21.7
2023-09-07,49.4,46.3,Neutral,39.5,39.8,57,57.3,62.6,22.1
2023-09-08,49.6,46.4,Neutral,39.2,39.5,58.2,57.6,62.5,22.5
2023-09-09,48.6,45.7,Neutral,39.2,39.4,57.2,57.6,58.1,22.5
2023-09-10,48,45.3,Neutral,38.8,38.8,56.9,57.1,58,22.5
2023-09-11,46.5,44.3,Neutral,37.3,36.4,56.9,56.7,57.9,23.2
2023-09-12,46.5,44.4,Neutral,38,37.6,55,56.7,57.8,22.3
2023-09-13,47.7,45.1,Neutral,38.3,38.1,57.3,56.5,57.7,23.9
2023-09-14,48.5,45.6,Neutral,38.8,38.7,58.3,56.5,57.6,25.3
2023-09-15,48.6,45.8,Neutral,39,39.3,58.4,56.7,57.4,23.2
2023-09-16,48.3,45.5,Neutral,38.8,38.9,58,56.6,57.4,23.2
2023-09-17,48.1,45.4,Neutral,38.5,38.4,58.6,56.5,57.3,23.2
2023-09-18,48.3,45.6,Neutral,38.8,38.8,58.6,56.4,57.2,22.6
2023-09-19,48.5,45.7,Neutral,38.9,39.2,58.7,56.2,57.1,22.6
2023-09-20,47.7,45.1,Neutral,38.2,38.1,58.9,56.1,56.9,20.7
2023-09-21,46.7,44.5,Neutral,37.6,36.9,58.9,56,56.9,17.6
2023-09-22,47,44.7,Neutral,37.9,37.7,58.4,56.1,56.8,18
2023-09-23,47.2,44.8,Neutral,37.9,37.7,59.1,56.1,56.6,18
2023-09-24,46.6,44.4,Neutral,37.6,37,58.7,56.1,56.5,18
2023-09-25,46.8,44.5,Neutral,37.5,37,59.2,56.2,56.5,18.6
2023-09-26,46.9,44.6,Neutral,37.8,37.5,59.1,56.3,56.3,16
2023-09-27,47.2,44.8,Neutral,38,38,58.9,56.3,56.2,16.6
2023-09-28,49,46,Neutral,39.5,40.5,59.3,56.5,56.1,18.1
2023-09-29,49,46,Neutral,39.4,40.3,59.6,56.8,56.1,18.2
2023-09-30,49,46,Neutral,39.4,40.4,59.6,56.8,56,18.2
2023-10-01,50.2,46.8,Caution,40.5,42.9,65.9,42.4,55.8,18.5
2023-10-02,48.5,45.7,Neutral,39.2,39.9,66.4,41.7,56,17.9
2023-10-03,48.7,45.8,Neutral,39.4,40.5,66.5,41.7,56.3,15.3
2023-10-04,48.9,45.9,Neutral,39.5,40.6,66.4,41.3,56.6,16.9
2023-10-05,47.7,45.2,Neutral,38.6,38.8,66.2,41.3,56.8,16.9
2023-10-06,48.7,45.8,Neutral,39.1,39.8,66.8,41.3,57,18.4
2023-10-07,48.3,45.5,Neutral,38.8,39.2,66.6,41.2,57.3,18.4
2023-10-08,48.4,45.6,Neutral,38.8,39.2,66.9,41.3,57.5,18.5
2023-10-09,47.1,44.7,Neutral,37.4,37.1,67,41,57.9,18.2
2023-10-10,46.6,44.4,Neutral,36.9,36.1,67.1,40.9,58.2,19.5
2023-10-11,46.4,44.3,Neutral,36.7,35.8,66.6,41.2,58.4,20.6
2023-10-12,45.6,43.8,Neutral,36.2,34.7,66.4,41,58.7,19.7
2023-10-13,46.4,44.3,Neutral,37,36.7,66.2,41.1,59,15.5
2023-10-14,46.7,44.5,Neutral,37.1,36.8,66.8,41.1,59.2,15.5
2023-10-15,46.8,44.5,Neutral,37.2,37,66.6,41,59.4,15.6
2023-10-16,48.3,45.5,Neutral,38.2,38.7,67,40.6,59.7,18.7
2023-10-17,47.5,45,Neutral,37.2,37.1,68.2,40.5,59.9,18
2023-10-18,46.9,44.6,Neutral,36.9,36.6,67.8,40.5,60.1,16
2023-10-19,47.4,45,Neutral,37.2,37.3,68.4,40.4,60.4,14
2023-10-20,48.6,45.7,Neutral,38.2,38.9,68.8,40.3,60.7,13.7
2023-10-21,49.8,46.5,Neutral,38.8,39.8,70.5,40.3,60.9,13.7
2023-10-22,50.4,46.9,Caution,39.6,41.6,68.9,40.5,61.1,13.7
2023-10-23,53.1,48.7,Caution,42.1,45.6,69,40.1,61.4,15.6
2023-10-24,54.3,49.5,Caution,42.5,46.1,71.1,40.1,61.6,16.8
2023-10-25,54.2,49.5,Caution,42.4,45.9,71.6,40,61.9,15.4
2023-10-26,55,50,Caution,43.2,47.1,71.5,40.1,62.2,14.8
2023-10-27,54,49.4,Caution,42.3,45.8,71.2,40,62.5,14.4
2023-10-28,53.8,49.2,Caution,42.2,45.6,70.8,40,62.7,14.4
2023-10-29,54.6,49.7,Caution,42.7,46.4,71.4,40,63,14.4
2023-10-30,54.9,49.9,Caution,43,46.9,70.9,40.1,63.1,16.3
2023-10-31,54.9,49.9,Caution,42.9,46.7,70.7,40,63.4,17.8
2023-11-01,58,52,Caution,43.7,48.1,70.6,53.7,63.7,19.9
2023-11-02,56.6,51.1,Caution,42.1,45.4,71.1,53.6,64,22.3
2023-11-03,57.5,51.7,Caution,42.9,46.8,70.4,53.8,64.2,24.3
2023-11-04,58.2,52.1,Caution,43.4,47.6,70.6,53.9,64.6,24.3
2023-11-05,58.9,52.6,Caution,43.9,48.8,70.6,54,64.9,24.3
2023-11-06,58.8,52.5,Caution,43.7,48.1,71.2,54.1,65.2,24.4
2023-11-07,58.4,52.2,Caution,43.5,47.9,70.4,53.9,65.4,24
2023-11-08,58.7,52.5,Caution,43.8,48.6,70.2,53.8,65.7,24
2023-11-09,64.2,55.7,Caution,46.5,57.6,70.3,55,66.2,22.8
2023-11-10,63.5,55.4,Caution,46.3,56.6,70.3,54.4,66.5,24.3
2023-11-11,62.6,55,Caution,46,55.5,70.3,54.3,66.7,24.3
2023-11-12,62.6,55,Caution,45.9,55.2,70.6,54.3,66.9,24.3
2023-11-13,62.7,55.1,Caution,45.9,55.4,70.4,54.5,67.2,23.6
2023-11-14,61.1,54.1,Caution,45,52.4,70,54.4,67.5,25.5
2023-11-15,61.6,54.4,Caution,45.5,54.1,68.8,54.1,67.8,25.6
2023-11-16,60.7,53.8,Caution,44.3,49.9,69.9,54,74.2,25.3
2023-11-17,60.8,53.9,Caution,44.4,50.4,69.1,53.9,74.4,25.9
2023-11-18,60.9,53.9,Caution,44.4,50.4,69.3,53.9,74.7,25.9
2023-11-19,61.8,54.5,Caution,45,52.3,69,53.9,74.8,25.9
2023-11-20,61.9,54.6,Caution,44.9,52.1,69.2,54,74.8,27.5
2023-11-21,59.8,53.2,Caution,43.6,48,69.3,54,74.8,27.7
2023-11-22,62.3,54.9,Caution,45.3,53.4,68.2,54.2,74.7,28.2
2023-11-23,62.5,55,Caution,45.3,53.5,68.7,54.3,74.7,28.3
2023-11-24,63,55.2,Caution,45.5,53.9,68.6,54.2,74.6,29.6
2023-11-25,63.4,55.3,Caution,45.5,53.9,69.3,54.2,74.6,29.6
2023-11-26,62.5,55,Caution,45.2,53,69.2,54.2,74.5,29.6
2023-11-27,61.2,54.1,Caution,44.5,51.2,68.4,54,74.5,29.1
2023-11-28,61.5,54.4,Caution,44.7,51.6,68.5,54,74.4,30.1
2023-11-29,60.8,53.8,Caution,44.2,50,68.9,53.8,74.4,29.5
2023-11-30,61.6,54.4,Caution,44.7,51.6,69.1,54,74.4,29.1
2023-12-01,67.3,56.9,Caution,45.3,53.2,72.7,65.4,74.3,30.6
2023-12-02,69.9,58,Caution,46.1,56,73.1,65.7,74.3,30.6
2023-12-03,70.7,58.3,Distribution,46.3,57.1,72.8,65.7,74.2,30.6
2023-12-04,71.1,58.4,Distribution,46.5,58,72.9,65.2,74.2,28.9
2023-12-05,72.8,59.1,Distribution,47.3,59.8,73.1,64.9,74.1,28.8
2023-12-06,71.3,58.5,Distribution,46.9,58.8,72.4,64.8,74.1,28
2023-12-07,74.2,59.7,Distribution,48.5,61.2,72.3,65.5,74,28.1
2023-12-08,73.9,59.6,Distribution,48.3,61,72.3,65.2,74,29.2
2023-12-09,73.5,59.4,Distribution,47.9,60.6,72.4,65.2,73.9,29.2
2023-12-10,73.7,59.5,Distribution,48.1,60.8,72.5,65.3,73.9,29.2
2023-12-11,70.6,58.3,Distribution,46.5,57.9,72.4,65.3,73.9,28.5
2023-12-12,69.6,57.9,Caution,46.3,57.2,71.4,65.1,73.8,29.6
2023-12-13,71.1,58.4,Distribution,47,59,71.1,65,73.8,29.7
2023-12-14,72.1,58.9,Distribution,47.2,59.5,71.9,65.3,73.7,30.5
2023-12-15,68.5,57.4,Caution,45.9,55.8,71.5,65,73.7,30.3
2023-12-16,68.6,57.4,Caution,46,56,71.2,64.9,73.7,30.3
2023-12-17,67.8,57.1,Caution,45.6,54.7,71.9,65,73.6,30.3
2023-12-18,67.8,57.1,Caution,45.9,55.5,70.8,64.7,73.6,29.8
2023-12-19,67.1,56.8,Caution,45.4,54.1,71.8,64.7,73.5,30.3
2023-12-20,66.9,56.8,Caution,45.4,54.3,72,64.5,73.5,27.6
2023-12-21,67.9,57.2,Caution,45.9,55.7,71.2,64.6,73.4,28.4
2023-12-22,70.8,58.3,Distribution,46.7,58.3,71.9,65,73.4,30.5
2023-12-23,69.8,57.9,Caution,46.5,57.6,71.1,64.9,73.3,30.5
2023-12-24,68.2,57.3,Caution,45.9,55.7,71.2,64.8,73.3,30.5
2023-12-25,68.4,57.3,Caution,45.9,55.8,71.5,64.7,73.2,30.5
2023-12-26,67,56.8,Caution,45.5,54.4,71.1,64.8,73.2,31.2
2023-12-27,71.8,58.7,Distribution,47.2,59.3,71.4,65.6,73.2,32.4
2023-12-28,70.6,58.2,Distribution,46.6,58,71.3,65.7,73.1,32.3
2023-12-29,68.8,57.5,Caution,46.1,56.5,70.2,65.5,73.1,32.9
2023-12-30,68.5,57.4,Caution,46,56,70.5,65.4,73,32.9
2023-12-31,67.8,57.1,Caution,45.8,55.3,70.3,65.3,73,32.9
2024-01-01,71.9,58.8,Distribution,46.8,58.4,73.4,64.8,73,33.4
2024-01-02,72,58.8,Distribution,46.9,58.6,74.1,64.6,73,30.6
2024-01-03,66.9,56.8,Caution,45.2,53.3,73.8,64.4,73.2,27.6
2024-01-04,69.1,57.7,Caution,46,55.9,73.6,64.3,73.3,27.8
2024-01-05,70.1,58,Distribution,46.1,56.4,74,64.3,73.4,30.1
2024-01-06,68.5,57.4,Caution,45.7,54.8,73.6,64.2,73.5,30.1
2024-01-07,68.1,57.2,Caution,45.4,54.2,73.7,64.2,73.7,30.1
2024-01-08,71.9,58.8,Distribution,46.9,58.5,73.7,64,73.8,31.1
2024-01-09,72.7,59.1,Distribution,47,58.8,74.6,64.2,73.9,31.2
2024-01-10,77.9,61.1,Distribution,50.3,63,73.9,65.6,74,31.3
2024-01-11,78.9,61.6,Distribution,50.7,63.4,74.7,65.9,74.1,31.9
2024-01-12,77,60.8,Distribution,49.3,62.1,73.9,66.6,74.3,32.1
2024-01-13,77.7,61.1,Distribution,50,62.8,73.3,66.8,74.4,32.1
2024-01-14,75.5,60.2,Distribution,48.7,61.2,72.9,66.6,74.5,32.1
2024-01-15,75.4,60.2,Distribution,49.1,61.8,71.6,66.6,74.6,30.8
2024-01-16,78.1,61.2,Distribution,50.5,63,73.9,66.8,74.7,28.2
2024-01-17,76.8,60.7,Distribution,49.8,62.5,73.5,66.6,74.8,25.9
2024-01-18,76.4,60.6,Distribution,49.2,61.8,74.2,66.7,74.9,27.2
2024-01-19,75.9,60.4,Distribution,49.3,61.9,72.3,66.7,75.1,29.2
2024-01-20,75.5,60.2,Distribution,49,61.5,72.7,66.6,75.2,29.2
2024-01-21,75.8,60.3,Distribution,48.8,61.2,73.8,66.5,75.3,29.2
2024-01-22,72.2,58.9,Distribution,46.8,57.8,73.8,66.4,75.4,29.4
2024-01-23,69.2,57.7,Caution,45.9,54.9,72.6,65.7,75.5,30.8
2024-01-24,68.4,57.4,Caution,45.7,54.4,72.2,65.6,75.7,30.1
2024-01-25,68.4,57.3,Caution,45.5,53.9,73.2,65.5,75.8,29
2024-01-26,69.7,57.9,Caution,46.2,55.9,72.5,65,75.9,29.5
2024-01-27,70.4,58.2,Distribution,46.2,55.8,74,64.8,76,29.5
2024-01-28,69.8,57.9,Caution,46,55.1,73.9,64.7,76.1,29.6
2024-01-29,72.1,58.8,Distribution,46.9,57.8,74.2,64.6,76.2,28.2
2024-01-30,73.2,59.3,Distribution,47,58.3,75.1,65.1,76.4,29
2024-01-31,70.8,58.3,Distribution,46.3,55.9,75,64.7,76.5,27.3
2024-02-01,71.3,58.5,Distribution,46.7,57.3,77,57,76.7,28.4
2024-02-02,71.1,58.5,Distribution,46.7,57.1,77.1,57,76.8,27.6
2024-02-03,70.5,58.2,Distribution,46.5,56.6,76.7,56.9,77,27.6
2024-02-04,70.2,58.1,Distribution,46.4,56.1,76.8,57.1,77.1,27.6
2024-02-05,71.6,58.7,Distribution,46.8,57.6,76.9,57.2,77.2,27.8
2024-02-06,74.7,59.9,Distribution,48,60,77.6,57.6,77.4,29.7
2024-02-07,75.4,60.2,Distribution,48.4,60.6,77.4,57.5,77.5,30.3
2024-02-08,75.6,60.2,Distribution,48.4,60.5,78.1,56.9,77.7,30.3
2024-02-09,77.5,61,Distribution,49.4,61.9,78.9,56.6,77.8,29.8
2024-02-10,78.1,61.2,Distribution,49.7,62.2,79.4,56.5,78,29.8
2024-02-11,78,61.2,Distribution,49.8,62.2,78.8,56.4,78.1,29.8
2024-02-12,80.8,62.3,Distribution,52,64.3,78.7,56.8,78.2,27.7
2024-02-13,80.6,62.2,Distribution,51.6,63.9,80.2,56.8,78.4,24
2024-02-14,84.2,63.7,Distribution,54.3,66.3,79.6,57,78.5,26.6
2024-02-15,84.6,63.8,Distribution,54.6,66.7,79.2,57.4,78.6,27.1
2024-02-16,84.1,63.6,Distribution,54.1,66.2,79.6,57.1,78.8,26.6
2024-02-17,84.1,63.6,Distribution,53.7,65.9,80.5,57.2,78.9,26.6
2024-02-18,85.2,64.3,Cycle Top,55.2,67,79.7,57.8,79.1,26.6
2024-02-19,85.6,64.8,Cycle Top,56.1,67.6,80.4,58.2,79.1,26
2024-02-20,85.9,65.2,Cycle Top,57.2,68.3,79.7,58.5,79,25.3
2024-02-21,85.7,65,Cycle Top,56.4,67.7,80.8,58.3,79,25.4
2024-02-22,85.7,64.9,Cycle Top,56.4,67.6,80.2,58.5,79,26.1
2024-02-23,85.4,64.6,Cycle Top,55.5,66.9,80.6,58.4,79,27
2024-02-24,85.7,65,Cycle Top,56.6,67.8,79.8,58.6,79,27
2024-02-25,86.4,65.9,Cycle Top,58.3,68.9,80.3,59.2,79,27
2024-02-26,86.5,66.1,Cycle Top,58.9,69.5,79.8,58.6,79,27
2024-02-27,87,66.8,Cycle Top,59.8,70,81.1,58.1,79,28.3
2024-02-28,87.4,67.3,Cycle Top,61.1,71,81.3,57.2,79,27.2
2024-02-29,87.3,67.2,Cycle Top,60.9,70.7,81.2,57.4,79,28
2024-03-01,88.4,68.7,Cycle Top,62.1,71.3,86.6,55.6,78.9,29.9
2024-03-02,87.9,68.1,Cycle Top,61.8,71.2,86.6,55.7,73.4,29.9
2024-03-03,88.2,68.4,Cycle Top,62.6,71.6,86.7,55.7,73.4,29.9
2024-03-04,88.4,68.8,Cycle Top,63.9,72.3,86.6,54.7,73.4,28.7
2024-03-05,88.2,68.5,Cycle Top,63.1,71.8,86.8,55.9,73.4,26.5
2024-03-06,89.2,69.9,Cycle Top,67,73.2,85.7,56.6,73.4,26.9
2024-03-07,89.4,70.1,Cycle Top,67.1,73.2,86.4,56.6,73.4,27.6
2024-03-08,89.1,69.7,Cycle Top,66.1,73.1,86.3,56.3,73.4,27.6
2024-03-09,89.3,70.1,Cycle Top,67.1,73.2,86.5,56.3,73.4,27.6
2024-03-10,88.9,69.5,Cycle Top,65.9,72.9,86.1,56,73.4,27.6
2024-03-11,89.6,70.5,Cycle Top,68.3,73.8,86.3,56.1,73.4,26.4
2024-03-12,89.4,70.2,Cycle Top,67.6,73.4,86.3,55.8,73.3,28.5
2024-03-13,89.5,70.3,Cycle Top,67.9,73.5,86.3,55.4,73.3,28.9
2024-03-14,88.8,69.3,Cycle Top,65.7,72.5,86.3,55.2,73.3,27.8
2024-03-15,88.3,68.7,Cycle Top,64.5,71.9,85.7,55,73.3,27.4
2024-03-16,87.4,67.4,Cycle Top,62,70.5,85,55,73.3,27.4
2024-03-17,87.7,67.8,Cycle Top,63.2,71.1,84.3,54.6,73.3,27.4
2024-03-18,87.1,67,Cycle Top,62,70.4,83.2,54.2,73.3,27.5
2024-03-19,85.6,64.8,Cycle Top,57.8,67.1,82.8,53.9,73.3,28
2024-03-20,87,66.8,Cycle Top,62.1,70.4,81.4,54.1,73.3,30.6
2024-03-21,86.8,66.5,Cycle Top,61.4,69.8,81.6,54.6,73.3,30.7
2024-03-22,86,65.4,Cycle Top,59.6,68.6,80.8,54.2,73.3,29.7
2024-03-23,85.8,65.1,Cycle Top,59.5,68.4,79.7,54.1,73.3,29.7
2024-03-24,86.2,65.7,Cycle Top,60.9,69.5,79.4,54,73.3,29.7
2024-03-25,86.9,66.7,Cycle Top,62.9,70.8,79.3,54,73.3,30.3
2024-03-26,86.9,66.6,Cycle Top,62.7,70.7,79.6,53.9,73.3,29.8
2024-03-27,86.5,66.1,Cycle Top,61.7,69.8,79.6,53.7,73.3,31.1
2024-03-28,86.7,66.3,Cycle Top,62.4,70.3,79.3,53.7,73.3,29.7
2024-03-29,86.4,66,Cycle Top,61.9,69.8,79,53.7,73.3,29.8
2024-03-30,86.3,65.8,Cycle Top,61.8,69.7,78.3,53.7,73.2,29.8
2024-03-31,86.9,66.6,Cycle Top,63.5,71,78.2,53.9,73.2,29.8
2024-04-01,85.2,64.3,Cycle Top,61.6,69.4,74.5,48.6,73.2,27.9
2024-04-02,82.4,63,Distribution,59,67.4,74.4,48.5,73.2,27
2024-04-03,81.9,62.8,Distribution,59.3,67.5,72.7,48.5,73.2,28
2024-04-04,81,62.4,Distribution,59.1,67.4,72.1,48.3,73.2,25
2024-04-05,81.2,62.5,Distribution,58.8,67.1,73.3,48.4,73.2,25.3
2024-04-06,81.2,62.5,Distribution,59.3,67.4,72.2,48.3,73.2,25.4
2024-04-07,82.8,63.1,Distribution,60.4,68.5,72.2,48.5,73.2,25.4
2024-04-08,85.5,64.7,Cycle Top,63.6,70.7,71.7,49,73.2,26.8
2024-04-09,83.4,63.4,Distribution,61,68.6,72,48.7,73.2,26.9
2024-04-10,83.1,63.2,Distribution,61.3,68.9,71.4,48.6,73.2,23.8
2024-04-11,83.4,63.4,Distribution,61.6,69,70.9,48.5,73.2,25.8
2024-04-12,78.3,61.3,Distribution,58,66,71,48.2,73.2,21.6
2024-04-13,73.5,59.4,Distribution,55.1,63.1,69.4,48.1,73.2,21.6
2024-04-14,75.9,60.3,Distribution,57,65,69,48.2,73.2,21.6
2024-04-15,75.1,60,Distribution,56.7,64.6,68.7,48.4,73.2,19.8
2024-04-16,74.7,59.9,Distribution,56.6,64.5,68,48.2,73.2,20.4
2024-04-17,73.4,59.4,Distribution,55.4,63.2,68.8,48.3,73.2,20.3
2024-04-18,74.3,59.7,Distribution,56.4,64.2,68,48.2,73.1,20.5
2024-04-19,74.8,59.9,Distribution,56.4,64.1,69.5,48.1,73.1,19.5
2024-04-20,76.7,60.7,Distribution,57.6,65.3,69.8,48.3,73.1,19.5
2024-04-21,77,60.8,Distribution,57.4,65.1,70.9,48.3,73.1,19.5
2024-04-22,78.4,61.3,Distribution,58,65.7,71.5,48.1,73.1,21.9
2024-04-23,78.8,61.5,Distribution,58,65.7,71.4,48.3,73.1,24.9
2024-04-24,77.2,60.9,Distribution,56.8,64.3,71.9,48.4,73.1,24.4
2024-04-25,77.6,61,Distribution,56.9,64.4,72.3,48.4,73.1,25.3
2024-04-26,76.8,60.7,Distribution,56.4,63.8,72.2,48.4,73.1,25.5
2024-04-27,79.2,61.7,Distribution,58,65.4,72.2,48.9,73.1,25.6
2024-04-28,79.3,61.7,Distribution,58,65.5,72.2,49.1,73.1,25.6
2024-04-29,78.5,61.4,Distribution,57.3,64.6,72.9,48.7,73.1,26
2024-04-30,73.9,59.6,Distribution,54.3,61.1,73.3,48.4,73.1,24
2024-05-01,69.6,57.8,Caution,54.2,60.9,65.4,47,73.1,24.7
2024-05-02,68.6,57.4,Caution,54.1,60.7,63.6,46.9,72.9,26.7
2024-05-03,71.5,58.6,Distribution,55.6,62.3,64.8,46.6,72.7,29
2024-05-04,73.6,59.4,Distribution,55.7,62.5,68.6,46.5,72.5,29
2024-05-05,74.2,59.7,Distribution,56,62.7,69.3,46.5,72.4,29
2024-05-06,72.4,59,Distribution,54.6,61.1,70.1,46.4,72.2,29.1
2024-05-07,70.9,58.4,Distribution,53.6,59.9,70.2,46.3,72.1,29.3
2024-05-08,70.5,58.2,Distribution,53.1,59.6,70.2,46.4,71.9,29.8
2024-05-09,71.8,58.7,Distribution,54.3,60.7,69.5,46.2,71.7,30.6
2024-05-10,69.3,57.7,Caution,51.8,58,71.8,46.2,71.5,31
2024-05-11,68.5,57.4,Caution,51.8,58,70.2,46.2,71.4,31
2024-05-12,69.5,57.8,Caution,52.1,58.3,71.5,46.2,71.2,31
2024-05-13,70.3,58.1,Distribution,52.7,58.8,72.5,46.1,71,28.2
2024-05-14,69.3,57.7,Caution,51.3,57.3,74.4,46.1,70.9,29
2024-05-15,73.5,59.4,Distribution,53.8,60,75,46,70.7,31.8
2024-05-16,71,58.4,Distribution,51.6,57.7,76.4,45.9,70.5,31.6
2024-05-17,75.6,60.2,Distribution,54.4,60.4,77.8,46,70.3,32.4
2024-05-18,76.2,60.5,Distribution,54.9,60.9,77.9,46.1,70.2,32.4
2024-05-19,74.8,59.9,Distribution,53.9,59.9,77.9,46,70,32.4
2024-05-20,85.3,64.4,Cycle Top,61.7,68.1,77.7,47.2,69.9,32.5
2024-05-21,86.2,65.7,Cycle Top,63.5,69.4,79.3,48.4,69.7,32.4
2024-05-22,85.9,65.3,Cycle Top,62.9,68.8,79.5,48.4,69.5,31.2
2024-05-23,86.3,65.8,Cycle Top,63.7,69.5,79.7,49.1,69.3,29.7
2024-05-24,86,65.3,Cycle Top,63.1,68.9,79.1,48.5,69.1,31.7
2024-05-25,86.1,65.5,Cycle Top,63.4,69.1,79.4,48.4,69,31.7
2024-05-26,86.4,65.9,Cycle Top,64.3,69.8,79.1,49.2,68.8,31.7
2024-05-27,86.5,66.1,Cycle Top,64.9,70.2,78.7,49.2,68.7,30.6
2024-05-28,86.1,65.5,Cycle Top,64.1,69.4,78,49.3,68.5,30.1
2024-05-29,85.5,64.7,Cycle Top,63.1,68.6,77.9,49.1,68.4,26.7
2024-05-30,85.5,64.7,Cycle Top,63.1,68.6,78,48.7,68.2,26.5
2024-05-31,85.6,64.8,Cycle Top,63.2,68.5,77.8,49.1,68,29.8
2024-06-01,85.2,64.3,Cycle Top,63.9,69.1,74,40.4,75.4,30.3
2024-06-02,85,64,Cycle Top,63.4,68.6,74.1,40.2,75.2,30.3
2024-06-03,84,63.6,Distribution,62.9,68.1,74,39.7,75,28.9
2024-06-04,84.2,63.7,Distribution,63.3,68.4,73.8,39.3,74.8,28.1
2024-06-05,85.3,64.4,Cycle Top,64.3,69.3,74.2,39.5,74.7,29.9
2024-06-06,84.9,64,Distribution,63.6,68.4,74.5,39.2,74.5,30.1
2024-06-07,81.9,62.7,Distribution,61.4,66.6,74.3,38.8,74.4,29.9
2024-06-08,81.2,62.5,Distribution,61.5,66.6,72.9,38.8,74.2,29.9
2024-06-09,81.8,62.7,Distribution,61.8,66.8,73.5,38.8,74,29.9
2024-06-10,81.1,62.4,Distribution,61.9,66.8,72.3,38.6,73.8,28.8
2024-06-11,77.6,61,Distribution,59.4,64.4,72.5,38.4,73.7,28.2
2024-06-12,78.5,61.4,Distribution,60.3,65.2,71.6,38.5,73.5,30.1
2024-06-13,75.6,60.2,Distribution,58.5,63.4,70.8,38.4,73.3,30.2
2024-06-14,76.1,60.4,Distribution,58.8,63.7,71.4,38.7,73.2,28.1
2024-06-15,77.7,61.1,Distribution,60.1,64.9,71.1,39.3,73,28.1
2024-06-16,78.1,61.3,Distribution,60.8,65.6,69.9,39.6,72.8,28.1
2024-06-17,75.6,60.2,Distribution,59.4,63.9,69.7,38.7,72.7,27.9
2024-06-18,75.3,60.1,Distribution,58.8,63.4,70.2,39,72.5,29.2
2024-06-19,75.5,60.2,Distribution,59.6,64.1,68.2,39.8,72.3,28.7
2024-06-20,73.5,59.4,Distribution,58.8,63.2,67.3,39.5,72.2,26.6
2024-06-21,73.9,59.6,Distribution,59,63.3,67.5,39.9,72,26.9
2024-06-22,72.2,58.9,Distribution,58.5,62.8,65.6,39.7,71.9,26.9
2024-06-23,70.7,58.3,Distribution,57.5,61.7,65.8,39.5,71.7,26.9
2024-06-24,69.3,57.7,Caution,56.8,60.9,64.6,40.2,71.6,26.8
2024-06-25,67.7,57.1,Caution,57.2,61.3,60.2,40,71.4,28.3
2024-06-26,68.8,57.5,Caution,57,61,62.9,40.2,71.2,29.4
2024-06-27,69.2,57.7,Caution,57.9,61.9,61.1,40.4,71.1,29.8
2024-06-28,68.3,57.3,Caution,56.9,60.8,61.9,40.4,70.9,30.3
2024-06-29,66,56.4,Caution,56.9,60.6,57.9,40.2,70.7,30.3
2024-06-30,68.3,57.3,Caution,57.6,61.5,60.4,39.8,70.6,30.3
2024-07-01,68.2,57.3,Caution,57.5,61.3,62.3,35.7,70.4,32
2024-07-02,67.8,57.1,Caution,57.3,61.1,62,36,70.3,32.4
2024-07-03,64.8,55.9,Caution,55.5,58.9,61.8,35.7,70.1,32
2024-07-04,60.3,53.6,Caution,51.7,55.1,60.9,35,70,31.6
2024-07-05,58.4,52.2,Caution,50.2,53.9,58.4,34.5,69.8,31.8
2024-07-06,59.3,52.9,Caution,51.7,55.1,57.9,34.5,69.6,31.8
2024-07-07,57.7,51.8,Caution,49.3,53.1,58.8,34.5,69.5,31.8
2024-07-08,58.8,52.5,Caution,50.7,54.2,58.7,34.8,69.4,31.9
2024-07-09,59.3,52.8,Caution,51.5,54.8,58.5,34.7,69.2,31.8
2024-07-10,59.9,53.2,Caution,52.1,55.4,59,35.1,69,30.8
2024-07-11,59.9,53.2,Caution,52,55.2,59.2,35.4,68.9,31.4
2024-07-12,60.1,53.4,Caution,52.5,55.7,58.1,35.5,68.7,33.2
2024-07-13,60.4,53.6,Caution,53.2,56.2,58.1,35.1,68.6,33.2
2024-07-14,61.8,54.5,Caution,54.1,57.2,59.9,34.9,68.4,33.2
2024-07-15,67.5,57,Caution,57.3,60.6,63.6,35.2,68.3,31.4
2024-07-16,67.6,57,Caution,56.8,60,65.8,34.7,68.1,30.9
2024-07-17,66.4,56.6,Caution,56.1,59.2,66.3,34.7,68,28.2
2024-07-18,66.4,56.6,Caution,56.7,59.8,65.1,35,67.8,25.8
2024-07-19,67.8,57.1,Caution,58,61.2,65,34.5,67.7,24.4
2024-07-20,69.2,57.7,Caution,58.2,61.4,67.3,34.4,67.6,24.4
2024-07-21,69.5,57.8,Caution,58.5,61.6,67.2,34.2,67.5,24.4
2024-07-22,67.1,56.8,Caution,57,60,66.2,33.9,67.4,26.9
2024-07-23,65.4,56.2,Caution,58.1,61.1,66.4,20.8,67.2,27.7
2024-07-24,61.8,54.5,Caution,55.9,58.7,66,20.4,67.1,22.6
2024-07-25,60,53.3,Caution,54,56.6,65.8,19.9,67,22.2
2024-07-26,61.4,54.3,Caution,55.5,58.2,65.6,19.9,66.9,24.6
2024-07-27,61.2,54.1,Caution,55.2,57.8,66.1,19.8,66.8,24.6
2024-07-28,61.3,54.2,Caution,55.4,58,65.8,19.9,66.7,24.6
2024-07-29,62,54.6,Caution,56.1,58.7,66.5,20.1,66.6,23.7
2024-07-30,61.6,54.4,Caution,55.4,57.9,65.1,25.1,66.5,22
2024-07-31,60.2,53.5,Caution,54.8,57.4,64,20.2,66.3,24.4
2024-08-01,59.8,53.2,Caution,54.3,56.8,62.9,24.4,66.2,21.7
2024-08-02,58.1,52.1,Caution,51.3,53.7,63.9,20.3,75.6,17.5
2024-08-03,55.4,50.3,Caution,49.6,52.4,59.3,20.2,75.5,17.5
2024-08-04,52.3,48.2,Caution,46.9,47.9,58.8,20,75.4,17.5
2024-08-05,48.8,45.9,Neutral,43.6,40.5,56.9,31.4,75.2,13
2024-08-06,50.3,46.8,Caution,44,41.5,54.5,41.2,75,14.9
2024-08-07,49.1,46.1,Neutral,42.7,38.4,57.4,39.8,74.8,15
2024-08-08,53.4,49,Caution,46.6,47.5,54.4,38.7,74.5,17.5
2024-08-09,53.3,48.9,Caution,45.2,44.3,60.5,36.5,74.4,21.1
2024-08-10,52.8,48.5,Caution,45.3,44.5,58.9,35.6,74.1,21.1
2024-08-11,51.7,47.8,Caution,44.7,43,58.5,34.9,73.9,21.1
2024-08-12,54.4,49.6,Caution,46.8,47.9,55.7,41,73.7,20.4
2024-08-13,55.4,50.2,Caution,46.5,47.3,57.1,45.4,73.4,23.5
2024-08-14,54.5,49.6,Caution,45.6,45.3,56.9,46.1,73.2,26.8
2024-08-15,52.1,48.1,Caution,44.7,43.1,56.6,38.3,73.1,27.9
2024-08-16,51,47.4,Caution,44.9,43.4,55.9,31.1,72.8,28.8
2024-08-17,51.1,47.4,Caution,45.1,44,55.4,30.7,72.6,28.9
2024-08-18,51.4,47.6,Caution,45.1,43.9,56.8,30.4,72.4,28.9
2024-08-19,51.1,47.4,Caution,45.1,43.8,56.1,30,72.2,29.5
2024-08-20,49.4,46.3,Neutral,43.9,41.5,56.5,28.2,72,27.9
2024-08-21,49.6,46.4,Neutral,44.6,42.9,55.4,26.5,71.8,27.3
2024-08-22,49.5,46.3,Neutral,44.5,42.7,57.9,23.1,71.5,24.8
2024-08-23,52.9,48.6,Caution,46.4,47.3,57.2,28.6,71.3,28.5
2024-08-24,56,50.6,Caution,46.5,47.4,61.7,39.9,71.1,28.5
2024-08-25,55.4,50.3,Caution,46.2,46.6,61.2,40.4,70.9,28.5
2024-08-26,53.5,49,Caution,44.9,43.4,61.4,39.8,70.7,27.7
2024-08-27,49.8,46.5,Neutral,42.3,37.8,59.7,39.1,70.5,29
2024-08-28,49.7,46.5,Neutral,43,39.3,56.3,41.5,70.3,26.3
2024-08-29,49.7,46.4,Neutral,43,39.3,56,40.9,70.1,28.3
2024-08-30,50,46.6,Caution,42.9,39,56.9,41.9,69.9,29
2024-08-31,49.4,46.2,Neutral,42.7,38.7,56,41.3,69.6,29
2024-09-01,47.8,45.2,Neutral,41.8,36.7,51.8,47.6,69.4,29.3
2024-09-02,49.5,46.3,Neutral,43.1,39.6,52,47.2,69.3,28.5
2024-09-03,46.7,44.4,Neutral,41.8,36.6,52.2,43.3,69.2,21.1
2024-09-04,47.2,44.8,Neutral,42.3,37.9,52.7,41.1,69,20.9
2024-09-05,45.9,43.9,Neutral,41.3,35.8,53.6,39,68.9,22.3
2024-09-06,42.9,42,Neutral,39.1,32.4,51.7,39,68.8,20.2
2024-09-07,43.9,42.6,Neutral,39.8,33.5,52.3,39.7,68.6,20.2
2024-09-08,44.8,43.2,Neutral,40.1,34,54.3,39.8,68.5,20.2
2024-09-09,46.1,44,Neutral,41.3,36,53.5,39.4,68.4,22.8
2024-09-10,47.5,45,Neutral,41.8,36.8,55.5,42,68.3,23.1
2024-09-11,46.9,44.6,Neutral,41.1,35.5,56,41.2,68.1,24.8
2024-09-12,46.4,44.2,Neutral,41.3,35.9,55.4,37,68,26.1
2024-09-13,47.6,45.1,Neutral,42.1,37.6,55.8,37.1,67.9,28.1
2024-09-14,48.6,45.7,Neutral,41.8,36.9,59.3,39.1,67.7,28.1
2024-09-15,47.2,44.8,Neutral,40.3,34.3,59.8,40.2,67.6,28.1
2024-09-16,45.9,43.9,Neutral,40,33.9,57.3,38.5,67.5,27.4
2024-09-17,45.8,43.9,Neutral,40.5,34.7,56.6,36.8,67.3,26.5
2024-09-18,47,44.7,Neutral,40.9,35.4,59.1,36.9,67.2,26
2024-09-19,49.3,46.2,Neutral,42.1,37.9,60,39.2,67.1,29.4
2024-09-20,51.2,47.5,Caution,43.1,39.7,61.4,41.5,66.9,30.8
2024-09-21,52.1,48,Caution,43.6,41.1,61.6,41.6,66.7,30.8
2024-09-22,51.4,47.6,Caution,43.3,40.2,61.2,41.6,66.5,30.8
2024-09-23,51.4,47.6,Caution,44.1,42,60.9,35.2,66.2,31.3
2024-09-24,52.7,48.4,Caution,44,41.9,62.1,40.3,65.9,34.4
2024-09-25,52.2,48.1,Caution,42.7,39.2,63.1,46.1,65.7,34.3
2024-09-26,52.9,48.6,Caution,43.7,41.4,61.4,46.4,65.4,33
2024-09-27,54.6,49.7,Caution,44.2,42.5,63.7,50,65.2,30.6
2024-09-28,54.3,49.5,Caution,43.9,41.9,64.4,49.9,65,30.6
2024-09-29,53.9,49.3,Caution,43.6,41.3,64.4,49.5,64.8,30.6
2024-09-30,52.6,48.4,Caution,42.8,39.4,64.3,49.3,64.6,28.9
2024-10-01,48.9,45.9,Neutral,40.9,35.5,63.7,43.5,64.4,25.3
2024-10-02,46.4,44.3,Neutral,39.8,33.9,62.5,45.6,55,26.2
2024-10-03,45.8,43.9,Neutral,39.5,33.6,61.4,46.8,54.9,24
2024-10-04,47.6,45.1,Neutral,40.7,35.3,62.6,48.7,54.6,24.2
2024-10-05,48.1,45.4,Neutral,40.7,35.3,64.4,48.6,54.4,24.2
2024-10-06,48.7,45.8,Neutral,41.1,35.9,65,48.5,54.2,24.2
2024-10-07,48.3,45.6,Neutral,41,35.9,65.2,48.2,54,20.3
2024-10-08,48.8,45.9,Neutral,41.5,36.9,65.3,46.9,53.8,21.3
2024-10-09,47.8,45.2,Neutral,40.4,35,65.5,47.4,53.6,21.8
2024-10-10,47.5,45,Neutral,40.9,35.7,63.7,46.9,53.2,21.8
2024-10-11,48.1,45.4,Neutral,41.5,37,62.9,46.8,53.1,22.7
2024-10-12,49.9,46.6,Neutral,41.9,38,66.3,48.4,52.8,22.7
2024-10-13,49.8,46.5,Neutral,41.8,37.7,66.8,48.1,52.6,22.8
2024-10-14,52.9,48.6,Caution,44,42.4,66.6,51,52.4,23.4
2024-10-15,53.1,48.7,Caution,43.6,41.7,70.1,49.1,52.2,21.5
2024-10-16,54.3,49.5,Caution,44,42.4,71.6,51,52,22.1
2024-10-17,54.1,49.4,Caution,43.7,41.6,71.3,53.5,51.8,22.9
2024-10-18,55.3,50.2,Caution,44.2,43.2,72,53.8,51.6,24.3
2024-10-19,55.3,50.2,Caution,44.3,43.4,71.9,53.5,51.4,24.3
2024-10-20,56.9,51.3,Caution,45.4,46.1,72.4,53.4,51.1,24.3
2024-10-21,55.8,50.5,Caution,44.7,44.5,72.3,52.1,51,24.5
2024-10-22,54.6,49.7,Caution,44,42.3,72.1,52.1,50.8,24.7
2024-10-23,53.3,48.9,Caution,42.8,40.2,72.5,52.9,50.6,23.3
2024-10-24,53.3,48.8,Caution,42.8,40.3,72.4,52.7,50.4,22.9
2024-10-25,51.5,47.7,Caution,41.7,37.7,73.1,50.2,50,21.6
2024-10-26,52.4,48.2,Caution,42.3,39.2,73.3,50.2,49.8,21.6
2024-10-27,52.7,48.5,Caution,42.7,39.9,74,48.3,49.7,21.6
2024-10-28,53.7,49.1,Caution,43.6,41.8,73.6,48,49.5,22.3
2024-10-29,55.6,50.4,Caution,44.7,44.7,73.8,49.5,49.3,23.2
2024-10-30,56.2,50.8,Caution,44.9,45.2,75.2,49.9,49.1,21.4
2024-10-31,53.5,49,Caution,42.8,40.3,75.3,52.2,48.9,18.3
2024-11-01,60,53.3,Caution,42.9,40.6,91.3,61.7,48.7,20.8
2024-11-02,59.3,52.9,Caution,42.6,39.7,90.5,61.6,48.6,20.8
2024-11-03,58.5,52.3,Caution,41.8,38.2,91.3,61.1,48.4,20.8
2024-11-04,56,50.6,Caution,41.1,36.5,90.4,52.7,48.1,20.5
2024-11-05,56.3,50.9,Caution,41.3,37.1,90.5,52.4,48,21.5
2024-11-06,64.3,55.7,Caution,45.7,46.8,90.6,60.3,47.8,27.5
2024-11-07,71.3,58.5,Distribution,47.2,51,92.3,69.5,47.7,28.8
2024-11-08,74.2,59.7,Distribution,48.8,52.8,91.9,73.1,47.5,28.5
2024-11-09,78.3,61.3,Distribution,51.8,55.9,91.8,73.2,47.2,28.5
2024-11-10,79.6,61.9,Distribution,52.6,56.9,92.2,72.8,47.1,28.5
2024-11-11,83.7,63.5,Distribution,55.5,60,91.9,73.2,47,28.4
2024-11-12,81.8,62.7,Distribution,53.9,58.4,92.4,73.2,46.8,29.4
2024-11-13,81,62.4,Distribution,53.2,57.5,92.6,73,46.7,31.8
2024-11-14,78.3,61.3,Distribution,51.5,55.6,92.6,72.8,46.5,30
2024-11-15,78.1,61.2,Distribution,51.9,56.1,92.2,71.9,46.4,27.2
2024-11-16,78.8,61.5,Distribution,52.4,56.6,92.4,71.8,46.3,27.2
2024-11-17,77.6,61,Distribution,51.7,55.7,92.4,71.4,46.1,27.2
2024-11-18,79.9,62,Distribution,53.3,57.6,92.1,71.2,46,28.4
2024-11-19,77.1,60.8,Distribution,51.7,55.7,92.3,69.9,45.8,26.8
2024-11-20,75.6,60.3,Distribution,51.1,55.2,92,69.1,45.7,25.4
2024-11-21,82.3,62.9,Distribution,55.7,60.2,91.8,69.4,45.6,25.7
2024-11-22,82.2,62.9,Distribution,55.2,59.7,92.4,70.3,45.4,27.8
2024-11-23,83.6,63.4,Distribution,56.2,60.7,92.2,70.5,45.3,27.8
2024-11-24,82.1,62.8,Distribution,55.4,59.9,91.5,70.4,45.1,27.8
2024-11-25,84.8,63.9,Distribution,57.1,61.6,91.5,71.4,44.9,29.4
2024-11-26,82.2,62.9,Distribution,55.2,59.7,91.1,71.7,44.8,30.2
2024-11-27,86.3,65.8,Cycle Top,60.4,65.3,90.4,73.3,44.7,30.2
2024-11-28,85.8,65.1,Cycle Top,59.1,63.7,90.7,72.9,44.5,30.5
2024-11-29,85.9,65.2,Cycle Top,59.2,63.8,90.7,73.4,44.4,31.4
2024-11-30,86.5,66.2,Cycle Top,60.8,65.5,91.2,73.3,44.3,31.4
2024-12-01,86.1,65.5,Cycle Top,61.1,65.7,89.9,68.1,44.1,31.6
2024-12-02,85.2,64.3,Cycle Top,60.1,64.7,89.8,68.6,37.4,31.7
2024-12-03,85,64,Cycle Top,59.7,64.2,89.2,68.5,37.3,32.3
2024-12-04,86.5,66.2,Cycle Top,63.8,67.8,89.4,68.8,37.2,31.9
2024-12-05,86.2,65.6,Cycle Top,62.4,67.1,89.9,68.8,37,31.3
2024-12-06,87.1,66.9,Cycle Top,65.4,69.7,87.8,69,36.9,33.7
2024-12-07,87.1,67,Cycle Top,65.5,69.8,88.6,68.6,36.8,33.7
2024-12-08,87.1,67,Cycle Top,65.4,69.5,89,68.2,36.7,33.7
2024-12-09,85.5,64.7,Cycle Top,61.7,65.9,88.7,68.4,36.6,30.4
2024-12-10,85.1,64.1,Cycle Top,60.7,64.8,88.5,68.5,36.4,30.3
2024-12-11,86.2,65.7,Cycle Top,64.1,67.8,87.5,68.4,36.2,31.9
2024-12-12,86.6,66.2,Cycle Top,64.5,68.4,88.7,68.6,36.1,31.5
2024-12-13,86.5,66.2,Cycle Top,64.7,68.7,87.7,68.4,35.9,31.8
2024-12-14,86.4,66,Cycle Top,64.4,68.1,88.3,68.2,35.9,31.8
2024-12-15,86.7,66.3,Cycle Top,65.1,69.1,87.9,68,35.7,31.8
2024-12-16,86.7,66.4,Cycle Top,65.3,69.3,88,68.2,35.6,30.2
2024-12-17,86.3,65.8,Cycle Top,64.6,68.2,88,68.3,35.5,28.3
2024-12-18,84.2,63.7,Distribution,61.9,65.9,87.1,68.3,35.3,17
2024-12-19,79.2,61.7,Distribution,58.6,62.2,85.9,67.7,35.2,21.8
2024-12-20,80.4,62.2,Distribution,59.3,62.9,85.3,67.4,35.1,26.8
2024-12-21,77,60.8,Distribution,57.2,60.6,84.8,66.9,35,26.8
2024-12-22,75.1,60,Distribution,56,59.4,84.5,66.4,34.8,26.8
2024-12-23,78.5,61.4,Distribution,58.2,61.8,83.5,67.9,34.7,30.6
2024-12-24,81.4,62.5,Distribution,59.6,63.3,83.9,68.1,34.7,35
2024-12-25,81,62.4,Distribution,59.6,63.2,83.7,67.7,34.6,35
2024-12-26,77.9,61.1,Distribution,57.2,60.5,84.7,67.8,34.6,33.9
2024-12-27,77.3,60.9,Distribution,57.3,60.7,83.4,67.9,34.5,32.5
2024-12-28,78.2,61.3,Distribution,58.3,61.8,82.5,67.8,34.5,32.5
2024-12-29,76.8,60.7,Distribution,57.7,60.9,82.6,66.1,34.4,32.5
2024-12-30,75.7,60.3,Distribution,57.7,61,80.9,65.7,34.4,30
2024-12-31,75.2,60.1,Distribution,57.6,60.8,80.5,65.7,34.3,30.2
2025-01-01,75.3,60.1,Distribution,57.8,61,79.3,67.5,34.3,30
2025-01-02,76.8,60.7,Distribution,59.1,62.4,79.4,66.2,34.3,29.2
2025-01-03,81.1,62.4,Distribution,61.6,65.1,80.2,66.4,34.2,31.9
2025-01-04,81.8,62.7,Distribution,62.4,65.9,79.6,66.2,34.2,31.9
2025-01-05,80.7,62.3,Distribution,61.8,65.4,79,65.9,34.1,31.9
2025-01-06,82.4,62.9,Distribution,62.5,66.1,79.8,66.7,34.1,32.4
2025-01-07,74.8,59.9,Distribution,57.7,60.7,79.8,66,34.1,29.8
2025-01-08,72.1,58.8,Distribution,56.9,59.8,77.7,63.8,34,30
2025-01-09,68.9,57.5,Caution,55,57.8,77.3,62.6,34,29.6
2025-01-10,68.4,57.4,Caution,56.5,59.3,73.8,60.6,34,27.5
2025-01-11,69.9,57.9,Caution,56.6,59.4,76.7,60.1,33.9,27.5
2025-01-12,68.6,57.4,Caution,56.2,58.9,75.5,59.8,33.9,27.5
2025-01-13,64.3,55.7,Caution,53.3,56.1,75,58.9,33.9,28.1
2025-01-14,66.7,56.7,Caution,55,57.7,75,59.1,33.8,28.9
2025-01-15,73,59.2,Distribution,58.7,61.7,75.7,60.3,33.8,32.5
2025-01-16,70.2,58.1,Distribution,56.4,59.1,76.8,60.8,33.8,31.5
2025-01-17,74.7,59.9,Distribution,59.5,62.4,76.5,61.5,33.7,32.4
2025-01-18,70.5,58.2,Distribution,56.6,59.2,76.7,61.1,33.7,32.4
2025-01-19,67.5,57,Caution,54.5,57,76.4,61.1,33.7,32.4
2025-01-20,67.9,57.1,Caution,54.9,57.5,75.9,61,33.7,32.8
2025-01-21,69.4,57.8,Caution,56.1,58.5,75.6,61.5,33.6,33.1
2025-01-22,67.4,57,Caution,54.4,56.8,76.2,61.6,33.6,33.6
2025-01-23,69.1,57.6,Caution,56.1,58.5,74.7,61.6,33.5,34.3
2025-01-24,67.7,57.1,Caution,55.2,57.6,74.4,61.4,33.5,34.8
2025-01-25,67.6,57.1,Caution,55.6,57.8,74.1,60.2,33.5,34.8
2025-01-26,64.7,55.9,Caution,54,56.2,73.2,59.1,33.5,34.8
2025-01-27,61.7,54.5,Caution,53,55.4,72.3,54.4,33.4,29.8
2025-01-28,60.6,53.7,Caution,51.7,53.9,72.2,53.9,33.4,31.9
2025-01-29,61.2,54.1,Caution,52.3,54.5,71.8,55.7,33.3,31.4
2025-01-30,64.4,55.8,Caution,55,57.2,71.1,57.7,33.3,33
2025-01-31,66.8,56.7,Caution,56.2,58.2,72.5,58.9,33.3,31.7
2025-02-01,58.8,52.5,Caution,52.6,54.9,65.6,49.8,33.3,31.4
2025-02-02,54.6,49.7,Caution,48.8,50.3,64.1,48,33.2,31.4
2025-02-03,53.5,49,Caution,48.7,50.1,60.9,50.3,33.2,27.3
2025-02-04,52.3,48.2,Caution,46.3,45.2,65.4,51.5,33.2,30
2025-02-05,52.3,48.2,Caution,46.9,46.6,62.4,51.4,33.1,31.4
2025-02-06,50,46.7,Caution,45.5,43.4,60.9,51.4,33.1,31.1
2025-02-07,48.5,45.7,Neutral,44.8,41.3,59.8,52.3,33.1,28.1
2025-02-08,48.6,45.7,Neutral,44.9,41.7,59.5,52.2,33,28.1
2025-02-09,48.8,45.8,Neutral,44.9,41.9,59.5,52.6,33,28.1
2025-02-10,48.9,45.9,Neutral,45.1,42.5,58.8,52.3,33,30.3
2025-02-11,47.9,45.3,Neutral,44.3,40.4,59.1,52.5,32.9,30.4
2025-02-12,50.1,46.7,Caution,46,44.5,58.7,52.2,32.9,31.1
2025-02-13,49,46,Neutral,45.1,42.2,59.2,52.4,32.9,31.1
2025-02-14,49.3,46.2,Neutral,45.4,43.2,58.5,52,32.8,32.1
2025-02-15,48.5,45.7,Neutral,45.1,42.2,58.6,50.3,32.8,32.1
2025-02-16,48.2,45.5,Neutral,44.8,41.2,59.4,49.9,32.8,32.1
2025-02-17,49.3,46.2,Neutral,45.8,43.8,58.3,50,32.7,31.1
2025-02-18,47.5,45,Neutral,44.8,41.2,57,50.3,32.7,32.4
2025-02-19,48.3,45.6,Neutral,45.4,43.1,56.1,50.9,32.7,32
2025-02-20,48.2,45.5,Neutral,45.4,43,56.5,49.8,32.6,31
2025-02-21,46.9,44.6,Neutral,44.6,40.8,57.6,49.1,32.6,27.1
2025-02-22,48.3,45.6,Neutral,45.9,44.3,55.7,49.4,32.6,27.1
2025-02-23,49.1,46,Neutral,46.6,45.6,55.5,49.4,32.6,27.1
2025-02-24,43.4,42.3,Neutral,42.6,36.6,54.9,47.6,32.5,27.1
2025-02-25,41.4,40.9,Neutral,42.3,36,49.8,47.5,32.5,25.3
2025-02-26,38.8,38.8,Neutral,39.9,31.8,48.3,47.5,32.5,25.1
2025-02-27,38.4,38.4,Neutral,40,32.1,46.5,46.4,32.4,23.2
2025-02-28,37.9,37.9,Neutral,39.2,30.9,46.9,45.5,32.4,25.3
2025-03-01,36.6,36.6,Neutral,38.9,30.2,43.9,40.7,32.3,26.5
2025-03-02,41.6,41,Neutral,43.4,38.3,45.3,40.3,40.4,26.5
2025-03-03,36.8,36.8,Neutral,37.6,28.4,46.6,39.3,40.4,22.2
2025-03-04,36.1,36.1,Neutral,37.7,28.5,42.4,40.1,40.4,23.2
2025-03-05,36.5,36.5,Neutral,38.6,30,42.7,35.2,40.4,25.9
2025-03-06,35.8,35.8,Neutral,37.9,28.8,43.9,31.7,40.3,24.7
2025-03-07,35.4,35.4,Neutral,36.9,27.2,45.6,30.5,40.3,25.5
2025-03-08,35.8,35.8,Neutral,38,28.9,44.1,30.8,40.2,25.5
2025-03-09,33.6,33.6,Neutral,35.4,24.1,43.3,30.5,40.2,25.5
2025-03-10,31.7,31.7,Neutral,33.4,21.3,40.9,29.7,40.2,23
2025-03-11,32.1,32.1,Neutral,34.1,22.1,41.5,28.8,40.1,23.8
2025-03-12,32.3,32.3,Neutral,33.7,21.7,43.2,28.3,40.1,24.9
2025-03-13,32.2,32.2,Neutral,33.4,21.3,44.7,27.4,40,24.8
2025-03-14,31.7,31.7,Neutral,33.8,21.8,40.6,27.2,40,26.2
2025-03-15,32.6,32.6,Neutral,34.1,22.2,44,27.2,40,26.2
2025-03-16,31.6,31.6,Neutral,33.5,21.4,40.8,27.1,39.9,26.2
2025-03-17,31.8,31.8,Neutral,33.8,21.8,41.1,27.1,39.9,26.6
2025-03-18,31.9,31.9,Neutral,34,22.1,41.2,26.8,39.9,25.2
2025-03-19,33,33,Neutral,35.6,24.7,40.7,26.7,39.9,27.4
2025-03-20,33,33,Neutral,34.9,23.3,43.5,26.2,39.8,28.3
2025-03-21,32.3,32.3,Neutral,34.8,23.2,40.1,26.1,39.8,29.3
2025-03-22,32.5,32.5,Neutral,35,23.6,40.1,26.2,39.7,29.3
2025-03-23,32.5,32.5,Neutral,35.2,24,39.4,26.1,39.7,29.3
2025-03-24,33.9,33.9,Neutral,36.1,25.9,42.1,26.2,39.7,31.4
2025-03-25,33.7,33.7,Neutral,35.9,25.4,42,26.1,39.6,32.7
2025-03-26,33.2,33.2,Neutral,35.3,24.2,41.9,26.4,39.6,31.3
2025-03-27,32.7,32.7,Neutral,35.1,23.8,40.3,26.6,39.6,31
2025-03-28,31.7,31.7,Neutral,33.7,21.6,40.9,27.3,39.5,27.4
2025-03-29,30.5,30.5,Neutral,32.8,20.7,36.9,28.1,39.5,27.4
2025-03-30,30.7,30.7,Neutral,32.4,20.5,38.2,29,39.4,27.4
2025-03-31,30.9,30.9,Neutral,32.9,20.8,38.2,29.5,39.4,26.4
2025-04-01,31.7,31.7,Neutral,33.8,21.9,40.7,26.2,39.4,28.1
2025-04-02,31.1,31.1,Neutral,32.3,20.4,42.8,24.3,39.4,28.2
2025-04-03,30.2,30.2,Neutral,32.3,20.5,38.9,23.9,39.3,24.8
2025-04-04,31,31,Neutral,33.5,21.5,39.9,25.5,39.3,23.1
2025-04-05,31,31,Neutral,33.3,21.3,40.6,25.6,39.3,23.1
2025-04-06,28.9,28.9,Accumulation,28.5,17.9,41.5,25.1,39.2,23.1
2025-04-07,28.6,28.6,Accumulation,28.9,18.3,38.9,24.8,39.2,23.5
2025-04-08,28.1,28.1,Accumulation,27.5,17.1,39.4,24.5,39.2,25.5
2025-04-09,29.1,29.1,Accumulation,30.1,19.3,38.1,25.3,39.1,24.2
2025-04-10,28.6,28.6,Accumulation,27.2,16.8,42.8,24.3,39.1,26.3
2025-04-11,28.3,28.3,Accumulation,27.8,17.3,40.2,23.7,39,26.3
2025-04-12,30,30,Neutral,29.3,18.7,44.2,24.7,39,26.3
2025-04-13,29.6,29.6,Accumulation,28.3,17.9,44.7,24.6,39,26.3
2025-04-14,29.4,29.4,Accumulation,28.7,18.3,42.1,24.7,38.9,27.7
2025-04-15,29.1,29.1,Accumulation,28,17.5,43.3,24.5,38.9,27.3
2025-04-16,28.6,28.6,Accumulation,27.5,17.1,42,24.1,38.9,27.5
2025-04-17,28.8,28.8,Accumulation,27.7,17.2,42.3,24.3,38.8,28.5
2025-04-18,29.1,29.1,Accumulation,27.8,17.4,43.1,24.6,38.8,28.8
2025-04-19,29.3,29.3,Accumulation,28.3,17.9,43,24.8,38.8,28.8
2025-04-20,29.1,29.1,Accumulation,27.6,17.1,43.8,25,38.7,28.8
2025-04-21,29.1,29.1,Accumulation,27.3,16.8,44.3,24.1,38.7,30.3
2025-04-22,31.5,31.5,Neutral,30.8,20.1,46.1,26.4,38.7,30.6
2025-04-23,32.7,32.7,Neutral,31.8,20.6,50.6,24.9,38.6,30
2025-04-24,32.3,32.3,Neutral,30.9,20.2,49.3,27.5,38.6,30.6
2025-04-25,32.8,32.8,Neutral,31.5,20.5,49,30,38.6,31.5
2025-04-26,33.3,33.3,Neutral,32.2,21,49.9,30.2,38.6,31.5
2025-04-27,32.9,32.9,Neutral,31.6,20.6,49.4,30,38.5,31.5
2025-04-28,33.1,33.1,Neutral,31.6,20.6,48.4,33.5,38.5,31.7
2025-04-29,33.5,33.5,Neutral,31.8,20.7,49.4,34.1,38.4,31.9
2025-04-30,33.2,33.2,Neutral,31.3,20.5,49.1,33.8,38.4,32.1
2025-05-01,33,33,Neutral,32.5,21.3,45.3,34.4,38.4,31
2025-05-02,33.5,33.5,Neutral,32.2,21.1,47.6,35.8,38.4,32.1
2025-05-03,33.5,33.5,Neutral,32.2,21.2,47.5,36.1,38.3,32.1
2025-05-04,33.2,33.2,Neutral,31.6,20.7,47.4,35.9,38.3,32.1
2025-05-05,32.9,32.9,Neutral,31.8,20.8,45.5,35.9,38.2,32.3
2025-05-06,32.7,32.7,Neutral,31.1,20.4,47,34.8,38.2,31.8
2025-05-07,33.2,33.2,Neutral,31.8,20.8,48.2,34.1,38.2,31.7
2025-05-08,37.2,37.2,Neutral,37.7,29.4,48.1,35,38.2,31.6
2025-05-09,39.1,39.1,Neutral,39.7,32.7,49.6,36.5,38.1,32.5
2025-05-10,42.6,41.7,Neutral,43.3,38.7,49,38,38.1,32.6
2025-05-11,41.3,40.9,Neutral,42.1,36.7,49.1,38.2,38,32.6
2025-05-12,41.6,41,Neutral,42.2,36.8,49.2,37.5,38,35.2
2025-05-13,44.1,42.7,Neutral,44.3,40.3,49.4,38.6,38,36
2025-05-14,43.8,42.5,Neutral,43.5,39,50.3,40.5,38,36
2025-05-15,42.6,41.7,Neutral,42.8,37.6,49.6,39.2,37.9,37
2025-05-16,43,42,Neutral,42.9,37.9,50,40.1,37.9,36.7
2025-05-17,41.9,41.3,Neutral,41.7,35.9,51,39.8,37.9,36.7
2025-05-18,42.3,41.5,Neutral,42.1,36.4,51.1,39.6,37.8,36.7
2025-05-19,42.8,41.9,Neutral,42.4,36.9,51.3,40.4,37.8,37.2
2025-05-20,42.9,42,Neutral,42.6,37.3,50.5,40.9,37.8,37.7
2025-05-21,43,42,Neutral,42.7,37.5,50.4,41,37.8,36.4
2025-05-22,45.3,43.5,Neutral,44.5,40.5,51,42.8,37.7,36.1
2025-05-23,43,42,Neutral,41.9,36.1,52.7,44.2,37.7,34.1
2025-05-24,42.3,41.5,Neutral,42,36.1,50.4,43.4,37.7,34.1
2025-05-25,42.6,41.7,Neutral,42.3,36.6,52.1,42.9,34.7,34.1
2025-05-26,43.1,42.1,Neutral,42.7,37.3,52,42.8,34.7,36
2025-05-27,45.1,43.4,Neutral,44.1,39.8,52.5,43.8,34.6,37.3
2025-05-28,45.6,43.7,Neutral,44.6,40.8,51.9,44.6,34.6,36.6
2025-05-29,45,43.3,Neutral,43.8,39.2,53,45.1,34.5,37.2
2025-05-30,42.9,41.9,Neutral,42.3,36.7,50.6,45.6,34.5,38
2025-05-31,42.4,41.6,Neutral,42.4,36.8,49,45.4,34.4,38
2025-06-01,43.6,42.4,Neutral,42.4,36.7,52.3,46.4,34.3,40
2025-06-02,45.2,43.5,Neutral,43.2,38.4,53.7,47.3,34.3,41
2025-06-03,45.6,43.7,Neutral,43.1,38.3,53.9,49.3,34.2,41.1
2025-06-04,45.7,43.8,Neutral,43.2,38.3,53.9,49.7,34.2,41.7
2025-06-05,42.2,41.5,Neutral,40.1,33.2,53.6,49.5,34.2,40.6
2025-06-06,42.7,41.8,Neutral,41.1,34.9,51.3,49.5,34.1,42.3
2025-06-07,44,42.6,Neutral,41.9,36,52.9,49.5,34,42.3
2025-06-08,44.1,42.7,Neutral,41.4,35.5,54.8,49.3,34,42.3
2025-06-09,47.1,44.7,Neutral,44.1,40,55.1,49.7,33.9,42.4
2025-06-10,49.7,46.5,Neutral,45.9,43.5,56.6,50.3,33.9,42.1
2025-06-11,49.5,46.3,Neutral,45.4,42.8,57.1,50.8,33.8,42.4
2025-06-12,47.1,44.7,Neutral,43.5,38.9,57,50.6,33.8,41.9
2025-06-13,45.5,43.6,Neutral,42.8,37.5,55.7,50.2,33.8,38.1
2025-06-14,44.8,43.2,Neutral,42,36.2,56.2,50.1,33.6,38.1
2025-06-15,44.8,43.2,Neutral,42.2,36.5,55.8,50,33.6,38.1
2025-06-16,44.9,43.3,Neutral,42,36.2,56.2,50.1,33.6,40.9
2025-06-17,44.6,43.1,Neutral,41.5,35.7,57.4,50.2,33.5,37
2025-06-18,43.9,42.6,Neutral,41.4,35.6,54.9,50.3,33.4,38.1
2025-06-19,44.3,42.9,Neutral,41.7,36,56.2,49.8,33.4,35.9
2025-06-20,42.5,41.7,Neutral,40.1,33.3,55.7,49.4,33.4,37.8
2025-06-21,40.3,40.2,Neutral,38.5,30.5,54.6,48.8,33.3,37.8
2025-06-22,39.2,39.2,Neutral,37.4,28.7,53.6,48.5,33.3,37.8
2025-06-23,42.3,41.5,Neutral,40.1,33.5,54.6,49.2,33.2,38.7
2025-06-24,44.2,42.8,Neutral,40.4,34.2,58.1,49.5,33.2,44.2
2025-06-25,43.7,42.5,Neutral,39.8,33.1,58.4,49.7,33.1,45.4
2025-06-26,44,42.7,Neutral,39.6,32.8,60.2,49.1,33.1,46.5
2025-06-27,43.8,42.6,Neutral,39.9,33.3,58.5,49.1,33,47
2025-06-28,44,42.7,Neutral,40,33.6,58.8,48.7,32.9,47
2025-06-29,45.1,43.4,Neutral,40.8,35.2,59.3,48.7,32.9,47
2025-06-30,44.7,43.1,Neutral,40.5,34.6,59.2,48.9,32.9,45.8
2025-07-01,46.3,44.2,Neutral,39.3,32.4,64.3,58.6,32.8,45.8
2025-07-02,47.9,45.3,Neutral,41.9,36.7,64.2,58.5,25.2,47
2025-07-03,48.9,45.9,Neutral,42.2,37.3,66.1,58.7,25.2,46.4
2025-07-04,47.5,45,Neutral,41,35.7,66.1,58.3,25.1,44.7
2025-07-05,47.3,44.9,Neutral,41.1,36,65,58.2,25.1,44.7
2025-07-06,48.3,45.5,Neutral,42.2,37.3,64.9,58.1,25.1,44.7
2025-07-07,48.5,45.6,Neutral,41.9,36.9,66.3,58.5,25,44.3
2025-07-08,49.4,46.3,Neutral,43.1,38.8,64.8,59,24.9,46
2025-07-09,52.3,48.2,Caution,45.3,43,65.1,60.2,24.9,46.9
2025-07-10,55.2,50.1,Caution,47.3,47.3,65.9,61,24.9,47.3
2025-07-11,55.4,50.3,Caution,47.5,47.8,65.9,60.8,24.8,46.7
2025-07-12,55.6,50.4,Caution,47.2,47.2,67.9,60.6,24.8,46.7
2025-07-13,55.9,50.6,Caution,47.6,48.3,66.9,60.5,24.7,46.7
2025-07-14,56.8,51.2,Caution,48.4,49.8,67,60.8,24.7,45.1
2025-07-15,59.6,53.1,Caution,50.8,54.5,66.7,61.7,24.7,44.8
2025-07-16,64.1,55.6,Caution,54.5,60,65.9,63.7,24.6,45.9
2025-07-17,67.4,57,Caution,56.7,61.6,67.1,63.8,24.6,46.1
2025-07-18,68.9,57.5,Caution,57.9,62.4,66.9,64,24.5,46.8
2025-07-19,69.8,57.9,Caution,58.5,62.9,67.2,64.1,24.5,46.8
2025-07-20,73.3,59.3,Distribution,61.5,65.1,66.7,64.9,24.4,46.8
2025-07-21,73,59.2,Distribution,61.3,65,66.4,65,24.4,46.2
2025-07-22,72.5,59,Distribution,60.9,64.6,66.8,64.6,24.3,46.5
2025-07-23,69.9,58,Caution,58.4,62.6,67.5,64.2,24.3,48.9
2025-07-24,71.4,58.6,Distribution,59.8,63.9,66.6,64.7,24.3,48.9
2025-07-25,72,58.8,Distribution,60.5,64.2,66.4,64.9,24.2,48.3
2025-07-26,72.4,59,Distribution,60.6,64.3,67,64.8,24.1,48.3
2025-07-27,75.1,60,Distribution,62.4,66,67.4,65,24.1,48.3
2025-07-28,74.4,59.8,Distribution,61.7,65.3,68.1,65,24.1,47.7
2025-07-29,73.7,59.5,Distribution,61.7,65.3,67.5,65.1,24,44.9
2025-07-30,74.8,59.9,Distribution,62.5,65.9,67.9,65.1,23.9,44.3
2025-07-31,72.2,58.9,Distribution,61.1,64.6,67.3,64.9,23.9,41.5
2025-08-01,67,56.8,Caution,57.3,61.6,64,70.5,23.9,39.1
2025-08-02,63.9,55.6,Caution,55.4,60.4,62.7,69.9,23.8,39.1
2025-08-03,66.2,56.5,Caution,57.5,61.7,62.3,69.9,23.8,39.1
2025-08-04,72,58.8,Distribution,61,64.4,64.1,70.5,23.7,42.9
2025-08-05,69.4,57.7,Caution,59.2,63.1,63.5,70.2,23.7,41.9
2025-08-06,70.3,58.1,Distribution,60.1,63.7,62.7,70.4,23.7,44.9
2025-08-07,75.4,60.1,Distribution,63.2,66.7,64,71.2,23.6,44.6
2025-08-08,79.2,61.7,Distribution,64.8,67.9,66.4,72.2,23.6,47.5
2025-08-09,90.8,72.1,Cycle Top,98.3,70.6,65,72.6,23.5,47.6
2025-08-10,90,71,Cycle Top,94.8,70.4,65.3,72,23.5,47.6
2025-08-11,89.9,70.9,Cycle Top,94.5,70.1,65.4,73,23.5,45
2025-08-12,91.5,73.1,Cycle Top,98.3,73.6,65.3,73.6,23.4,49.9
2025-08-13,92,73.7,Cycle Top,98.3,74.9,66.5,73.7,23.3,50.4
2025-08-14,90.7,72,Cycle Top,93.6,73.4,67.3,73.6,23.3,48.5
2025-08-15,89.9,70.8,Cycle Top,92.7,72.3,64.2,73.3,23.3,49.1
2025-08-16,89.7,70.6,Cycle Top,92.5,72,63.8,73.2,23.3,49.1
2025-08-17,89.9,70.9,Cycle Top,92.6,72.4,65,72.7,23.2,49.1
2025-08-18,89.3,70,Cycle Top,91.3,70.8,64.4,72.2,23.1,48.7
2025-08-19,88.3,68.7,Cycle Top,89.7,68.5,64,71.5,23.1,47.2
2025-08-20,88.9,69.4,Cycle Top,91.4,71.4,61.6,71.7,23.1,46.9
2025-08-21,88.5,68.9,Cycle Top,90.5,70.2,62.7,71.6,23,44.2
2025-08-22,91.4,73,Cycle Top,98.3,75.3,62.8,72.4,23,50.8
2025-08-23,90.8,72.1,Cycle Top,94.4,74.9,64.8,72.1,22.9,50.8
2025-08-24,90.6,71.8,Cycle Top,94.3,74.9,63.7,72.1,22.9,50.8
2025-08-25,89.1,69.7,Cycle Top,91.5,71.3,62.4,72.1,22.8,49.1
2025-08-26,89.8,70.8,Cycle Top,92.8,73.3,62.7,72.7,22.8,50.5
2025-08-27,89.5,70.3,Cycle Top,91.8,72.1,63.5,72.6,22.7,49.6
2025-08-28,89.4,70.1,Cycle Top,91.7,72,62.8,72.5,22.7,50.8
2025-08-29,88.8,69.3,Cycle Top,90.5,70.3,63.3,72.2,22.7,49.7
2025-08-30,88.5,68.9,Cycle Top,90.4,70.4,61.2,72.1,22.6,49.7
2025-08-31,88.8,69.3,Cycle Top,90.3,70.4,63.1,72.3,22.5,49.7
2025-09-01,88.2,68.5,Cycle Top,89.5,69.4,61.4,73.6,22.5,48.3
2025-09-02,88.3,68.6,Cycle Top,89.6,69.8,62,73.2,22.5,45.1
2025-09-03,88.9,69.5,Cycle Top,90.2,71,63.6,73.8,22.5,46.8
2025-09-04,88.3,68.6,Cycle Top,89.1,69.3,62.8,73.3,22.4,48
2025-09-05,88.1,68.3,Cycle Top,88.9,69.1,62.1,72.6,22.4,49.5
2025-09-06,87.9,68.1,Cycle Top,88.5,68.6,62.2,72.2,22.4,49.5
2025-09-07,87.9,68,Cycle Top,88.5,69,61.6,72,22.4,49.5
2025-09-08,87.9,68,Cycle Top,88.1,68.4,63.2,71.7,22.3,49
2025-09-09,87.8,68,Cycle Top,88.1,68.7,62.5,71.9,22.3,48.6
2025-09-10,87.7,67.8,Cycle Top,88,68.8,62.9,70.7,22.3,47.2
2025-09-11,88.3,68.6,Cycle Top,88.4,69.9,64.2,70.4,22.3,48.5
2025-09-12,89.1,69.8,Cycle Top,90,72.6,65,69.9,22.2,48.4
2025-09-13,88.6,69,Cycle Top,89.5,72,63.9,67.5,22.2,48.4
2025-09-14,88.4,68.8,Cycle Top,88.9,71.2,64.7,67.8,22.2,48.4
2025-09-15,88.1,68.3,Cycle Top,88.1,70.2,64.3,69,22.2,47.5
2025-09-16,87.9,68,Cycle Top,87.8,69.8,64.1,68.5,22.1,47.4
2025-09-17,88.4,68.8,Cycle Top,88.4,71,64.5,69.6,22.1,48.9
2025-09-18,88.5,68.9,Cycle Top,88.3,71.2,64.3,71.3,22.1,48.1
2025-09-19,88.1,68.4,Cycle Top,87.4,69.7,64.7,71.7,22.1,49
2025-09-20,88,68.2,Cycle Top,87.4,70,63.5,71,22,49
2025-09-21,87.8,67.9,Cycle Top,87,69.5,63.8,70.6,22,49
2025-09-22,86.4,65.9,Cycle Top,84,66.2,63.2,70,22,47.1
2025-09-23,86.1,65.5,Cycle Top,83.5,65.6,63,69,21.9,47.3
2025-09-24,85.9,65.2,Cycle Top,83.2,65.5,63.2,67,21.9,47.5
2025-09-25,82,62.8,Distribution,80.5,62.1,63.3,60.5,21.9,44.6
2025-09-26,81.8,62.7,Distribution,81.9,64.2,60.3,54.4,21.9,48.4
2025-09-27,81.9,62.8,Distribution,81.6,63.9,61.4,54.3,21.8,48.4
2025-09-28,84.3,63.7,Distribution,82.6,65.4,62,56,21.8,48.4
2025-09-29,85.8,65.2,Cycle Top,83,66.1,64.8,63.2,21.7,46.2
2025-09-30,85.5,64.7,Cycle Top,81.9,64.7,64.9,64.5,21.7,46.8
2025-10-01,86.5,66.1,Cycle Top,83.7,67.2,70,56.8,21.7,47.3
2025-10-02,87.7,67.8,Cycle Top,85.3,69,72.9,59.6,21.7,45.7
2025-10-03,87.8,67.9,Cycle Top,85.3,69.2,72.8,60.1,21.7,46.2
2025-10-04,87.8,68,Cycle Top,84.9,68.6,74.1,60.8,21.7,46.2
2025-10-05,88.1,68.4,Cycle Top,84.9,69,75.1,62,21.6,46.2
2025-10-06,88.7,69.2,Cycle Top,85.9,71.2,74.1,62.7,21.5,47.1
2025-10-07,87.7,67.8,Cycle Top,84.3,68.1,73.9,63.3,21.5,44.9
2025-10-08,87.9,68,Cycle Top,84.7,69.3,72.5,63.8,21.5,45.6
2025-10-09,87.2,67.1,Cycle Top,82.7,67,74,63.3,21.5,44.4
2025-10-10,83.7,63.5,Distribution,78,61.1,73.2,61.6,21.5,37.4
2025-10-11,78,61.2,Distribution,76.6,59.6,66.1,61.2,21.5,37.4
2025-10-12,84.1,63.6,Distribution,80.6,64.9,65.3,61.4,21.4,37.4
2025-10-13,85.4,64.6,Cycle Top,81.2,65.9,68.1,59.7,21.4,40.3
2025-10-14,84.7,63.9,Distribution,79.9,64.4,68.2,60.9,21.3,38.8
2025-10-15,81.3,62.5,Distribution,78.1,61.9,67.7,59.6,21.3,39.7
2025-10-16,78.8,61.5,Distribution,77,60.7,66.6,59.7,21.3,37
2025-10-17,76.9,60.8,Distribution,76.2,59.7,65,58.6,21.3,40.1
2025-10-18,77.6,61.1,Distribution,76.6,60.4,65.3,58,21.2,40.1
2025-10-19,79.8,61.9,Distribution,77.4,61.6,67,57.8,21.2,40.1
2025-10-20,79.6,61.8,Distribution,77.2,61.5,67,56.7,21.2,42.6
2025-10-21,78.3,61.3,Distribution,75.9,60,68,57.4,21.2,42.4
2025-10-22,75.9,60.4,Distribution,75,59,66,57.7,21.1,41.2
2025-10-23,77,60.8,Distribution,75.5,59.3,66.5,57.5,21.1,43
2025-10-24,79,61.6,Distribution,76.4,60.5,67.3,57.4,21.1,45
2025-10-25,79.9,62,Distribution,76.6,60.7,68.3,58.1,21.1,45
2025-10-26,84,63.6,Distribution,78.7,63.6,69.1,59.5,21,45
2025-10-27,84.6,63.8,Distribution,78,62.6,71.5,60.6,21,46.2
2025-10-28,81.4,62.5,Distribution,76.2,60,71.2,61.2,21,44.8
2025-10-29,79.3,61.7,Distribution,75.4,58.8,71.6,58.6,21,43.4
2025-10-30,74.9,60,Distribution,73.9,57.1,68.2,56.7,20.9,42.1
2025-10-31,75.2,60.1,Distribution,74.8,58.1,67.3,55.2,20.9,41.3
2025-11-01,75.5,60.2,Distribution,75,58.2,70.9,49.3,20.9,38.4
2025-11-02,75.3,60.1,Distribution,75.4,58.6,71.4,45.7,20.9,38.4
2025-11-03,69.1,57.6,Caution,70.6,53.9,72.7,43.5,20.9,39.3
2025-11-04,59.7,53.1,Caution,65.6,47.4,68.1,41.1,20.8,36
2025-11-05,62,54.6,Caution,67.9,50.4,68.7,39.6,20.8,37.9
2025-11-06,60.3,53.5,Caution,66,47.9,69.8,39.2,20.8,36.1
2025-11-07,62,54.6,Caution,68,50.3,69,39.4,20.7,37.7
2025-11-08,61.2,54.1,Caution,67.3,49.8,68,39.4,20.7,37.7
2025-11-09,65.1,56.1,Caution,70.3,53.2,68.6,39.8,20.7,37.7
2025-11-10,65.7,56.3,Caution,69.9,52.9,70.5,39.5,20.7,39.5
2025-11-11,61.6,54.4,Caution,67.1,49.5,69.7,39.1,20.7,40
2025-11-12,61.4,54.2,Caution,67.1,49.5,69.2,39.1,20.6,39.1
2025-11-13,57.6,51.7,Caution,64.5,44.7,67.6,37.9,20.6,36.9
2025-11-14,55.6,50.4,Caution,63,41.1,67.7,38,20.6,36.4
2025-11-15,56.3,50.9,Caution,63.7,42.7,67.1,38.2,20.5,36.4
2025-11-16,55.3,50.2,Caution,62.8,40.9,67.1,38,20.5,36.4
2025-11-17,54.2,49.5,Caution,62.1,39.2,67.6,37.8,20.5,33.7
2025-11-18,55.5,50.3,Caution,63.2,41.8,67.3,38,20.5,32.2
2025-11-19,54.1,49.4,Caution,62.1,39.1,67.8,37.8,20.4,32.6
2025-11-20,51.2,47.5,Caution,59.9,35,67.4,37.1,20.4,30.9
2025-11-21,50.2,46.8,Caution,58.8,33.1,67.8,37.1,20.3,32.3
2025-11-22,50.5,47,Caution,59.1,33.5,67.5,37.2,20.3,32.3
2025-11-23,50.9,47.3,Caution,59.4,34.2,67.8,37.1,20.3,32.3
2025-11-24,53.7,49.1,Caution,61.3,37.6,68.5,38.2,20.3,35.9
2025-11-25,53.9,49.3,Caution,61.2,37.5,68.7,38.5,20.3,38.5
2025-11-26,54.6,49.7,Caution,61.8,38.7,68.1,38.3,20.3,40.3
2025-11-27,54.6,49.7,Caution,61.6,38.2,69.3,37.8,20.3,40.2
2025-11-28,55.3,50.2,Caution,61.8,38.7,70.2,38.4,20.2,42.2
2025-11-29,54.8,49.9,Caution,61.2,37.4,71,38.4,20.2,42.2
2025-11-30,54.8,49.8,Caution,61.1,37.3,71.1,38.5,20.2,42.2
2025-12-01,50.6,47,Caution,58.6,32.9,67.8,35.3,20.2,42.6
2025-12-02,53.2,48.8,Caution,60.9,37.1,67.6,35.4,20.1,44.1
2025-12-03,56.9,51.3,Caution,63.2,42.1,69,36.8,20.1,46
2025-12-04,55.9,50.6,Caution,62.4,40.4,68.5,36.8,20.1,47.2
2025-12-05,54,49.3,Caution,60.7,36.9,69.1,36.6,20,47.5
2025-12-06,53.9,49.3,Caution,61,37.4,67.8,36.7,20,47.5
2025-12-07,54.1,49.4,Caution,61.4,38.1,67,36.7,19.9,47.5
2025-12-08,54.9,49.9,Caution,62.1,39.8,67,37.1,19.9,45.2
2025-12-09,57.9,52,Caution,64.1,44.7,67.6,38.1,19.9,44.3
2025-12-10,58.4,52.3,Caution,64,44.6,68.7,38.7,19.8,47.3
2025-12-11,57.7,51.8,Caution,63.1,42.4,69.6,38.2,19.8,50.4
2025-12-12,55.3,50.2,Caution,61.4,38.2,69.7,38.4,19.8,49
2025-12-13,55.6,50.4,Caution,61.7,39.2,68,40.6,19.8,49
2025-12-14,54.7,49.8,Caution,61,37.4,67.5,42.4,19.8,49
2025-12-15,52.6,48.4,Caution,59.7,35.3,66.8,39.6,19.8,47.6
2025-12-16,52,48,Caution,59.6,35.2,66.3,36.8,19.7,47.7
2025-12-17,50.5,47,Caution,58.2,32.4,66.9,38,19.7,45.3
2025-12-18,50.4,46.9,Caution,57.9,32.2,67,37.8,19.7,46.8
2025-12-19,52.8,48.6,Caution,59.8,35.8,67,37.7,19.7,50.6
2025-12-20,53.3,48.9,Caution,59.8,35.8,67.5,39.9,19.6,50.6
2025-12-21,53.5,49,Caution,60.1,36.3,67.5,39.1,19.6,50.6
2025-12-22,54.1,49.4,Caution,59.9,36,69,40.4,19.6,52.6
2025-12-23,52.9,48.6,Caution,59,34.4,68.7,39,19.6,53
2025-12-24,52.5,48.3,Caution,58.7,34,68.8,37.9,19.6,54.4
2025-12-25,51.5,47.7,Caution,58.2,32.7,68.5,36.6,19.5,54.4
2025-12-26,51.4,47.6,Caution,58.4,33.3,67.7,35.8,19.5,54
2025-12-27,52.1,48,Caution,58.6,34,68.6,35.8,19.5,54
2025-12-28,52.1,48.1,Caution,58.6,34,68.9,35.6,19.4,54
2025-12-29,51.8,47.9,Caution,58.5,33.8,69,35.5,19.4,52.5
2025-12-30,52.3,48.2,Caution,58.9,34.5,68.7,36,19.4,52.7
2025-12-31,52.2,48.1,Caution,59,34.7,68.2,36,19.4,51.2
2026-01-01,51.8,47.9,Caution,59.4,35.4,65.3,36.2,19.4,51.4
2026-01-02,54.5,49.7,Caution,61.1,38.3,67.2,37.7,19.4,52.6
2026-01-03,54.5,49.6,Caution,61,38.2,67,37.9,19.4,52.6
2026-01-04,54.5,49.7,Caution,61.2,38.9,65.6,38.9,19.3,52.6
2026-01-05,55.8,50.5,Caution,62.1,41,65.4,40.5,19.3,51.7
2026-01-06,57.9,51.9,Caution,62.7,42.4,68.6,42.6,19.3,51.8
2026-01-07,55.3,50.2,Caution,61.2,39,67.9,40.5,19.3,50.2
2026-01-08,52.9,48.6,Caution,60.6,37.4,64.8,36.8,19.3,49.8
2026-01-09,52.4,48.3,Caution,60.3,37.1,64.2,35.9,19.3,50.9
2026-01-10,52.1,48.1,Caution,60.2,36.9,63.3,36.1,19.3,50.9
2026-01-11,52.9,48.6,Caution,60.7,37.8,64,36.2,19.3,50.9
2026-01-12,51.9,47.9,Caution,60.2,36.8,63.1,36.1,19.3,50.2
2026-01-13,55.5,50.3,Caution,63,43.3,62.5,37.7,19.3,48.3
2026-01-14,57.8,51.9,Caution,63.4,44.3,66.4,42.3,19.2,46.9
2026-01-15,58.5,52.4,Caution,62.8,42.9,68.6,47.2,19.2,48.5
2026-01-16,57.5,51.7,Caution,62.6,42.5,65.9,47.3,19.2,48.7
2026-01-17,57.8,51.8,Caution,62.8,42.8,65.8,47.9,19.2,48.7
2026-01-18,57.2,51.4,Caution,62.4,42,65.3,48.2,19.2,48.7
2026-01-19,54.8,49.9,Caution,61.2,39.1,64.1,47.8,19.2,43.7
2026-01-20,47.4,44.9,Neutral,57.5,32.3,54.9,45,19.2,43.7
2026-01-21,46.5,44.4,Neutral,57.9,33,52.3,39.7,19.2,47.9
2026-01-22,45.4,43.6,Neutral,57.1,31.4,51,39.9,19.1,50.6
2026-01-23,45.2,43.5,Neutral,56.6,30.8,52,39.8,19.1,50
2026-01-24,45.2,43.5,Neutral,56.6,30.7,52.1,39.8,19.1,50
2026-01-25,43.3,42.2,Neutral,54.8,27.7,52.2,39.8,19.1,50
2026-01-26,44.5,43,Neutral,56.1,29.9,50,42.4,19.1,50.6
2026-01-27,46.5,44.3,Neutral,57,31.6,53.4,41.8,19.1,51.2
2026-01-28,45.8,43.8,Neutral,56.4,30.6,53.1,42.2,19.1,51.1
2026-01-29,42.1,41.4,Neutral,54,26.3,51.6,38.8,19.1,50.1
2026-01-30,39.8,39.8,Neutral,52.7,24.7,49,36.7,19.1,48.9
2026-01-31,37.7,37.7,Neutral,49.4,20.4,48.9,36.1,19.1,48.9
2026-02-01,38.2,38.2,Neutral,47.3,18.5,55,38.9,19,51.2
2026-02-02,38.6,38.6,Neutral,48.1,19.3,54.4,38.9,19,52.8
2026-02-03,37.9,37.9,Neutral,46.7,17.9,55.1,39.2,19,50.1
2026-02-04,37.1,37.1,Neutral,45.9,17.1,54.9,37.6,19,49.2
2026-02-05,34.3,34.3,Neutral,41.6,12,54.6,37.4,19,45.5
2026-02-06,36.3,36.3,Neutral,45,15.9,53.3,37.5,19,50.4
2026-02-07,36.7,36.7,Neutral,45.2,16.2,54.4,38,19,50.4
2026-02-08,36.6,36.6,Neutral,45.1,16.1,53.7,38.4,19,50.4
2026-02-09,36.8,36.8,Neutral,45,16.1,54.3,38.8,19,51.6
2026-02-10,35.7,35.7,Neutral,44,14.6,52.9,38.8,18.9,50.8
2026-02-11,34.7,34.7,Neutral,42.1,13.2,52.8,37.8,18.9,50.6
2026-02-12,34.7,34.7,Neutral,42.4,13.5,53.3,37.3,18.9,46.1
2026-02-13,35.7,35.7,Neutral,44.3,15.3,53.2,37.2,18.9,46.8
2026-02-14,36,36,Neutral,44.8,16,53.3,37,18.9,46.8
2026-02-15,34.7,34.7,Neutral,42.7,13.8,52.9,36.6,18.9,46.8
2026-02-16,35.1,35.1,Neutral,43.5,14.4,53.1,36.7,18.9,46.1
2026-02-17,35.1,35.1,Neutral,43.2,14.3,53.2,37.2,18.9,46.6
2026-02-18,34.7,34.7,Neutral,42.5,13.9,52.8,37,18.9,47.1
2026-02-19,34.5,34.5,Neutral,42.3,13.7,52.2,36.9,18.9,46.1
2026-02-20,34.7,34.7,Neutral,42.5,14,52.3,37.3,18.9,47.5
2026-02-21,35,35,Neutral,42.7,14.1,53.2,37.4,18.8,47.5
2026-02-22,34.6,34.6,Neutral,42.2,13.7,52.6,37.3,18.8,47.5
2026-02-23,33.7,33.7,Neutral,40.9,12,52.5,37.2,18.8,45.4
2026-02-24,33.7,33.7,Neutral,40.9,12,52.2,37.4,18.8,47
2026-02-25,35.7,35.7,Neutral,43.7,15.2,53,37.9,18.8,49.2
2026-02-26,35.5,35.5,Neutral,43.6,15.1,52.7,38.5,18.8,48.2
2026-02-27,34.2,34.2,Neutral,41.5,13.3,52.2,37.6,18.8,46.6
2026-02-28,34.5,34.5,Neutral,42.1,13.9,51.4,38.5,18.8,46.6
2026-03-01,34.2,34.2,Neutral,41.9,13.8,47.9,44.5,18.7,46.6
2026-03-02,34.7,34.7,Neutral,43.4,15.2,46.7,45.2,18.7,43.8
2026-03-03,34.4,34.4,Neutral,42.9,14.7,47.5,44.8,18.7,40.1
2026-03-04,35.9,35.9,Neutral,44.8,17.3,47.3,46.5,18.7,43
2026-03-05,35.7,35.7,Neutral,44.3,16.5,49.1,45.4,18.7,40.1
2026-03-06,34.4,34.4,Neutral,42.9,14.7,48.1,45,18.7,38.4
2026-03-07,34.3,34.3,Neutral,42.6,14.5,47.4,45.6,18.7,38.4
2026-03-08,33.9,33.9,Neutral,42.1,14.2,47,45.9,18.7,38.4
2026-03-09,34.3,34.3,Neutral,43,14.9,46.9,45.1,18.7,39.3
2026-03-10,34.9,34.9,Neutral,43.3,15.4,48.3,45.2,18.7,41.1
2026-03-11,35.1,35.1,Neutral,43.5,15.7,48.3,45.6,18.6,40.7
2026-03-12,35.4,35.4,Neutral,44,16.4,48.3,47.4,18.6,36.3
2026-03-13,35.7,35.7,Neutral,44.5,17.3,48.4,49.2,16.5,36.2
2026-03-14,35.9,35.9,Neutral,44.5,17.5,48.3,50.6,16.5,36.2
2026-03-15,36.5,36.5,Neutral,45.3,18.7,48.7,50.5,16.5,36.2
2026-03-16,38.2,38.2,Neutral,46.7,20.8,50.7,51.9,16.5,39
2026-03-17,38.2,38.2,Neutral,46.2,20.2,51.6,53,16.5,39.5
2026-03-18,37.3,37.3,Neutral,45.4,19.2,50.9,52.3,16.5,36.9
2026-03-19,36.2,36.2,Neutral,44.5,17.7,49.9,49.8,16.5,36.3
2026-03-20,35.9,35.9,Neutral,44.7,18.3,47.5,49.6,16.5,35.6
2026-03-21,35.7,35.7,Neutral,44,17.1,48.4,51.2,16.5,35.6
2026-03-22,35.2,35.2,Neutral,43.6,16.3,47.7,51.1,16.5,35.6
2026-03-23,36.2,36.2,Neutral,44.7,18.5,47.9,50.9,16.5,36.6
2026-03-24,36.2,36.2,Neutral,44.8,18.8,48.3,50.3,16.4,35.5
2026-03-25,36.6,36.6,Neutral,45.1,19.3,48.6,50.9,16.4,36.3
2026-03-26,35.4,35.4,Neutral,44,17.4,48,48.7,16.4,34.2
2026-03-27,34.5,34.5,Neutral,43.2,16,47.8,46.2,16.4,34.6
2026-03-28,34.5,34.5,Neutral,43.1,16.1,48,46.1,16.4,34.6
2026-03-29,34.5,34.5,Neutral,43.1,16,47.8,46.5,16.4,34.6
2026-03-30,34.9,34.9,Neutral,43.6,17,48.2,46.9,16.4,32.7
2026-03-31,35.7,35.7,Neutral,44.3,18.5,48.4,47.4,16.4,34.8
2026-04-01,35.3,35.3,Neutral,44.7,19.3,46.6,42.8,16.4,37.8
2026-04-02,34.2,34.2,Neutral,43.7,17.4,45.6,41.3,16.4,37.3
2026-04-03,34.5,34.5,Neutral,43.7,17.5,47.7,39.7,16.3,36.6
2026-04-04,34.7,34.7,Neutral,43.8,17.9,48,40.1,16.3,36.6
2026-04-05,35.4,35.4,Neutral,44.3,19,48.9,41.3,16.3,36.6
2026-04-06,35.7,35.7,Neutral,44.1,18.6,50.2,43.1,16.3,36.7
2026-04-07,36,36,Neutral,45.1,20.5,48.1,42.6,16.3,36.6
2026-04-08,36.1,36.1,Neutral,44.6,19.9,48.9,42.4,16.3,41.9
2026-04-09,36.2,36.2,Neutral,44.5,19.7,48.6,43.7,16.3,44
2026-04-10,36.8,36.8,Neutral,45.1,20.8,48.9,44.6,16.3,44.1
2026-04-11,36.9,36.9,Neutral,45.5,21.5,48.8,43.4,16.3,44.1
2026-04-12,36.4,36.4,Neutral,44.6,20.2,49,42.9,16.3,44.1
2026-04-13,37.7,37.7,Neutral,46.1,22.7,49.7,43.7,16.3,44.7
2026-04-14,37.8,37.8,Neutral,45.5,21.8,51.6,44.2,16.3,45.7
2026-04-15,37.8,37.8,Neutral,45.7,22.3,50.5,45,16.2,46.9
2026-04-16,37.7,37.7,Neutral,45.7,22.2,50.5,43.5,16.2,47.5
2026-04-17,38.2,38.2,Neutral,46.4,23.3,49.2,46.2,16.2,48.7
2026-04-18,38.4,38.4,Neutral,45.6,22.3,51.8,47.7,16.2,48.7
2026-04-19,37.9,37.9,Neutral,44.9,20.9,51.8,48,16.2,48.7
2026-04-20,38.4,38.4,Neutral,45.1,21.6,53.1,48.7,16.2,46.4
2026-04-21,38.5,38.5,Neutral,45.3,22.1,53.2,48.9,16.2,44.6
2026-04-22,38.9,38.9,Neutral,45.8,23,53.1,49.4,16.2,44.9
2026-04-23,39.1,39.1,Neutral,45.4,22.4,55.6,49,16.2,44.3
2026-04-24,38.7,38.7,Neutral,45.1,22,54.2,49.2,16.2,45.9
2026-04-25,38.6,38.6,Neutral,45.1,22.2,53,49.7,16.2,45.9
2026-04-26,39.2,39.2,Neutral,45.7,23.4,53.4,50,16.2,45.9
2026-04-27,39,39,Neutral,44.8,21.7,55.8,49.5,16.1,48.2
2026-04-28,38.3,38.3,Neutral,44.6,21.3,53.5,49.3,16.1,46.7
2026-04-29,37.6,37.6,Neutral,44.4,21.1,51.9,48.4,16.1,44.2
2026-04-30,37.8,37.8,Neutral,44.2,20.7,52.8,48,16.1,48.2
2026-05-01,37.7,37.7,Neutral,44.6,21.5,48.2,52,16.1,49.9
2026-05-02,38.5,38.5,Neutral,44.7,22.2,50.8,52.6,16.1,49.9
2026-05-03,38.8,38.8,Neutral,44.7,22.2,52.4,52.6,16.1,49.9
2026-05-04,38.8,38.8,Neutral,45.1,23.1,51.1,53,16.1,47.2
2026-05-05,39.7,39.7,Neutral,45.1,23.2,54.9,53.6,16.1,48.7
2026-05-06,39.4,39.4,Neutral,44.9,22.8,54.4,52.8,16.1,49
2026-05-07,38.6,38.6,Neutral,44.3,21.7,52.5,52.5,16,49.7
2026-05-08,38.7,38.7,Neutral,44.3,21.8,53.2,52.6,16,49.3
2026-05-09,38.4,38.4,Neutral,44.5,22.3,51.1,51.8,16,49.3
2026-05-10,39.2,39.2,Neutral,44.9,23.4,53.2,51.5,16,49.3
2026-05-11,39.1,39.1,Neutral,44.5,22.7,55,51.1,16,47.2
2026-05-12,38.3,38.3,Neutral,43.9,21.2,54.7,49.8,16,47.1
2026-05-13,38,38,Neutral,43.5,20.5,54.6,49.4,16,47.7
2026-05-14,37.6,37.6,Neutral,44,21.6,50.6,48.5,16,48.2
2026-05-15,37.3,37.3,Neutral,43.5,20.7,52.4,46.7,16,46.4
2026-05-16,36.4,36.4,Neutral,43,19.8,50.1,46.3,16,46.4
2026-05-17,35.8,35.8,Neutral,42.3,18.7,50.3,44.6,16,46.4
2026-05-18,35.4,35.4,Neutral,42.1,18.3,49.5,42.8,16,49
2026-05-19,35.6,35.6,Neutral,42.1,18.4,50.6,42.1,15.9,47.8
2026-05-20,36.1,36.1,Neutral,42.2,18.5,53.4,41.2,15.9,49
2026-05-21,35.7,35.7,Neutral,42.2,18.7,51.9,39.9,15.9,48.5
2026-05-22,34.9,34.9,Neutral,41.3,17.1,52,38.9,15.9,47.8
2026-05-23,35.1,35.1,Neutral,42,18.6,49.6,39.6,15.9,47.8
2026-05-24,35.2,35.2,Neutral,41.6,17.9,51.6,39.4,15.9,47.8
2026-05-25,35.4,35.4,Neutral,41.7,18.1,52.5,39.4,15.9,47.9
2026-05-26,35,35,Neutral,41.1,17,52.6,38.8,15.9,48.5
2026-05-27,34.3,34.3,Neutral,40.5,16.2,51.1,38.1,15.9,49.7
2026-05-28,33.3,33.3,Neutral,39.9,15.6,47.8,37.4,15.9,50.8
2026-05-29,33.3,33.3,Neutral,39.7,15.5,48.1,37.8,15.9,51.8
2026-05-30,33.7,33.7,Neutral,40.1,15.9,48.6,38,15.9,51.8
2026-05-31,34.1,34.1,Neutral,39.6,15.5,52.1,37.4,15.9,51.8
2026-06-01,34.4,34.4,Neutral,39.7,15.7,52.1,41,15.8,49.2
2026-06-02,32.6,32.6,Neutral,37.3,12.9,50.3,40.5,15.8,50
2026-06-03,32.3,32.3,Neutral,36.8,12.3,50.6,40.4,15.8,48.6
2026-06-04,32.3,32.3,Neutral,36.1,11.5,52.4,40.1,15.8,50
2026-06-05,29.7,29.7,Accumulation,33.7,7.8,50.9,39.4,15.8,39.4
2026-06-06,28.7,28.7,Accumulation,33.5,7.6,46.3,39.6,15.8,39.4
2026-06-07,29.9,29.9,Accumulation,35.1,10.3,46.5,39.9,15.8,39.4
2026-06-08,29.9,29.9,Accumulation,35,10.2,45.5,40.2,15.8,42.6
2026-06-09,29,29,Accumulation,34.4,9.2,43.3,40,15.8,41.6
2026-06-10,29.5,29.5,Accumulation,34.1,8.9,47.6,39.9,15.8,39.3
2026-06-11,29.8,29.8,Accumulation,34.7,9.9,46.2,40.2,15.8,41.7
2026-06-12,30.2,30.2,Neutral,34.6,9.8,47.7,40.3,15.8,45.2
2026-06-13,30.9,30.9,Neutral,34.8,10.1,50.4,40.2,15.8,45.2
2026-06-14,30.9,30.9,Neutral,35.2,11.1,48.3,40.7,15.7,45.2
2026-06-15,31.7,31.7,Neutral,36.4,12.9,47.1,41.3,15.7,48.5
2026-06-16,31.9,31.9,Neutral,36.4,13,48.2,41.5,15.7,47.9
2026-06-17,31.5,31.5,Neutral,35.9,12.3,49.1,41.5,15.7,43.1
2026-06-18,31.2,31.2,Neutral,35.1,11.3,49.5,42,15.7,44.1
2026-06-19,31.1,31.1,Neutral,35.2,11.4,48.4,42.2,15.7,43.3
2026-06-20,31.2,31.2,Neutral,35.6,12.2,47.4,42.5,15.7,43.3
2026-06-21,31.1,31.1,Neutral,35,11.4,49,42.5,15.7,43.3
2026-06-22,31.1,31.1,Neutral,35.4,12.1,47.8,42,15.7,42
2026-06-23,30,30,Neutral,34.7,10.9,46.1,41,15.7,39
2026-06-24,29.7,29.7,Accumulation,34.1,9.8,47.2,40.8,15.7,38.9
2026-06-25,28.8,28.8,Accumulation,33.2,8.4,45.9,40.3,15.7,39.4
2026-06-26,29.9,29.9,Accumulation,33.4,8.8,50.3,40.8,15.7,40.6
2026-06-27,29.9,29.9,Accumulation,33.3,8.8,49.6,41.9,15.6,40.6
2026-06-28,29.4,29.4,Accumulation,33.2,8.6,47.3,42.1,15.6,40.6
2026-06-29,29.8,29.8,Accumulation,33.9,9.9,47.1,41.9,15.6,40.9
2026-06-30,29.5,29.5,Accumulation,33.1,8.6,47.4,41.4,15.6,43.5
2026-07-01,29,29,Accumulation,33.8,10,41.5,43.3,15.6,43.3
2026-07-02,30.3,30.3,Neutral,35,12.4,41.7,45.1,15.6,45.8
2026-07-03,32.2,32.2,Neutral,36,14,47.3,45.7,15.6,46.6
2026-07-04,32,32,Neutral,36.3,14.5,45.2,45.7,15.6,46.6
2026-07-05,30.8,30.8,Neutral,36.4,14.7,38.7,45.6,15.6,46.6
2026-07-06,31.3,31.3,Neutral,36.5,14.9,40.4,45.9,15.6,46.8
2026-07-07,31.7,31.7,Neutral,36.1,14.4,43.9,46,15.6,45.7
2026-07-08,30.4,30.4,Neutral,35.6,13.7,40,46,15.6,43.2
2026-07-09,30.7,30.7,Neutral,35.5,13.7,40.7,45.7,15.6,46.7
2026-07-10,31.5,31.5,Neutral,36.3,15.1,41.3,46.2,15.5,48.4
2026-07-11,31.6,31.6,Neutral,36.2,15,41.9,46.4,15.5,48.4
2026-07-12,31.9,31.9,Neutral,36.5,15.6,41.9,46.6,15.5,48.4
2026-07-13,31,31,Neutral,36.1,14.9,40.3,46.4,15.5,43.8
2026-07-14,32.5,32.5,Neutral,37.4,17.3,41.5,47.6,15.5,45.9
2026-07-15,33.2,33.2,Neutral,37.7,17.9,42.9,48.5,15.5,48.4
2026-07-16,32.3,32.3,Neutral,36.9,16.7,42.1,47.6,15.5,45.9
2026-07-17,32.3,32.3,Neutral,36.8,16.3,43.4,48.4,15.5,41.8
2026-07-18,31.7,31.7,Neutral,36.9,16.9,39.5,48.5,15.5,41.8
2026-07-19,32.5,32.5,Neutral,37.1,17.2,42.9,48.6,15.5,41.8
2026-07-20,33.1,33.1,Neutral,37.4,18,44,49.2,15.5,42.1
2026-07-21,33.1,33.1,Neutral,37.8,18.7,41.8,49.5,15.5,44.3
2026-07-22,33.4,33.4,Neutral,37.8,18.9,41.9,51.9,15.5,45
2026-07-23,32.8,32.8,Neutral,37,17.7,41.6,53.1,15.4,40.7
2026-07-24,32.3,32.3,Neutral,36.7,17.2,40.8,52.3,15.4,41.5
2026-07-25,31.9,31.9,Neutral,36.9,17.7,37.6,53,15.4,41.5
2026-07-26,33.4,33.4,Neutral,38.3,19.7,40,53.5,15.4,41.5
2026-07-27,32.9,32.9,Neutral,37,18.2,41.4,53.8,15.4,41
2026-07-28,33.3,33.3,Neutral,37.5,19,40.9,54.2,15.4,42.2
2026-07-29,33.1,33.1,Neutral,37.4,19,41,53.9,15.4,39.7
2026-07-30,33.1,33.1,Neutral,37.2,18.7,39.8,54.2,15.4,47
2026-07-31,32.3,32.3,Neutral,36.4,17.2,38.2,54.3,15.4,49.7
2026-08-01,30.7,30.7,Neutral,36.2,16.9,35.4,44.5,15.4,50.3
2026-08-02,31.2,31.2,Neutral,36.5,17.8,36.4,44.6,15.4,50.3
2026-08-03,31.3,31.3,Neutral,36.4,17.6,37.5,44.2,15.4,50.2
2026-08-04,31.1,31.1,Neutral,36.3,17.6,36.9,44.9,15.4,48.6
2026-08-05,31.9,31.9,Neutral,36.8,18.8,37.5,45.4,15.3,50.9
2026-08-06,31.9,31.9,Neutral,36.7,18.9,37.2,45.9,15.3,51.7
2026-08-07,32.2,32.2,Neutral,36.8,19.1,38,45.8,15.3,53.6
2026-08-08,32.4,32.4,Neutral,36.8,19.2,38.6,46.1,15.3,53.6
2026-08-09,32.3,32.3,Neutral,36.6,18.9,39.2,45.8,15.3,53.6
2026-08-10,31.8,31.8,Neutral,36.1,18,39,45.7,15.3,52.5
2026-08-11,31.9,31.9,Neutral,36.2,18.2,38.5,45.8,15.3,53
2026-08-12,31.8,31.8,Neutral,36.1,18.1,37.8,46.1,15.3,54.6
2026-08-13,32,32,Neutral,36.2,18.4,38.4,45.7,15.3,54.4
2026-08-14,31.9,31.9,Neutral,36,18.1,38.5,45.4,15.3,56.1
2026-08-15,32.2,32.2,Neutral,36,18.3,39.5,45.6,15.3,56.1
2026-08-16,32.1,32.1,Neutral,35.9,18.1,39.5,45.3,15.3,56.1
2026-08-17,32.3,32.3,Neutral,36.3,19.2,38.9,45.8,15.3,55.2
2026-08-18,32.9,32.9,Neutral,36.5,19.6,40.7,46.6,15.3,53.4
2026-08-19,37,37,Neutral,41.6,27.7,41.6,50.3,15.2,54.4
2026-08-20,38.4,38.4,Neutral,42.4,29.6,44.8,51.8,15.2,53.1
2026-08-21,41.3,40.8,Neutral,44.3,34.1,47.3,52.7,15.2,55
2026-08-22,39.9,39.9,Neutral,43,31.9,47.6,52.2,15.2,55
2026-08-23,40.2,40.1,Neutral,43.5,33,46.6,52.5,15.2,55
2026-08-24,40.8,40.5,Neutral,43.8,33.4,48,52.8,15.2,52.5
2026-08-25,40.5,40.3,Neutral,43.3,32.5,48.3,53.9,15.2,53.5
2026-08-26,41,40.7,Neutral,43.9,33.8,46.5,55.3,15.2,53.6
2026-08-27,41.5,41,Neutral,43.9,33.8,47.6,55.9,15.2,55.2
2026-08-28,40.8,40.5,Neutral,43.2,32.4,48,56.5,15.2,53.9
2026-08-29,40.8,40.5,Neutral,43.4,32.7,47.4,56.4,15.2,53.9
2026-08-30,40.1,40.1,Neutral,42.9,31.6,47.5,56.1,15.2,53.9
2026-08-31,40.5,40.3,Neutral,43.4,32.8,46.4,56.6,15.2,53.1
2026-09-01,40.6,40.4,Neutral,42.9,31.7,44.1,67.7,15.2,50.1
2026-09-02,39.9,39.9,Neutral,42.5,30.5,43.1,67.3,15.1,52.6
2026-09-03,41.9,41.3,Neutral,43.8,33.6,43.4,67.9,15.1,55.1
2026-09-04,41.5,41,Neutral,43.1,32.2,45.1,67.8,15.1,54.5
2026-09-05,41.7,41.1,Neutral,43.5,32.9,44.3,67.7,15.1,54.5
2026-09-06,42.1,41.4,Neutral,43.8,33.6,44.4,67.7,15.1,54.5
2026-09-07,41.4,40.9,Neutral,43.4,32.7,43.8,67.9,15.1,53
2026-09-08,41.1,40.7,Neutral,43.3,32.5,43.4,67.9,15.1,52.4
2026-09-09,40.6,40.4,Neutral,43.1,32,43,68,15.1,50.6
2026-09-10,40.2,40.1,Neutral,42.9,31.8,43.1,68,15.1,47.7
2026-09-11,41.4,40.9,Neutral,43.9,33.8,41.6,69.2,15.1,50.9
2026-09-12,41.8,41.2,Neutral,44.1,34.1,42.4,69.2,15.1,50.9
2026-09-13,40.9,40.6,Neutral,43.4,32.7,42,69,15.1,50.9
2026-09-14,41.3,40.9,Neutral,44.1,34.2,41.5,69.3,15.1,47.4
2026-09-15,39.7,39.7,Neutral,42.6,30.7,42.8,68.6,15.1,47.1
2026-09-16,39.2,39.2,Neutral,42.9,31.6,39.8,67.5,15,44.9
2026-09-17,39.6,39.6,Neutral,43.2,32.2,39.4,67.3,15,48.7
2026-09-18,42.3,41.6,Neutral,45.3,36.3,40.8,67.8,15,49
2026-09-19,43.3,42.2,Neutral,45.5,36.7,43.5,67.2,15,49
2026-09-20,43.3,42.2,Neutral,45.7,36.9,43.4,66.6,15,49
2026-09-21,45,43.3,Neutral,47.5,38.9,43.2,67.8,15,48
2026-09-22,45.5,43.6,Neutral,47.1,38.6,45.2,68.2,15,50
2026-09-23,44.2,42.8,Neutral,46.6,37.9,43.4,68.3,15,47.5
2026-09-24,44.2,42.8,Neutral,46.7,38.1,42.9,68.2,15,46.7
2026-09-25,44.3,42.8,Neutral,46.7,38,42.7,68,15,49.5
2026-09-26,44.4,42.9,Neutral,46.7,38.1,43.6,67,15,49.5
2026-09-27,46.3,44.2,Neutral,46.6,37.9,50.5,66.7,15,49.5
2026-09-28,42.8,41.9,Neutral,46.6,37.9,39.6,67.1,15,45.5
2026-09-29,42.9,41.9,Neutral,46.5,37.7,40.5,66.8,15,45.6
2026-09-30,44.6,43.1,Neutral,46.9,38.3,45,66.5,14.9,45.3
2026-10-01,42.5,41.7,Neutral,47.4,38.8,37.6,65,14.9,44.6
2026-10-02,45.6,43.7,Neutral,46.5,37.8,50,64.8,14.9,47.3
2026-10-03,43.4,42.3,Neutral,46.9,38.3,41.8,64.1,14.9,47.3
2026-10-04,45,43.3,Neutral,47.6,39,45.2,63.8,14.9,47.3
2026-10-05,43.2,42.1,Neutral,47.2,38.6,40.4,63.6,14.9,47.2
2026-10-06,45.7,43.8,Neutral,46.8,38.1,50.2,63.5,14.9,47.5
2026-10-07,43.4,42.3,Neutral,46.8,38.1,42.3,63.5,14.9,47.5
